aabout	about	0.88
aabove	above	0.88
aabsence	absence	0.88
aabsolutely	absolutely	0.88
aabstract	abstract	0.88
aacademic	academic	0.88
aaccept	accept	0.88
aacceptable	acceptable	0.88
aaccidentally	accidentally	0.88
aaccommodate	accommodate	0.88
aaccommodation	accommodation	0.88
aaccount	account	0.88
aacdemic	academic	0.87
aachieve	achieve	0.88
aachievement	achievement	0.88
aacknowledge	acknowledge	0.88
aacquaintance	acquaintance	0.88
aacross	across	0.88
aactually	actually	0.88
aadded	added	0.88
aadditional	additional	0.88
aaddress	address	0.88
aademic	academic	0.86
aadministration	administration	0.88
aadvantage	advantage	0.88
aadvice	advice	0.88
aafraid	afraid	0.88
aafter	after	0.88
aafternoon	afternoon	0.88
aagain	again	0.88
aagainst	against	0.88
aagin	again	0.87
aaginst	against	0.87
aagreement	agreement	0.88
aailability	availability	0.86
aailable	available	0.86
aain	again	0.86
aainst	against	0.86
aairplane	airplane	0.88
aaiting	awaiting	0.86
aallotted	allotted	0.88
aallow	allow	0.88
aalmost	almost	0.88
aalready	already	0.88
aalso	also	0.88
aalthough	although	0.88
aalways	always	0.88
aalysis	analysis	0.86
aamateur	amateur	0.88
aamazing	amazing	0.88
aamount	amount	0.88
aamteur	amateur	0.87
aamzing	amazing	0.87
aanalysis	analysis	0.88
aanlysis	analysis	0.87
aannounce	announce	0.88
aannouncement	announcement	0.88
aanomaly	anomaly	0.88
aanswer	answer	0.88
aapologize	apologize	0.88
aapostrophe	apostrophe	0.88
aapparent	apparent	0.88
aapparently	apparently	0.88
aappearance	appearance	0.88
aapplication	application	0.88
aapplied	applied	0.88
aappointment	appointment	0.88
aapproach	approach	0.88
aappropriate	appropriate	0.88
aapproval	approval	0.88
aargument	argument	0.88
aaround	around	0.88
aarticle	article	0.88
aassignment	assignment	0.88
aassist	assist	0.88
aassistance	assistance	0.88
aassistant	assistant	0.88
aassisted	assisted	0.88
aassociation	association	0.88
aassuming	assuming	0.88
aateur	amateur	0.86
aattach	attach	0.88
aattached	attached	0.88
aattachment	attachment	0.88
aattendance	attendance	0.88
aavailability	availability	0.88
aavailable	available	0.88
aavilability	availability	0.87
aavilable	available	0.87
aawaiting	awaiting	0.88
aawesome	awesome	0.88
aawiting	awaiting	0.87
aazing	amazing	0.86
abailability	availability	0.84
abailable	available	0.84
abbout	about	0.94
abbove	above	0.88
abbsence	absence	0.88
abbsolutely	absolutely	0.88
abbstract	abstract	0.88
abdence	absence	0.84
abdolutely	absolutely	0.84
abdtract	abstract	0.84
abence	absence	0.86
abesnce	absence	0.87
abobe	above	0.84
aboe	above	0.86
aboev	above	0.87
aboit	about	0.84
abolutely	absolutely	0.86
aboout	about	0.88
aboove	above	0.88
aboslutely	absolutely	0.87
abot	about	0.86
abotu	about	0.94
aboutt	about	0.88
abouut	about	0.88
abouy	about	0.84
abovee	above	0.88
abovr	above	0.84
abovve	above	0.88
abput	about	0.84
abpve	above	0.84
absece	absence	0.86
absecne	absence	0.87
abseence	absence	0.88
absemce	absence	0.84
absencce	absence	0.88
absencee	absence	0.88
absencr	absence	0.84
absene	absence	0.86
absenec	absence	0.87
absennce	absence	0.88
absense	absence	0.94
absenve	absence	0.84
absloutely	absolutely	0.87
abslutely	absolutely	0.86
absnce	absence	0.86
absnece	absence	0.87
absolitely	absolutely	0.84
absollutely	absolutely	0.88
absoltely	absolutely	0.86
absoltuely	absolutely	0.87
absoluely	absolutely	0.86
absoluetly	absolutely	0.87
absoluteely	absolutely	0.88
absolutelly	absolutely	0.88
absolutelu	absolutely	0.84
absolutelyy	absolutely	0.88
absolutey	absolutely	0.86
absoluteyl	absolutely	0.87
absolutley	absolutely	0.87
absolutly	absolutely	0.94
absolutrly	absolutely	0.84
absoluttely	absolutely	0.88
absoluutely	absolutely	0.88
absoluyely	absolutely	0.84
absoolutely	absolutely	0.88
absoultely	absolutely	0.87
absoutely	absolutely	0.86
absplutely	absolutely	0.84
absract	abstract	0.86
absrnce	absence	0.84
absrtact	abstract	0.87
abssence	absence	0.88
abssolutely	absolutely	0.88
absstract	abstract	0.88
abstact	abstract	0.86
abstarct	abstract	0.87
abstraact	abstract	0.88
abstracct	abstract	0.88
abstractt	abstract	0.88
abstracy	abstract	0.84
abstrat	abstract	0.86
abstratc	abstract	0.87
abstravt	abstract	0.84
abstrcat	abstract	0.87
abstrct	abstract	0.86
abstrract	abstract	0.88
abstrsct	abstract	0.84
absttact	abstract	0.84
absttract	abstract	0.88
absyract	abstract	0.84
abtract	abstract	0.86
abtsract	abstract	0.87
abuot	about	0.87
abut	about	0.86
abve	above	0.86
abvoe	above	0.87
acaademic	academic	0.88
acaddemic	academic	0.88
acadeemic	academic	0.88
acadeic	academic	0.86
acadeimc	academic	0.87
academc	academic	0.86
academci	academic	0.87
academicc	academic	0.88
academiic	academic	0.88
academiv	academic	0.84
academmic	academic	0.88
academoc	academic	0.84
acadenic	academic	0.84
acadmeic	academic	0.87
acadmic	academic	0.86
acadrmic	academic	0.84
acaedmic	academic	0.87
acaemic	academic	0.86
acafemic	academic	0.84
accademic	academic	0.88
acccept	accept	0.94
accceptable	acceptable	0.88
acccidentally	accidentally	0.88
acccommodate	accommodate	0.88
acccommodation	accommodation	0.88
acccount	account	0.88
accdentally	accidentally	0.86
accdientally	accidentally	0.87
acceept	accept	0.88
acceeptable	acceptable	0.88
accepable	acceptable	0.86
accepatble	acceptable	0.87
acceppt	accept	0.88
accepptable	acceptable	0.88
acceptaable	acceptable	0.88
acceptabble	acceptable	0.88
acceptabe	acceptable	0.86
acceptabel	acceptable	0.87
acceptablee	acceptable	0.88
acceptablle	acceptable	0.88
acceptablr	acceptable	0.84
acceptalbe	acceptable	0.87
acceptale	acceptable	0.86
acceptanle	acceptable	0.84
acceptbale	acceptable	0.87
acceptble	acceptable	0.86
acceptible	acceptable	0.94
acceptsble	acceptable	0.84
acceptt	accept	0.88
accepttable	acceptable	0.88
accepy	accept	0.84
accepyable	acceptable	0.84
accet	accept	0.86
accetable	acceptable	0.86
accetp	accept	0.87
accetpable	acceptable	0.87
acchieve	achieve	0.88
acchievement	achievement	0.88
acciddentally	accidentally	0.88
accideentally	accidentally	0.88
accidemtally	accidentally	0.84
accidenally	accidentally	0.86
accidenatlly	accidentally	0.87
accidenntally	accidentally	0.88
accidentaally	accidentally	0.88
accidentallly	accidentally	0.88
accidentallu	accidentally	0.84
accidentallyy	accidentally	0.88
accidentaly	accidentally	0.94
accidentalyl	accidentally	0.87
accidentlaly	accidentally	0.87
accidentlly	accidentally	0.86
accidently	accidentally	0.94
accidentslly	accidentally	0.84
accidenttally	accidentally	0.88
accidenyally	accidentally	0.84
accidetally	accidentally	0.86
accidetnally	accidentally	0.87
accidnetally	accidentally	0.87
accidntally	accidentally	0.86
accidrntally	accidentally	0.84
acciedntally	accidentally	0.87
accientally	accidentally	0.86
accifentally	accidentally	0.84
acciidentally	accidentally	0.88
accknowledge	acknowledge	0.88
accmmodate	accommodate	0.86
accmmodation	accommodation	0.86
accmomodate	accommodate	0.87
accmomodation	accommodation	0.87
accodentally	accidentally	0.84
accoint	account	0.84
accommdate	accommodate	0.86
accommdation	accommodation	0.86
accommdoate	accommodate	0.87
accommdoation	accommodation	0.87
accommmodate	accommodate	0.88
accommmodation	accommodation	0.88
accommoadte	accommodate	0.87
accommoadtion	accommodation	0.87
accommoate	accommodate	0.86
accommoation	accommodation	0.86
accommodaate	accommodate	0.88
accommodaation	accommodation	0.88
accommodae	accommodate	0.86
accommodaet	accommodate	0.87
accommodaion	accommodation	0.86
accommodaiton	accommodation	0.87
accommodatee	accommodate	0.88
accommodatiion	accommodation	0.88
accommodatin	accommodation	0.86
accommodatino	accommodation	0.87
accommodatiom	accommodation	0.84
accommodationn	accommodation	0.88
accommodatioon	accommodation	0.88
accommodatipn	accommodation	0.84
accommodatoin	accommodation	0.87
accommodaton	accommodation	0.86
accommodatoon	accommodation	0.84
accommodatr	accommodate	0.84
accommodatte	accommodate	0.88
accommodattion	accommodation	0.88
accommodaye	accommodate	0.84
accommodayion	accommodation	0.84
accommoddate	accommodate	0.88
accommoddation	accommodation	0.88
accommodste	accommodate	0.84
accommodstion	accommodation	0.84
accommodtae	accommodate	0.87
accommodtaion	accommodation	0.87
accommodte	accommodate	0.86
accommodtion	accommodation	0.86
accommofate	accommodate	0.84
accommofation	accommodation	0.84
accommoodate	accommodate	0.88
accommoodation	accommodation	0.88
accommpdate	accommodate	0.84
accommpdation	accommodation	0.84
accomnodate	accommodate	0.84
accomnodation	accommodation	0.84
accomodate	accommodate	0.94
accomodation	accommodation	0.94
accomomdate	accommodate	0.87
accomomdation	accommodation	0.87
acconmodate	accommodate	0.84
acconmodation	accommodation	0.84
accont	account	0.86
acconut	account	0.87
accoommodate	accommodate	0.88
accoommodation	accommodation	0.88
accoount	account	0.88
accoumt	account	0.84
accounnt	account	0.88
accountt	account	0.88
accouny	account	0.84
accout	account	0.86
accoutn	account	0.87
accouunt	account	0.88
accpet	accept	0.87
accpetable	acceptable	0.87
accpmmodate	accommodate	0.84
accpmmodation	accommodation	0.84
accpt	accept	0.86
accptable	acceptable	0.86
accpunt	account	0.84
accquaintance	acquaintance	0.88
accross	across	0.88
accrpt	accept	0.84
accrptable	acceptable	0.84
acctually	actually	0.88
accunt	account	0.86
accuont	account	0.87
acdaemic	academic	0.87
acdemic	academic	0.86
acecpt	accept	0.87
acecptable	acceptable	0.87
acept	accept	0.86
aceptable	acceptable	0.86
acheive	achieve	0.96
acheivement	achievement	0.94
acheve	achieve	0.86
achevement	achievement	0.86
achhieve	achieve	0.88
achhievement	achievement	0.88
achiebe	achieve	0.84
achiebement	achievement	0.84
achiee	achieve	0.86
achieement	achievement	0.86
achieev	achieve	0.87
achieeve	achieve	0.88
achieevement	achievement	0.88
achieevment	achievement	0.87
achievee	achieve	0.88
achieveement	achievement	0.88
achieveemnt	achievement	0.87
achieveent	achievement	0.86
achievemeent	achievement	0.88
achievememt	achievement	0.84
achievemennt	achievement	0.88
achievementt	achievement	0.88
achievemeny	achievement	0.84
achievemet	achievement	0.86
achievemetn	achievement	0.87
achievemment	achievement	0.88
achievemnet	achievement	0.87
achievemnt	achievement	0.86
achievemrnt	achievement	0.84
achievenent	achievement	0.84
achievmeent	achievement	0.87
achievment	achievement	0.94
achievr	achieve	0.84
achievrment	achievement	0.84
achievve	achieve	0.88
achievvement	achievement	0.88
achiieve	achieve	0.88
achiievement	achievement	0.88
achirve	achieve	0.84
achirvement	achievement	0.84
achive	achieve	0.86
achivee	achieve	0.87
achiveement	achievement	0.87
achivement	achievement	0.86
achoeve	achieve	0.84
achoevement	achievement	0.84
acicdentally	accidentally	0.87
acidentally	accidentally	0.86
acieve	achieve	0.86
acievement	achievement	0.86
aciheve	achieve	0.87
acihevement	achievement	0.87
acjieve	achieve	0.84
acjievement	achievement	0.84
ackknowledge	acknowledge	0.88
ackmowledge	acknowledge	0.84
acknnowledge	acknowledge	0.88
acknoeledge	acknowledge	0.84
acknoledge	acknowledge	0.86
acknolwedge	acknowledge	0.87
acknoowledge	acknowledge	0.88
acknowedge	acknowledge	0.86
acknoweldge	acknowledge	0.87
acknowldege	acknowledge	0.87
acknowldge	acknowledge	0.86
acknowleddge	acknowledge	0.88
acknowlede	acknowledge	0.86
acknowledeg	acknowledge	0.87
acknowledgee	acknowledge	0.88
acknowledgge	acknowledge	0.88
acknowledgr	acknowledge	0.84
acknowledhe	acknowledge	0.84
acknowleedge	acknowledge	0.88
acknowlefge	acknowledge	0.84
acknowlegde	acknowledge	0.87
acknowlege	acknowledge	0.94
acknowlledge	acknowledge	0.88
acknowlrdge	acknowledge	0.84
acknowwledge	acknowledge	0.88
acknpwledge	acknowledge	0.84
acknwledge	acknowledge	0.86
acknwoledge	acknowledge	0.87
ackonwledge	acknowledge	0.87
ackowledge	acknowledge	0.86
aclnowledge	acknowledge	0.84
acnkowledge	acknowledge	0.87
acnowledge	acknowledge	0.86
acocmmodate	accommodate	0.87
acocmmodation	accommodation	0.87
acocunt	account	0.87
acommodate	accommodate	0.94
acommodation	accommodation	0.94
acorss	across	0.87
acoss	across	0.86
acount	account	0.86
acqaintance	acquaintance	0.86
acqauintance	acquaintance	0.87
acqiaintance	acquaintance	0.84
acqquaintance	acquaintance	0.88
acquaaintance	acquaintance	0.88
acquaiintance	acquaintance	0.88
acquaimtance	acquaintance	0.84
acquainance	acquaintance	0.86
acquainatnce	acquaintance	0.87
acquainntance	acquaintance	0.88
acquaintaance	acquaintance	0.88
acquaintace	acquaintance	0.86
acquaintacne	acquaintance	0.87
acquaintamce	acquaintance	0.84
acquaintancce	acquaintance	0.88
acquaintancee	acquaintance	0.88
acquaintancr	acquaintance	0.84
acquaintane	acquaintance	0.86
acquaintanec	acquaintance	0.87
acquaintannce	acquaintance	0.88
acquaintanve	acquaintance	0.84
acquaintence	acquaintance	0.94
acquaintnace	acquaintance	0.87
acquaintnce	acquaintance	0.86
acquaintsnce	acquaintance	0.84
acquainttance	acquaintance	0.88
acquainyance	acquaintance	0.84
acquaitance	acquaintance	0.86
acquaitnance	acquaintance	0.87
acquanitance	acquaintance	0.87
acquantance	acquaintance	0.86
acquaontance	acquaintance	0.84
acquiantance	acquaintance	0.87
acquintance	acquaintance	0.86
acqusintance	acquaintance	0.84
acquuaintance	acquaintance	0.88
acrods	across	0.84
acrooss	across	0.88
acros	across	0.86
acrosd	across	0.84
acrosss	across	0.94
acrpss	across	0.84
acrross	across	0.88
acrsos	across	0.87
acrss	across	0.86
acsdemic	academic	0.84
actally	actually	0.86
actaully	actually	0.87
actially	actually	0.84
actoss	across	0.84
acttually	actually	0.88
actuaally	actually	0.88
actuallly	actually	0.88
actuallu	actually	0.84
actuallyy	actually	0.88
actualy	actually	0.94
actualyl	actually	0.87
actulaly	actually	0.87
actully	actually	0.86
actuslly	actually	0.84
actuually	actually	0.88
acuaintance	acquaintance	0.86
acually	actually	0.86
acuqaintance	acquaintance	0.87
acutally	actually	0.87
acvept	accept	0.84
acveptable	acceptable	0.84
acvidentally	accidentally	0.84
acvommodate	accommodate	0.84
acvommodation	accommodation	0.84
acvount	account	0.84
acwuaintance	acquaintance	0.84
acyually	actually	0.84
adantage	advantage	0.86
adavntage	advantage	0.87
adbantage	advantage	0.84
adbice	advice	0.84
addd	added	0.86
addde	added	0.87
addded	added	0.88
addditional	additional	0.88
adddress	address	0.88
addedd	added	0.88
addeed	added	0.88
addef	added	0.84
adderss	address	0.87
addess	address	0.86
addiional	additional	0.86
addiitional	additional	0.88
addiitonal	additional	0.87
additiional	additional	0.88
additinal	additional	0.86
additinoal	additional	0.87
additioal	additional	0.86
additioanl	additional	0.87
additiomal	additional	0.84
additionaal	additional	0.88
additionall	additional	0.88
additionl	additional	0.86
additionla	additional	0.87
additionnal	additional	0.88
additionsl	additional	0.84
additioonal	additional	0.88
additipnal	additional	0.84
additoinal	additional	0.87
additonal	additional	0.94
additoonal	additional	0.84
addittional	additional	0.88
addiyional	additional	0.84
addministration	administration	0.88
addotional	additional	0.84
addrd	added	0.84
addreds	address	0.84
addreess	address	0.88
addres	address	0.86
addresd	address	0.84
addresss	address	0.88
addrress	address	0.88
addrrss	address	0.84
addrses	address	0.87
addrss	address	0.86
addtess	address	0.84
addtiional	additional	0.87
addtional	additional	0.86
addvantage	advantage	0.88
addvice	advice	0.88
aded	added	0.86
adedd	added	0.87
adfed	added	0.84
adfitional	additional	0.84
adfress	address	0.84
adice	advice	0.86
adidtional	additional	0.87
adimnistration	administration	0.87
adinistration	administration	0.86
aditional	additional	0.86
adivce	advice	0.87
admiinistration	administration	0.88
admiinstration	administration	0.87
admiistration	administration	0.86
admimistration	administration	0.84
adminidtration	administration	0.84
adminiistration	administration	0.88
adminisration	administration	0.86
adminisrtation	administration	0.87
adminisstration	administration	0.88
administartion	administration	0.87
administation	administration	0.86
administraation	administration	0.88
administraion	administration	0.86
administraiton	administration	0.87
administratiion	administration	0.88
administratin	administration	0.86
administratino	administration	0.87
administratiom	administration	0.84
administrationn	administration	0.88
administratioon	administration	0.88
administratipn	administration	0.84
administratoin	administration	0.87
administraton	administration	0.86
administratoon	administration	0.84
administrattion	administration	0.88
administrayion	administration	0.84
administrration	administration	0.88
administrstion	administration	0.84
administrtaion	administration	0.87
administrtion	administration	0.86
administtation	administration	0.84
administtration	administration	0.88
adminisyration	administration	0.84
adminitration	administration	0.86
adminitsration	administration	0.87
adminnistration	administration	0.88
adminostration	administration	0.84
adminsitration	administration	0.87
adminstration	administration	0.94
admministration	administration	0.88
admniistration	administration	0.87
admnistration	administration	0.86
admonistration	administration	0.84
adninistration	administration	0.84
adrdess	address	0.87
adress	address	0.96
adsignment	assignment	0.84
adsist	assist	0.84
adsistance	assistance	0.84
adsistant	assistant	0.84
adsisted	assisted	0.84
adsociation	association	0.84
adsuming	assuming	0.84
advaantage	advantage	0.88
advamtage	advantage	0.84
advanage	advantage	0.86
advanatge	advantage	0.87
advanntage	advantage	0.88
advantaage	advantage	0.88
advantae	advantage	0.86
advantaeg	advantage	0.87
advantagee	advantage	0.88
advantagge	advantage	0.88
advantagr	advantage	0.84
advantahe	advantage	0.84
advantange	advantage	0.94
advantgae	advantage	0.87
advantge	advantage	0.86
advantsge	advantage	0.84
advanttage	advantage	0.88
advanyage	advantage	0.84
advatage	advantage	0.86
advatnage	advantage	0.87
advce	advice	0.86
advcie	advice	0.87
advicce	advice	0.88
advicee	advice	0.88
advicr	advice	0.84
advie	advice	0.86
adviec	advice	0.87
adviice	advice	0.88
advise	advice	0.90
advive	advice	0.84
advnatage	advantage	0.87
advntage	advantage	0.86
advoce	advice	0.84
advsntage	advantage	0.84
advvantage	advantage	0.88
advvice	advice	0.88
aeaiting	awaiting	0.84
aeesome	awesome	0.84
aeroplane	airplane	0.88
aesome	awesome	0.86
aewsome	awesome	0.87
afaid	afraid	0.86
afarid	afraid	0.87
afded	added	0.84
afditional	additional	0.84
afdress	address	0.84
afer	after	0.86
afernoon	afternoon	0.86
afetr	after	0.87
afetrnoon	afternoon	0.87
affraid	afraid	0.94
affter	after	0.88
affternoon	afternoon	0.88
afministration	administration	0.84
afraaid	afraid	0.88
afrad	afraid	0.86
afradi	afraid	0.87
afraidd	afraid	0.88
afraif	afraid	0.84
afraiid	afraid	0.88
afraod	afraid	0.84
afriad	afraid	0.87
afrid	afraid	0.86
afrraid	afraid	0.88
afrsid	afraid	0.84
aftaid	afraid	0.84
afteer	after	0.88
afteernoon	afternoon	0.88
aftenoon	afternoon	0.86
aftenroon	afternoon	0.87
aftermoon	afternoon	0.84
afternnoon	afternoon	0.88
afternon	afternoon	0.86
afternono	afternoon	0.87
afternoom	afternoon	0.84
afternoonn	afternoon	0.88
afternooon	afternoon	0.88
afternopn	afternoon	0.84
afternpon	afternoon	0.84
afteronon	afternoon	0.87
afteroon	afternoon	0.86
afterr	after	0.88
afterrnoon	afternoon	0.88
aftet	after	0.84
aftetnoon	afternoon	0.84
aftr	after	0.86
aftre	after	0.87
aftrenoon	afternoon	0.87
aftrnoon	afternoon	0.86
aftrr	after	0.84
aftrrnoon	afternoon	0.84
aftter	after	0.88
aftternoon	afternoon	0.88
afvantage	advantage	0.84
afvice	advice	0.84
afyer	after	0.84
afyernoon	afternoon	0.84
agaain	again	0.88
agaainst	against	0.88
agaiin	again	0.88
agaiinst	against	0.88
agaim	again	0.84
agaimst	against	0.84
againdt	against	0.84
againn	again	0.88
againnst	against	0.88
againsst	against	0.88
againstt	against	0.88
againsy	against	0.84
againt	against	0.86
againts	against	0.87
agaisnt	against	0.87
agaist	against	0.86
agan	again	0.86
agani	again	0.87
aganist	against	0.87
aganst	against	0.86
agaon	again	0.84
agaonst	against	0.84
ageement	agreement	0.86
agerement	agreement	0.87
aggain	again	0.88
aggainst	against	0.88
aggreement	agreement	0.88
agian	again	0.94
agianst	against	0.87
agin	again	0.86
aginst	against	0.86
agraid	afraid	0.84
agreeement	agreement	0.88
agreeemnt	agreement	0.87
agreeent	agreement	0.86
agreemeent	agreement	0.94
agreememt	agreement	0.84
agreemennt	agreement	0.88
agreementt	agreement	0.88
agreemeny	agreement	0.84
agreemet	agreement	0.86
agreemetn	agreement	0.87
agreemment	agreement	0.88
agreemnet	agreement	0.87
agreemnt	agreement	0.86
agreemrnt	agreement	0.84
agreenent	agreement	0.84
agremeent	agreement	0.87
agrement	agreement	0.86
agrerment	agreement	0.84
agrreement	agreement	0.88
agrrement	agreement	0.84
agrument	argument	0.87
agsin	again	0.84
agsinst	against	0.84
agteement	agreement	0.84
agter	after	0.84
agternoon	afternoon	0.84
agument	argument	0.86
ahain	again	0.84
ahainst	against	0.84
ahcieve	achieve	0.87
ahcievement	achievement	0.87
ahieve	achieve	0.86
ahievement	achievement	0.86
ahreement	agreement	0.84
aiirplane	airplane	0.88
aiplane	airplane	0.86
aiprlane	airplane	0.87
airlane	airplane	0.86
airlpane	airplane	0.87
airpalne	airplane	0.87
airpane	airplane	0.86
airplaane	airplane	0.88
airplae	airplane	0.86
airplaen	airplane	0.87
airplame	airplane	0.84
airplanee	airplane	0.88
airplanne	airplane	0.88
airplanr	airplane	0.84
airpllane	airplane	0.88
airplnae	airplane	0.87
airplne	airplane	0.86
airplsne	airplane	0.84
airpplane	airplane	0.88
airrplane	airplane	0.88
aitplane	airplane	0.84
akcnowledge	acknowledge	0.87
aknowledge	acknowledge	0.86
alawys	always	0.87
alays	always	0.86
aldo	also	0.84
aleady	already	0.86
aleays	always	0.84
alerady	already	0.87
alhough	although	0.86
alhtough	although	0.87
alllotted	allotted	0.88
alllow	allow	0.88
allmost	almost	0.88
alloe	allow	0.84
allootted	allotted	0.88
alloow	allow	0.88
alloted	allotted	0.86
allotetd	allotted	0.87
allottd	allotted	0.86
allottde	allotted	0.87
allottedd	allotted	0.88
allotteed	allotted	0.88
allottef	allotted	0.84
allottrd	allotted	0.84
allottted	allotted	0.88
allotyed	allotted	0.84
alloww	allow	0.88
alloyted	allotted	0.84
allptted	allotted	0.84
allpw	allow	0.84
allready	already	0.94
allso	also	0.88
allthough	although	0.88
alltoted	allotted	0.87
alltted	allotted	0.86
allw	allow	0.86
allways	always	0.88
allwo	allow	0.87
almmost	almost	0.88
almodt	almost	0.84
almoost	almost	0.88
almosst	almost	0.88
almostt	almost	0.88
almosy	almost	0.84
almot	almost	0.86
almots	almost	0.87
almpst	almost	0.84
almsot	almost	0.94
almst	almost	0.86
alnost	almost	0.84
alo	also	0.86
aloltted	allotted	0.87
alolw	allow	0.87
alomst	almost	0.94
alos	also	0.87
alost	almost	0.86
alot	a lot	0.90
alotted	allotted	0.94
alow	allow	0.94
alrady	already	0.86
alraedy	already	0.87
alreaady	already	0.88
alreaddy	already	0.88
alreadu	already	0.84
alreadyy	already	0.88
alreafy	already	0.84
alreay	already	0.86
alreayd	already	0.87
alreday	already	0.87
alredy	already	0.94
alreeady	already	0.88
alresdy	already	0.84
alrrady	already	0.84
alrready	already	0.88
alsoo	also	0.88
alsp	also	0.84
alsso	also	0.88
alteady	already	0.84
althhough	although	0.88
altho	although	0.92
althogh	although	0.86
althoguh	although	0.87
althoigh	although	0.84
althoough	although	0.88
althouggh	although	0.88
althoughh	although	0.88
althought	although	0.94
althougj	although	0.84
althouh	although	0.86
althouhg	although	0.87
althouhh	although	0.84
althouugh	although	0.88
althpugh	although	0.84
althugh	although	0.86
althuogh	although	0.87
altjough	although	0.84
altohugh	although	0.87
altough	although	0.86
altthough	although	0.88
alwaays	always	0.88
alwas	always	0.86
alwasy	always	0.87
alwaus	always	0.84
alwayd	always	0.84
alwayss	always	0.88
alwayys	always	0.88
alwsys	always	0.84
alwways	always	0.88
alwyas	always	0.87
alwys	always	0.86
alyhough	although	0.84
amaateur	amateur	0.88
amaazing	amazing	0.88
amaetur	amateur	0.87
amaeur	amateur	0.86
amaing	amazing	0.86
amaizng	amazing	0.87
amalysis	analysis	0.84
amateeur	amateur	0.88
amateir	amateur	0.84
amater	amateur	0.86
amateru	amateur	0.87
amateurr	amateur	0.88
amateut	amateur	0.84
amateuur	amateur	0.88
amatrur	amateur	0.84
amatteur	amateur	0.88
amatuer	amateur	0.87
amatur	amateur	0.86
amature	amateur	0.94
amaxing	amazing	0.84
amayeur	amateur	0.84
amazig	amazing	0.86
amazign	amazing	0.87
amaziing	amazing	0.88
amazimg	amazing	0.84
amazingg	amazing	0.88
amazinh	amazing	0.84
amazinng	amazing	0.88
amazng	amazing	0.94
amaznig	amazing	0.87
amazong	amazing	0.84
amazzing	amazing	0.88
amdinistration	administration	0.87
aministration	administration	0.86
amlost	almost	0.87
ammateur	amateur	0.88
ammazing	amazing	0.88
ammount	amount	0.94
amnounce	announce	0.84
amnouncement	announcement	0.84
amoint	amount	0.84
amomaly	anomaly	0.84
amont	amount	0.86
amonut	amount	0.87
amoount	amount	0.88
amost	almost	0.86
amoumt	amount	0.84
amounnt	amount	0.88
amountt	amount	0.88
amouny	amount	0.84
amout	amount	0.86
amoutn	amount	0.87
amouunt	amount	0.88
ampunt	amount	0.84
amsteur	amateur	0.84
amswer	answer	0.84
amszing	amazing	0.84
amtaeur	amateur	0.87
amteur	amateur	0.86
amunt	amount	0.86
amuont	amount	0.87
amzaing	amazing	0.87
amzing	amazing	0.86
anaalysis	analysis	0.88
anallysis	analysis	0.88
analsis	analysis	0.86
analsyis	analysis	0.87
analusis	analysis	0.84
analydis	analysis	0.84
analyis	analysis	0.86
analyiss	analysis	0.87
analysid	analysis	0.84
analysiis	analysis	0.88
analysiss	analysis	0.88
analysos	analysis	0.84
analyss	analysis	0.86
analyssi	analysis	0.87
analyssis	analysis	0.88
analyysis	analysis	0.88
anateur	amateur	0.84
anaylsis	analysis	0.87
anaysis	analysis	0.86
anazing	amazing	0.84
anbd	and	0.94
andd	and	0.94
andwer	answer	0.84
anlaysis	analysis	0.87
anlysis	analysis	0.86
anmaly	anomaly	0.86
anmoaly	anomaly	0.87
anmounce	announce	0.84
anmouncement	announcement	0.84
annalysis	analysis	0.88
annnounce	announce	0.88
annnouncement	announcement	0.88
annoince	announce	0.84
annoincement	announcement	0.84
annomaly	anomaly	0.88
annonce	announce	0.86
annoncement	announcement	0.86
annonuce	announce	0.87
annonucement	announcement	0.87
annoounce	announce	0.88
annoouncement	announcement	0.88
annouce	announce	0.94
annoucement	announcement	0.94
annoucne	announce	0.87
annoucnement	announcement	0.87
annoumce	announce	0.84
annoumcement	announcement	0.84
announcce	announce	0.88
announccement	announcement	0.88
announcee	announce	0.88
announceement	announcement	0.88
announceemnt	announcement	0.87
announceent	announcement	0.86
announcemeent	announcement	0.88
announcememt	announcement	0.84
announcemennt	announcement	0.88
announcementt	announcement	0.88
announcemeny	announcement	0.84
announcemet	announcement	0.86
announcemetn	announcement	0.87
announcemment	announcement	0.88
announcemnet	announcement	0.87
announcemnt	announcement	0.86
announcemrnt	announcement	0.84
announcenent	announcement	0.84
announcmeent	announcement	0.87
announcment	announcement	0.86
announcr	announce	0.84
announcrment	announcement	0.84
announe	announce	0.86
announec	announce	0.87
announecment	announcement	0.87
announement	announcement	0.86
announnce	announce	0.88
announncement	announcement	0.88
announve	announce	0.84
announvement	announcement	0.84
annouunce	announce	0.88
annouuncement	announcement	0.88
annpunce	announce	0.84
annpuncement	announcement	0.84
annswer	answer	0.88
annunce	announce	0.86
annuncement	announcement	0.86
annuonce	announce	0.87
annuoncement	announcement	0.87
anoaly	anomaly	0.86
anoamly	anomaly	0.87
anomaaly	anomaly	0.88
anomally	anomaly	0.88
anomalu	anomaly	0.84
anomalyy	anomaly	0.88
anomay	anomaly	0.86
anomayl	anomaly	0.87
anomlay	anomaly	0.87
anomly	anomaly	0.86
anommaly	anomaly	0.88
anomoly	anomaly	0.94
anomsly	anomaly	0.84
anonaly	anomaly	0.84
anonunce	announce	0.87
anonuncement	announcement	0.87
anoomaly	anomaly	0.88
anounce	announce	0.86
anouncement	announcement	0.86
anount	amount	0.84
anout	about	0.84
anove	above	0.84
anpmaly	anomaly	0.84
anseer	answer	0.84
ansence	absence	0.84
anser	answer	0.86
ansewr	answer	0.87
anslysis	analysis	0.84
ansolutely	absolutely	0.84
ansswer	answer	0.88
anstract	abstract	0.84
answeer	answer	0.88
answerr	answer	0.88
answet	answer	0.84
answr	answer	0.86
answre	answer	0.87
answrr	answer	0.84
answwer	answer	0.88
anwer	answer	0.86
anwser	answer	0.87
aobut	about	0.87
aobve	above	0.87
aologize	apologize	0.86
aomaly	anomaly	0.86
aomunt	amount	0.87
aonmaly	anomaly	0.87
aoplogize	apologize	0.87
aopstrophe	apostrophe	0.87
aorplane	airplane	0.84
aorund	around	0.87
aostrophe	apostrophe	0.86
aound	around	0.86
aount	amount	0.86
aout	about	0.86
aove	above	0.86
apaprent	apparent	0.87
apaprently	apparently	0.87
aparent	apparent	0.86
aparently	apparently	0.86
apearance	appearance	0.86
apeparance	appearance	0.87
aplication	application	0.94
aplied	applied	0.86
aplogize	apologize	0.86
aploogize	apologize	0.87
aplpication	application	0.87
aplpied	applied	0.87
apodtrophe	apostrophe	0.84
apointment	appointment	0.86
apolgize	apologize	0.86
apolgoize	apologize	0.87
apollogize	apologize	0.88
apologgize	apologize	0.88
apologie	apologize	0.86
apologiez	apologize	0.87
apologiize	apologize	0.88
apologixe	apologize	0.84
apologizee	apologize	0.88
apologizr	apologize	0.84
apologizze	apologize	0.88
apologoze	apologize	0.84
apologze	apologize	0.86
apologzie	apologize	0.87
apolohize	apologize	0.84
apoloigze	apologize	0.87
apoloize	apologize	0.86
apoloogize	apologize	0.88
apolpgize	apologize	0.84
apoogize	apologize	0.86
apoolgize	apologize	0.87
apoologize	apologize	0.88
apoostrophe	apostrophe	0.88
apopintment	appointment	0.87
aposrophe	apostrophe	0.86
aposrtophe	apostrophe	0.87
aposstrophe	apostrophe	0.88
apostophe	apostrophe	0.86
apostorphe	apostrophe	0.87
apostrohe	apostrophe	0.86
apostrohpe	apostrophe	0.87
apostroophe	apostrophe	0.88
apostrope	apostrophe	0.86
apostropeh	apostrophe	0.87
apostrophee	apostrophe	0.88
apostrophhe	apostrophe	0.88
apostrophr	apostrophe	0.84
apostropje	apostrophe	0.84
apostropphe	apostrophe	0.88
apostrphe	apostrophe	0.86
apostrpohe	apostrophe	0.87
apostrpphe	apostrophe	0.84
apostrrophe	apostrophe	0.88
aposttophe	apostrophe	0.84
aposttrophe	apostrophe	0.88
aposyrophe	apostrophe	0.84
apotrophe	apostrophe	0.86
apotsrophe	apostrophe	0.87
appaarent	apparent	0.88
appaarently	apparently	0.88
appaent	apparent	0.86
appaently	apparently	0.86
appaerance	appearance	0.87
appaernt	apparent	0.87
appaerntly	apparently	0.87
apparance	appearance	0.86
apparant	apparent	0.94
apparantly	apparently	0.94
appareent	apparent	0.88
appareently	apparently	0.88
apparemt	apparent	0.84
apparemtly	apparently	0.84
apparenlty	apparently	0.87
apparenly	apparently	0.86
apparennt	apparent	0.88
apparenntly	apparently	0.88
apparentlly	apparently	0.88
apparentlu	apparently	0.84
apparentlyy	apparently	0.88
apparentt	apparent	0.88
apparenttly	apparently	0.88
apparenty	apparently	0.86
apparentyl	apparently	0.87
appareny	apparent	0.84
apparenyly	apparently	0.84
apparet	apparent	0.86
apparetly	apparently	0.86
apparetn	apparent	0.87
apparetnly	apparently	0.87
apparnet	apparent	0.87
apparnetly	apparently	0.87
apparnt	apparent	0.86
apparntly	apparently	0.86
apparrent	apparent	0.88
apparrently	apparently	0.88
apparrnt	apparent	0.84
apparrntly	apparently	0.84
appatent	apparent	0.84
appatently	apparently	0.84
appeaance	appearance	0.86
appeaarance	appearance	0.88
appeaarnce	appearance	0.87
appearaance	appearance	0.88
appearace	appearance	0.86
appearacne	appearance	0.87
appearamce	appearance	0.84
appearancce	appearance	0.88
appearancee	appearance	0.88
appearancr	appearance	0.84
appearane	appearance	0.86
appearanec	appearance	0.87
appearannce	appearance	0.88
appearanve	appearance	0.84
appearence	appearance	0.94
appearnace	appearance	0.87
appearnce	appearance	0.86
appearrance	appearance	0.88
appearsnce	appearance	0.84
appeatance	appearance	0.84
appeearance	appearance	0.88
apperaance	appearance	0.87
apperance	appearance	0.86
appesrance	appearance	0.84
appication	application	0.86
appied	applied	0.86
appilcation	application	0.87
appiled	applied	0.87
appintment	appointment	0.86
appiontment	appointment	0.87
applcation	application	0.86
applciation	application	0.87
appled	applied	0.86
appleid	applied	0.87
appliaction	application	0.87
appliation	application	0.86
applicaation	application	0.88
applicaion	application	0.86
applicaiton	application	0.94
applicatiion	application	0.88
applicatin	application	0.86
applicatino	application	0.87
applicatiom	application	0.84
applicationn	application	0.88
applicatioon	application	0.88
applicatipn	application	0.84
applicatoin	application	0.87
applicaton	application	0.86
applicatoon	application	0.84
applicattion	application	0.88
applicayion	application	0.84
appliccation	application	0.88
applicstion	application	0.84
applictaion	application	0.87
appliction	application	0.86
applid	applied	0.86
applide	applied	0.87
appliedd	applied	0.88
applieed	applied	0.88
applief	applied	0.84
appliication	application	0.88
appliied	applied	0.88
applird	applied	0.84
applivation	application	0.84
appllication	application	0.88
appllied	applied	0.88
applocation	application	0.84
apploed	applied	0.84
applogize	apologize	0.84
applyed	applied	0.94
appoach	approach	0.86
appoiintment	appointment	0.88
appoimtment	appointment	0.84
appoinment	appointment	0.86
appoinmtent	appointment	0.87
appoinntment	appointment	0.88
appointemnt	appointment	0.87
appointent	appointment	0.86
appointmeent	appointment	0.88
appointmemt	appointment	0.84
appointmennt	appointment	0.88
appointmentt	appointment	0.88
appointmeny	appointment	0.84
appointmet	appointment	0.86
appointmetn	appointment	0.87
appointmment	appointment	0.88
appointmnet	appointment	0.87
appointmnt	appointment	0.86
appointmrnt	appointment	0.84
appointnent	appointment	0.84
appointtment	appointment	0.88
appoinyment	appointment	0.84
appoitment	appointment	0.86
appoitnment	appointment	0.87
appologize	apologize	0.94
apponitment	appointment	0.87
appontment	appointment	0.86
appoointment	appointment	0.88
appoontment	appointment	0.84
appopriate	appropriate	0.86
apporach	approach	0.87
apporpriate	appropriate	0.87
apporval	approval	0.87
appostrophe	apostrophe	0.88
appoval	approval	0.86
appparent	apparent	0.88
appparently	apparently	0.88
apppearance	appearance	0.88
apppintment	appointment	0.84
appplication	application	0.88
appplied	applied	0.88
apppointment	appointment	0.88
appproach	approach	0.88
apppropriate	appropriate	0.88
appproval	approval	0.88
apprach	approach	0.86
appraent	apparent	0.87
appraently	apparently	0.87
appraoch	approach	0.87
apprarance	appearance	0.84
apprent	apparent	0.86
apprently	apparently	0.86
approaach	approach	0.88
approacch	approach	0.88
approachh	approach	0.88
approacj	approach	0.84
approah	approach	0.86
approahc	approach	0.87
approal	approval	0.86
approavh	approach	0.84
approavl	approval	0.87
approbal	approval	0.84
approcah	approach	0.87
approch	approach	0.86
approoach	approach	0.88
approopriate	appropriate	0.88
approoval	approval	0.88
appropiate	appropriate	0.86
appropirate	appropriate	0.87
approppriate	appropriate	0.88
appropraite	appropriate	0.87
approprate	appropriate	0.86
appropriaate	appropriate	0.88
appropriae	appropriate	0.86
appropriaet	appropriate	0.87
appropriatee	appropriate	0.88
appropriatr	appropriate	0.84
appropriatte	appropriate	0.88
appropriaye	appropriate	0.84
appropriiate	appropriate	0.88
appropriste	appropriate	0.84
appropritae	appropriate	0.87
approprite	appropriate	0.86
approproate	appropriate	0.84
approprriate	appropriate	0.88
approptiate	appropriate	0.84
approriate	appropriate	0.86
approrpiate	appropriate	0.87
approsch	approach	0.84
approvaal	approval	0.88
approvall	approval	0.88
approvl	approval	0.86
approvla	approval	0.87
approvsl	approval	0.84
approvval	approval	0.88
apprpach	approach	0.84
apprporiate	appropriate	0.87
apprppriate	appropriate	0.84
apprpriate	appropriate	0.86
apprpval	approval	0.84
apprroach	approach	0.88
apprropriate	appropriate	0.88
apprroval	approval	0.88
apprval	approval	0.86
apprvoal	approval	0.87
appsrent	apparent	0.84
appsrently	apparently	0.84
appstrophe	apostrophe	0.84
apptoach	approach	0.84
apptopriate	appropriate	0.84
apptoval	approval	0.84
aproach	approach	0.94
apropriate	appropriate	0.94
aproval	approval	0.94
aprpoach	approach	0.87
aprpopriate	appropriate	0.87
aprpoval	approval	0.87
apsotrophe	apostrophe	0.87
apstrophe	apostrophe	0.86
aqcuaintance	acquaintance	0.87
aquaintance	acquaintance	0.86
araid	afraid	0.86
arcoss	across	0.87
aready	already	0.86
areement	agreement	0.86
arfaid	afraid	0.87
argeement	agreement	0.87
arggument	argument	0.88
argiment	argument	0.84
argment	argument	0.86
argmuent	argument	0.87
arguement	argument	0.94
arguemnt	argument	0.87
arguent	argument	0.86
argumeent	argument	0.88
argumemt	argument	0.84
argumennt	argument	0.88
argumentt	argument	0.88
argumeny	argument	0.84
argumet	argument	0.86
argumetn	argument	0.87
argumment	argument	0.88
argumnet	argument	0.87
argumnt	argument	0.86
argumrnt	argument	0.84
argunent	argument	0.84
arguument	argument	0.88
arhument	argument	0.84
aricle	article	0.86
ariplane	airplane	0.87
aritcle	article	0.87
arleady	already	0.87
aroind	around	0.84
arond	around	0.86
aronud	around	0.87
aroound	around	0.88
aross	across	0.86
aroud	around	0.94
aroudn	around	0.87
aroumd	around	0.84
aroundd	around	0.88
arounf	around	0.84
arounnd	around	0.88
arouund	around	0.88
arplane	airplane	0.86
arpund	around	0.84
arrgument	argument	0.88
arround	around	0.88
arrticle	article	0.88
artcile	article	0.87
artcle	article	0.86
artical	article	0.94
articcle	article	0.88
artice	article	0.86
articel	article	0.87
articlee	article	0.88
articlle	article	0.88
articlr	article	0.84
artiicle	article	0.88
artilce	article	0.87
artile	article	0.86
artivle	article	0.84
artocle	article	0.84
artticle	article	0.88
arugment	argument	0.87
arument	argument	0.86
arund	around	0.86
aruond	around	0.87
aryicle	article	0.84
asbence	absence	0.87
asbolutely	absolutely	0.87
asbtract	abstract	0.87
asdignment	assignment	0.84
asdist	assist	0.84
asdistance	assistance	0.84
asdistant	assistant	0.84
asdisted	assisted	0.84
asdociation	association	0.84
asduming	assuming	0.84
asence	absence	0.86
asignment	assignment	0.86
asisgnment	assignment	0.87
asisst	assist	0.87
asisstance	assistance	0.87
asisstant	assistant	0.87
asissted	assisted	0.87
asist	assist	0.86
asistance	assistance	0.86
asistant	assistant	0.86
asisted	assisted	0.86
aslo	also	0.94
asnwer	answer	0.87
aso	also	0.86
asociation	association	0.86
asolutely	absolutely	0.86
asosciation	association	0.87
assciation	association	0.86
asscoiation	association	0.87
assginment	assignment	0.87
assgnment	assignment	0.86
assidt	assist	0.84
assidtance	assistance	0.84
assidtant	assistant	0.84
assidted	assisted	0.84
assiggnment	assignment	0.88
assigment	assignment	0.86
assigmment	assignment	0.84
assigmnent	assignment	0.87
assignemnt	assignment	0.87
assignent	assignment	0.86
assignmeent	assignment	0.88
assignmemt	assignment	0.84
assignmennt	assignment	0.88
assignmentt	assignment	0.88
assignmeny	assignment	0.84
assignmet	assignment	0.86
assignmetn	assignment	0.87
assignmment	assignment	0.88
assignmnet	assignment	0.87
assignmnt	assignment	0.86
assignmrnt	assignment	0.84
assignnent	assignment	0.84
assignnment	assignment	0.88
assihnment	assignment	0.84
assiignment	assignment	0.88
assiist	assist	0.88
assiistance	assistance	0.88
assiistant	assistant	0.88
assiisted	assisted	0.88
assiming	assuming	0.84
assingment	assignment	0.87
assinment	assignment	0.86
assisance	assistance	0.86
assisant	assistant	0.86
assisatnce	assistance	0.87
assisatnt	assistant	0.87
assised	assisted	0.86
assisetd	assisted	0.87
assisst	assist	0.88
assisstance	assistance	0.88
assisstant	assistant	0.88
assissted	assisted	0.88
assistaance	assistance	0.88
assistaant	assistant	0.88
assistace	assistance	0.86
assistacne	assistance	0.87
assistamce	assistance	0.84
assistamt	assistant	0.84
assistancce	assistance	0.88
assistancee	assistance	0.88
assistancr	assistance	0.84
assistane	assistance	0.86
assistanec	assistance	0.87
assistannce	assistance	0.88
assistannt	assistant	0.88
assistantt	assistant	0.88
assistanve	assistance	0.84
assistany	assistant	0.84
assistat	assistant	0.86
assistatn	assistant	0.87
assistd	assisted	0.86
assistde	assisted	0.87
assistedd	assisted	0.88
assisteed	assisted	0.88
assistef	assisted	0.84
assistent	assistant	0.94
assistnace	assistance	0.87
assistnat	assistant	0.87
assistnce	assistance	0.86
assistnt	assistant	0.86
assistrd	assisted	0.84
assistsnce	assistance	0.84
assistsnt	assistant	0.84
assistt	assist	0.88
assisttance	assistance	0.88
assisttant	assistant	0.88
assistted	assisted	0.88
assisy	assist	0.84
assisyance	assistance	0.84
assisyant	assistant	0.84
assisyed	assisted	0.84
assit	assist	0.94
assitance	assistance	0.94
assitant	assistant	0.86
assited	assisted	0.94
assits	assist	0.87
assitsance	assistance	0.87
assitsant	assistant	0.87
assitsed	assisted	0.87
assming	assuming	0.86
assmuing	assuming	0.87
assocaition	association	0.87
assocation	association	0.94
assocciation	association	0.88
associaation	association	0.88
associaion	association	0.86
associaiton	association	0.87
associatiion	association	0.88
associatin	association	0.86
associatino	association	0.87
associatiom	association	0.84
associationn	association	0.88
associatioon	association	0.88
associatipn	association	0.84
associatoin	association	0.87
associaton	association	0.86
associatoon	association	0.84
associattion	association	0.88
associayion	association	0.84
associiation	association	0.88
associstion	association	0.84
associtaion	association	0.87
assocition	association	0.86
assocoation	association	0.84
assognment	assignment	0.84
assoiation	association	0.86
assoication	association	0.87
assoociation	association	0.88
assost	assist	0.84
assostance	assistance	0.84
assostant	assistant	0.84
assosted	assisted	0.84
assoviation	association	0.84
asspciation	association	0.84
asssignment	assignment	0.88
asssist	assist	0.88
asssistance	assistance	0.88
asssistant	assistant	0.88
asssisted	assisted	0.88
asssit	assist	0.87
asssitance	assistance	0.87
asssitant	assistant	0.87
asssited	assisted	0.87
asssociation	association	0.88
assst	assist	0.86
assstance	assistance	0.86
assstant	assistant	0.86
asssted	assisted	0.86
asssuming	assuming	0.88
assuimng	assuming	0.87
assuing	assuming	0.86
assumeing	assuming	0.94
assumig	assuming	0.86
assumign	assuming	0.87
assumiing	assuming	0.88
assumimg	assuming	0.84
assumingg	assuming	0.88
assuminh	assuming	0.84
assuminng	assuming	0.88
assumming	assuming	0.88
assumng	assuming	0.86
assumnig	assuming	0.87
assumong	assuming	0.84
assuning	assuming	0.84
assuuming	assuming	0.88
astract	abstract	0.86
asuming	assuming	0.86
asusming	assuming	0.87
aswer	answer	0.86
atach	attach	0.86
atached	attached	0.86
atachment	attachment	0.86
atatch	attach	0.87
atatched	attached	0.87
atatchment	attachment	0.87
atcually	actually	0.87
atendance	attendance	0.86
ater	after	0.86
aternoon	afternoon	0.86
atetndance	attendance	0.87
atfer	after	0.87
atfernoon	afternoon	0.87
atgument	argument	0.84
athough	although	0.86
aticle	article	0.86
atleast	at least	0.90
atlhough	although	0.87
atound	around	0.84
atricle	article	0.87
attaach	attach	0.88
attaached	attached	0.88
attaachment	attachment	0.88
attacch	attach	0.88
attacched	attached	0.88
attacchment	attachment	0.88
attaced	attached	0.86
attacehd	attached	0.87
attachd	attached	0.86
attachde	attached	0.87
attachedd	attached	0.88
attacheed	attached	0.88
attachef	attached	0.84
attachement	attachment	0.94
attachemnt	attachment	0.87
attachent	attachment	0.86
attachh	attach	0.88
attachhed	attached	0.88
attachhment	attachment	0.88
attachmeent	attachment	0.88
attachmemt	attachment	0.84
attachmennt	attachment	0.88
attachmentt	attachment	0.88
attachmeny	attachment	0.84
attachmet	attachment	0.86
attachmetn	attachment	0.87
attachmment	attachment	0.88
attachmnet	attachment	0.87
attachmnt	attachment	0.86
attachmrnt	attachment	0.84
attachnent	attachment	0.84
attachrd	attached	0.84
attacj	attach	0.84
attacjed	attached	0.84
attacjment	attachment	0.84
attacment	attachment	0.86
attacmhent	attachment	0.87
attah	attach	0.86
attahc	attach	0.87
attahced	attached	0.87
attahcment	attachment	0.87
attahed	attached	0.86
attahment	attachment	0.86
attatch	attach	0.94
attatched	attached	0.94
attavh	attach	0.84
attavhed	attached	0.84
attavhment	attachment	0.84
attcah	attach	0.87
attcahed	attached	0.87
attcahment	attachment	0.87
attch	attach	0.86
attched	attached	0.86
attchment	attachment	0.86
attedance	attendance	0.86
attednance	attendance	0.87
atteendance	attendance	0.88
attemdance	attendance	0.84
attenadnce	attendance	0.87
attenance	attendance	0.86
attendaance	attendance	0.88
attendace	attendance	0.86
attendacne	attendance	0.87
attendamce	attendance	0.84
attendancce	attendance	0.88
attendancee	attendance	0.88
attendancr	attendance	0.84
attendane	attendance	0.86
attendanec	attendance	0.87
attendannce	attendance	0.88
attendanve	attendance	0.84
attenddance	attendance	0.88
attendence	attendance	0.94
attendnace	attendance	0.87
attendnce	attendance	0.86
attendsnce	attendance	0.84
attenfance	attendance	0.84
attenndance	attendance	0.88
atticle	article	0.84
attndance	attendance	0.86
attnedance	attendance	0.87
attrndance	attendance	0.84
attsch	attach	0.84
attsched	attached	0.84
attschment	attachment	0.84
atttach	attach	0.88
atttached	attached	0.88
atttachment	attachment	0.88
atttendance	attendance	0.88
atually	actually	0.86
atyach	attach	0.84
atyached	attached	0.84
atyachment	attachment	0.84
atyendance	attendance	0.84
avaailability	availability	0.88
avaailable	available	0.88
avademic	academic	0.84
avaiability	availability	0.86
avaiable	available	0.86
avaialbility	availability	0.87
avaialble	available	0.87
avaiilability	availability	0.88
avaiilable	available	0.88
availaability	availability	0.88
availaable	available	0.88
availabbility	availability	0.88
availabble	available	0.88
availabe	available	0.94
availabel	available	0.87
availabiility	availability	0.88
availabiilty	availability	0.87
availabiity	availability	0.86
availabiliity	availability	0.88
availabilitty	availability	0.88
availabilitu	availability	0.84
availabilityy	availability	0.88
availabiliy	availability	0.86
availabiliyt	availability	0.87
availabiliyy	availability	0.84
availabillity	availability	0.88
availabiloty	availability	0.84
availabiltiy	availability	0.87
availabilty	availability	0.86
availablee	available	0.88
availabliity	availability	0.87
availablity	availability	0.86
availablle	available	0.88
availablr	available	0.84
availabolity	availability	0.84
availaiblity	availability	0.87
availaility	availability	0.86
availalbe	available	0.87
availale	available	0.86
availanility	availability	0.84
availanle	available	0.84
availbaility	availability	0.87
availbale	available	0.87
availbility	availability	0.86
availble	available	0.86
availlability	availability	0.88
availlable	available	0.88
availsbility	availability	0.84
availsble	available	0.84
avalability	availability	0.86
avalable	available	0.86
avaliability	availability	0.87
avaliable	available	0.94
avantage	advantage	0.86
avaolability	availability	0.84
avaolable	available	0.84
avcept	accept	0.84
avceptable	acceptable	0.84
avcidentally	accidentally	0.84
avcommodate	accommodate	0.84
avcommodation	accommodation	0.84
avcount	account	0.84
avdantage	advantage	0.87
avdice	advice	0.87
avhieve	achieve	0.84
avhievement	achievement	0.84
avialability	availability	0.87
avialable	available	0.94
avice	advice	0.86
avilability	availability	0.86
avilable	available	0.86
avknowledge	acknowledge	0.84
avquaintance	acquaintance	0.84
avross	across	0.84
avsilability	availability	0.84
avsilable	available	0.84
avtually	actually	0.84
avvailability	availability	0.88
avvailable	available	0.88
awaaiting	awaiting	0.88
awaiing	awaiting	0.86
awaiiting	awaiting	0.88
awaiitng	awaiting	0.87
awaitig	awaiting	0.86
awaitign	awaiting	0.87
awaitiing	awaiting	0.88
awaitimg	awaiting	0.84
awaitingg	awaiting	0.88
awaitinh	awaiting	0.84
awaitinng	awaiting	0.88
awaitng	awaiting	0.86
awaitnig	awaiting	0.87
awaitong	awaiting	0.84
awaitting	awaiting	0.88
awaiying	awaiting	0.84
awaoting	awaiting	0.84
awatiing	awaiting	0.87
awating	awaiting	0.94
aways	always	0.86
awedome	awesome	0.84
aweesome	awesome	0.88
aweome	awesome	0.86
aweosme	awesome	0.87
aweseome	awesome	0.94
awesme	awesome	0.86
awesmoe	awesome	0.87
awesoe	awesome	0.86
awesoem	awesome	0.87
awesomee	awesome	0.88
awesomme	awesome	0.88
awesomr	awesome	0.84
awesone	awesome	0.84
awesoome	awesome	0.88
awespme	awesome	0.84
awessome	awesome	0.88
awiating	awaiting	0.87
awiting	awaiting	0.86
awlays	always	0.87
awrsome	awesome	0.84
awseome	awesome	0.87
awsiting	awaiting	0.84
awsome	awesome	0.86
awwaiting	awaiting	0.88
awwesome	awesome	0.88
aytach	attach	0.84
aytached	attached	0.84
aytachment	attachment	0.84
aytendance	attendance	0.84
baack	back	0.88
baalance	balance	0.88
baalnce	balance	0.87
baance	balance	0.86
baank	bank	0.88
baasically	basically	0.88
bacck	back	0.88
backk	back	0.88
bacl	back	0.84
bacuum	vacuum	0.84
badically	basically	0.84
baically	basically	0.86
baiscally	basically	0.87
bak	back	0.86
bakc	back	0.94
bakn	bank	0.87
balaance	balance	0.88
balace	balance	0.86
balacne	balance	0.87
balamce	balance	0.84
balancce	balance	0.88
balancee	balance	0.88
balancr	balance	0.84
balane	balance	0.86
balanec	balance	0.87
balannce	balance	0.88
balanve	balance	0.84
balence	balance	0.94
ballance	balance	0.88
balnace	balance	0.87
balnce	balance	0.86
balsnce	balance	0.84
bamk	bank	0.84
bankk	bank	0.88
banl	bank	0.84
bannk	bank	0.88
bariant	variant	0.84
bascally	basically	0.86
bascially	basically	0.87
basiaclly	basically	0.87
basially	basically	0.86
basicaally	basically	0.88
basicallly	basically	0.88
basicallu	basically	0.84
basicallyy	basically	0.88
basicaly	basically	0.86
basicalyl	basically	0.87
basiccally	basically	0.88
basiclaly	basically	0.87
basiclly	basically	0.86
basicly	basically	0.94
basicslly	basically	0.84
basiically	basically	0.88
basivally	basically	0.84
basocally	basically	0.84
bassically	basically	0.88
bavk	back	0.84
bback	back	0.88
bbalance	balance	0.88
bbank	bank	0.88
bbasically	basically	0.88
bbecause	because	0.88
bbecoming	becoming	0.88
bbefore	before	0.88
bbeginning	beginning	0.88
bbeing	being	0.88
bbelieve	believe	0.88
bbeneficial	beneficial	0.88
bbenefit	benefit	0.88
bbetween	between	0.88
bbizarre	bizarre	0.88
bbroccoli	broccoli	0.88
bbusiness	business	0.88
bbusy	busy	0.88
bcak	back	0.87
bcause	because	0.86
bceause	because	0.87
bceoming	becoming	0.87
bck	back	0.86
bcoming	becoming	0.86
beacuse	because	0.94
beause	because	0.86
becaause	because	0.88
becaise	because	0.84
becase	because	0.86
becasue	because	0.94
becaude	because	0.84
becaue	because	0.86
becaues	because	0.87
becausee	because	0.88
becausr	because	0.84
becausse	because	0.88
becauuse	because	0.88
beccause	because	0.88
beccoming	becoming	0.88
becming	becoming	0.86
becmoing	becoming	0.87
becoimng	becoming	0.87
becoing	becoming	0.86
becomig	becoming	0.86
becomign	becoming	0.87
becomiing	becoming	0.88
becomimg	becoming	0.84
becomingg	becoming	0.88
becominh	becoming	0.84
becominng	becoming	0.88
becomming	becoming	0.94
becomng	becoming	0.86
becomnig	becoming	0.87
becomong	becoming	0.84
beconing	becoming	0.84
becooming	becoming	0.88
becpming	becoming	0.84
becsuse	because	0.84
becuase	because	0.96
becuse	because	0.86
beecause	because	0.88
beecoming	becoming	0.88
beeficial	beneficial	0.86
beefit	benefit	0.86
beefore	before	0.88
beeginning	beginning	0.88
beeing	being	0.88
beelieve	believe	0.88
beeneficial	beneficial	0.88
beenefit	benefit	0.88
beenficial	beneficial	0.87
beenfit	benefit	0.87
beetween	between	0.88
beffore	before	0.88
befoe	before	0.86
befoer	before	0.87
befoore	before	0.88
beforee	before	0.88
beforr	before	0.84
beforre	before	0.88
befote	before	0.84
befpre	before	0.84
befre	before	0.86
befroe	before	0.87
beggining	beginning	0.94
begginning	beginning	0.88
begiinning	beginning	0.88
begimning	beginning	0.84
begining	beginning	0.86
begininng	beginning	0.87
beginming	beginning	0.84
beginnig	beginning	0.86
beginnign	beginning	0.87
beginniing	beginning	0.88
beginnimg	beginning	0.84
beginningg	beginning	0.88
beginninh	beginning	0.84
beginninng	beginning	0.88
beginnng	beginning	0.86
beginnnig	beginning	0.87
beginnning	beginning	0.88
beginnong	beginning	0.84
begnining	beginning	0.87
begnning	beginning	0.86
begonning	beginning	0.84
begore	before	0.84
behicle	vehicle	0.84
behinning	beginning	0.84
beieve	believe	0.86
beig	being	0.86
beign	being	0.87
beignning	beginning	0.87
beiing	being	0.88
beileve	believe	0.87
beimg	being	0.84
beingg	being	0.88
beinh	being	0.84
beinng	being	0.88
beinning	beginning	0.86
beleive	believe	0.94
beleve	believe	0.86
beliebe	believe	0.84
beliee	believe	0.86
belieev	believe	0.87
belieeve	believe	0.88
believee	believe	0.88
believr	believe	0.84
believve	believe	0.88
beliieve	believe	0.88
belirve	believe	0.84
belive	believe	0.94
belivee	believe	0.87
bellieve	believe	0.88
beloeve	believe	0.84
bemeficial	beneficial	0.84
bemefit	benefit	0.84
beneeficial	beneficial	0.88
beneefit	benefit	0.88
benefcial	beneficial	0.86
benefciial	beneficial	0.87
benefficial	beneficial	0.88
beneffit	benefit	0.88
beneficail	beneficial	0.87
benefical	beneficial	0.86
beneficcial	beneficial	0.88
beneficiaal	beneficial	0.88
beneficiall	beneficial	0.88
beneficiial	beneficial	0.88
beneficil	beneficial	0.86
beneficila	beneficial	0.87
beneficisl	beneficial	0.84
beneficoal	beneficial	0.84
benefiial	beneficial	0.86
benefiical	beneficial	0.87
benefiicial	beneficial	0.88
benefiit	benefit	0.88
benefitial	beneficial	0.94
benefitt	benefit	0.88
benefivial	beneficial	0.84
benefiy	benefit	0.84
benefocial	beneficial	0.84
benefot	benefit	0.84
beneft	benefit	0.86
benefti	benefit	0.87
benegicial	beneficial	0.84
benegit	benefit	0.84
beneicial	beneficial	0.86
beneifcial	beneficial	0.87
beneift	benefit	0.87
beneit	benefit	0.86
benfeicial	beneficial	0.87
benfeit	benefit	0.87
benficial	beneficial	0.86
benfit	benefit	0.86
beng	being	0.86
benifit	benefit	0.94
benig	being	0.87
benneficial	beneficial	0.88
bennefit	benefit	0.88
benrficial	beneficial	0.84
benrfit	benefit	0.84
beocming	becoming	0.87
beofre	before	0.87
beoming	becoming	0.86
beong	being	0.84
beore	before	0.86
bersion	version	0.84
bery	very	0.84
beteeen	between	0.84
beteen	between	0.86
betewen	between	0.87
bettween	between	0.88
betweeen	between	0.88
betweem	between	0.84
betweenn	between	0.88
betwen	between	0.94
betwene	between	0.87
betwern	between	0.84
betwren	between	0.84
betwween	between	0.88
bevause	because	0.84
bevoming	becoming	0.84
beween	between	0.86
bewteen	between	0.94
beyween	between	0.84
bfeore	before	0.87
bfore	before	0.86
bgeinning	beginning	0.87
bginning	beginning	0.86
biarre	bizarre	0.86
biazrre	bizarre	0.87
bieng	being	0.87
biizarre	bizarre	0.88
bing	being	0.86
bisible	visible	0.84
bisiness	business	0.84
bisitor	visitor	0.84
bisy	busy	0.84
bixarre	bizarre	0.84
bizaarre	bizarre	0.88
bizare	bizarre	0.86
bizarer	bizarre	0.87
bizarree	bizarre	0.88
bizarrr	bizarre	0.84
bizarrre	bizarre	0.88
bizarte	bizarre	0.84
bizatre	bizarre	0.84
bizrare	bizarre	0.87
bizrre	bizarre	0.86
bizsrre	bizarre	0.84
bizzare	bizarre	0.94
bizzarre	bizarre	0.88
blaance	balance	0.87
blance	balance	0.86
bleieve	believe	0.87
blieve	believe	0.86
bnak	bank	0.87
bneeficial	beneficial	0.87
bneefit	benefit	0.87
bneficial	beneficial	0.86
bnefit	benefit	0.86
bnk	bank	0.86
boccoli	broccoli	0.86
borccoli	broccoli	0.87
bozarre	bizarre	0.84
brcause	because	0.84
brccoli	broccoli	0.86
brcocoli	broccoli	0.87
brcoming	becoming	0.84
brfore	before	0.84
brginning	beginning	0.84
bring	being	0.84
brlieve	believe	0.84
brneficial	beneficial	0.84
brnefit	benefit	0.84
brocccoli	broccoli	0.88
broccli	broccoli	0.86
broccloi	broccoli	0.87
broccoi	broccoli	0.86
broccoil	broccoli	0.87
broccolii	broccoli	0.88
broccolli	broccoli	0.88
broccolo	broccoli	0.84
broccooli	broccoli	0.88
broccpli	broccoli	0.84
brococli	broccoli	0.87
brocoli	broccoli	0.86
brocolli	broccoli	0.94
brocvoli	broccoli	0.84
brooccoli	broccoli	0.88
brovcoli	broccoli	0.84
brpccoli	broccoli	0.84
brroccoli	broccoli	0.88
brtween	between	0.84
bsaically	basically	0.87
bsck	back	0.84
bsically	basically	0.86
bsiness	business	0.86
bslance	balance	0.84
bsnk	bank	0.84
bssically	basically	0.84
bsuiness	business	0.87
bsuy	busy	0.87
bsy	busy	0.86
bteween	between	0.87
btoccoli	broccoli	0.84
btween	between	0.86
budiness	business	0.84
budy	busy	0.84
buiness	business	0.86
buisness	business	0.94
busienss	business	0.87
busiess	business	0.86
busiiness	business	0.88
busimess	business	0.84
busineds	business	0.84
busineess	business	0.88
busines	business	0.94
businesd	business	0.84
businesss	business	0.88
businness	business	0.88
businrss	business	0.84
businses	business	0.87
businss	business	0.86
busness	business	0.86
busniess	business	0.87
busoness	business	0.84
bussiness	business	0.88
bussy	busy	0.88
busu	busy	0.84
busyy	busy	0.88
buusiness	business	0.88
buusy	busy	0.88
buy	busy	0.86
buys	busy	0.87
bzarre	bizarre	0.86
bziarre	bizarre	0.87
caalculate	calculate	0.88
caalendar	calendar	0.88
caall	call	0.88
caamouflage	camouflage	0.88
caampaign	campaign	0.88
caanceled	canceled	0.88
caandidate	candidate	0.88
caapital	capital	0.88
caapitalization	capitalization	0.88
caareer	career	0.88
caategory	category	0.88
caaught	caught	0.88
caause	cause	0.88
caceled	canceled	0.86
caclulate	calculate	0.87
cacneled	canceled	0.87
caculate	calculate	0.86
cadidate	candidate	0.86
cadnidate	candidate	0.87
caeer	career	0.86
caegory	category	0.86
caelndar	calendar	0.87
caendar	calendar	0.86
caerer	career	0.87
caetgory	category	0.87
caght	caught	0.86
caguht	caught	0.87
cahllenge	challenge	0.87
cahnge	change	0.87
cahngeable	changeable	0.87
cahnges	changes	0.87
cahpter	chapter	0.87
caight	caught	0.84
caiptal	capital	0.87
caiptalization	capitalization	0.87
caise	cause	0.84
caital	capital	0.86
caitalization	capitalization	0.86
cal	call	0.86
calander	calendar	0.94
calcculate	calculate	0.88
calcilate	calculate	0.84
calclate	calculate	0.86
calcluate	calculate	0.87
calcualte	calculate	0.87
calcuate	calculate	0.86
calculaate	calculate	0.88
calculae	calculate	0.86
calculaet	calculate	0.87
calculatee	calculate	0.88
calculatr	calculate	0.84
calculatte	calculate	0.88
calculaye	calculate	0.84
calcullate	calculate	0.88
calculste	calculate	0.84
calcultae	calculate	0.87
calculte	calculate	0.86
calcuulate	calculate	0.88
caledar	calendar	0.86
calednar	calendar	0.87
caleendar	calendar	0.88
calemdar	calendar	0.84
calenadr	calendar	0.87
calenar	calendar	0.86
calendaar	calendar	0.88
calendarr	calendar	0.88
calendat	calendar	0.84
calenddar	calendar	0.88
calender	calendar	0.94
calendr	calendar	0.86
calendra	calendar	0.87
calendsr	calendar	0.84
calenfar	calendar	0.84
calenndar	calendar	0.88
callculate	calculate	0.88
callendar	calendar	0.88
callenge	challenge	0.86
calll	call	0.88
calndar	calendar	0.86
calnedar	calendar	0.87
calrndar	calendar	0.84
calss	class	0.87
calssic	classic	0.87
caluclate	calculate	0.94
caluculate	calculate	0.94
calulate	calculate	0.86
calvulate	calculate	0.84
camaign	campaign	0.86
camapign	campaign	0.87
camceled	canceled	0.84
camdidate	candidate	0.84
cammouflage	camouflage	0.88
cammpaign	campaign	0.88
camoflage	camouflage	0.94
camofulage	camouflage	0.87
camoiflage	camouflage	0.84
camoouflage	camouflage	0.88
camoufage	camouflage	0.86
camoufalge	camouflage	0.87
camoufflage	camouflage	0.88
camouflaage	camouflage	0.88
camouflae	camouflage	0.86
camouflaeg	camouflage	0.87
camouflagee	camouflage	0.88
camouflagge	camouflage	0.88
camouflagr	camouflage	0.84
camouflahe	camouflage	0.84
camouflgae	camouflage	0.87
camouflge	camouflage	0.86
camoufllage	camouflage	0.88
camouflsge	camouflage	0.84
camouglage	camouflage	0.84
camoulage	camouflage	0.86
camoulfage	camouflage	0.87
camouuflage	camouflage	0.88
campaaign	campaign	0.88
campagin	campaign	0.87
campagn	campaign	0.86
campaiggn	campaign	0.88
campaigm	campaign	0.84
campaignn	campaign	0.88
campaihn	campaign	0.84
campaiign	campaign	0.88
campain	campaign	0.94
campaing	campaign	0.87
campaogn	campaign	0.84
campiagn	campaign	0.87
campign	campaign	0.86
camppaign	campaign	0.88
campsign	campaign	0.84
campuflage	camouflage	0.84
camuflage	camouflage	0.86
camuoflage	camouflage	0.87
cancceled	canceled	0.88
canceed	canceled	0.86
canceeld	canceled	0.87
canceeled	canceled	0.88
canceld	canceled	0.86
cancelde	canceled	0.87
canceledd	canceled	0.88
canceleed	canceled	0.88
cancelef	canceled	0.84
cancelled	canceled	0.86
cancelrd	canceled	0.84
cancled	canceled	0.86
cancleed	canceled	0.87
cancrled	canceled	0.84
canddate	candidate	0.86
canddiate	candidate	0.87
canddidate	candidate	0.88
candiadte	candidate	0.87
candiate	candidate	0.86
candidaate	candidate	0.88
candidae	candidate	0.86
candidaet	candidate	0.87
candidatee	candidate	0.88
candidatr	candidate	0.84
candidatte	candidate	0.88
candidaye	candidate	0.84
candiddate	candidate	0.88
candidste	candidate	0.84
candidtae	candidate	0.87
candidte	candidate	0.86
candifate	candidate	0.84
candiidate	candidate	0.88
candodate	candidate	0.84
canecled	canceled	0.87
caneled	canceled	0.86
canfidate	candidate	0.84
cange	change	0.86
cangeable	changeable	0.86
canges	changes	0.86
canidate	candidate	0.86
caniddate	candidate	0.87
cannceled	canceled	0.88
canndidate	candidate	0.88
canouflage	camouflage	0.84
canpaign	campaign	0.84
cantidate	candidate	0.94
canveled	canceled	0.84
caomuflage	camouflage	0.87
caouflage	camouflage	0.86
capaign	campaign	0.86
capial	capital	0.86
capialization	capitalization	0.86
capiatl	capital	0.87
capiatlization	capitalization	0.87
capiital	capital	0.88
capiitalization	capitalization	0.88
capitaal	capital	0.88
capitaalization	capitalization	0.88
capitailzation	capitalization	0.87
capitaization	capitalization	0.86
capitaliation	capitalization	0.86
capitaliaztion	capitalization	0.87
capitaliization	capitalization	0.88
capitalixation	capitalization	0.84
capitalizaation	capitalization	0.88
capitalizaion	capitalization	0.86
capitalizaiton	capitalization	0.87
capitalizatiion	capitalization	0.88
capitalizatin	capitalization	0.86
capitalizatino	capitalization	0.87
capitalizatiom	capitalization	0.84
capitalizationn	capitalization	0.88
capitalizatioon	capitalization	0.88
capitalizatipn	capitalization	0.84
capitalizatoin	capitalization	0.87
capitalizaton	capitalization	0.86
capitalizatoon	capitalization	0.84
capitalizattion	capitalization	0.88
capitalizayion	capitalization	0.84
capitalizstion	capitalization	0.84
capitaliztaion	capitalization	0.87
capitaliztion	capitalization	0.86
capitalizzation	capitalization	0.88
capitall	capital	0.88
capitallization	capitalization	0.88
capitalozation	capitalization	0.84
capitalzation	capitalization	0.86
capitalziation	capitalization	0.87
capitl	capital	0.86
capitla	capital	0.87
capitlaization	capitalization	0.87
capitlization	capitalization	0.86
capitsl	capital	0.84
capitslization	capitalization	0.84
capittal	capital	0.88
capittalization	capitalization	0.88
capiyal	capital	0.84
capiyalization	capitalization	0.84
capmaign	campaign	0.87
capotal	capital	0.84
capotalization	capitalization	0.84
cappital	capital	0.88
cappitalization	capitalization	0.88
captal	capital	0.86
captalization	capitalization	0.86
capter	chapter	0.86
captial	capital	0.87
captialization	capitalization	0.87
careeer	career	0.88
careerr	career	0.88
careet	career	0.84
carer	career	0.86
carere	career	0.87
carerr	career	0.84
carreer	career	0.88
carrer	career	0.94
case	cause	0.86
cass	class	0.86
cassic	classic	0.86
casue	cause	0.94
catagory	category	0.94
catched	caught	0.90
cateegory	category	0.88
cateer	career	0.84
categgory	category	0.88
categoory	category	0.88
categorry	category	0.88
categoru	category	0.84
categoryy	category	0.88
categoty	category	0.84
categoy	category	0.86
categoyr	category	0.87
categpry	category	0.84
categroy	category	0.87
categry	category	0.86
catehory	category	0.84
cateogry	category	0.87
cateory	category	0.86
catgeory	category	0.87
catgory	category	0.86
catrgory	category	0.84
cattegory	category	0.88
caude	cause	0.84
caue	cause	0.86
caues	cause	0.87
caugght	caught	0.88
caughht	caught	0.88
caughtt	caught	0.88
caughy	caught	0.84
caugjt	caught	0.84
caugt	caught	0.94
caugth	caught	0.87
cauhgt	caught	0.87
cauhht	caught	0.84
cauht	caught	0.86
causee	cause	0.88
causr	cause	0.84
causse	cause	0.88
cauught	caught	0.88
cauuse	cause	0.88
cayegory	category	0.84
ccalculate	calculate	0.88
ccalendar	calendar	0.88
ccall	call	0.88
ccamouflage	camouflage	0.88
ccampaign	campaign	0.88
ccanceled	canceled	0.88
ccandidate	candidate	0.88
ccapital	capital	0.88
ccapitalization	capitalization	0.88
ccareer	career	0.88
ccategory	category	0.88
ccaught	caught	0.88
ccause	cause	0.88
cceiling	ceiling	0.88
ccelsius	celsius	0.88
ccemetery	cemetery	0.88
ccentennial	centennial	0.88
ccertain	certain	0.88
ccertainty	certainty	0.88
cchallenge	challenge	0.88
cchange	change	0.88
cchangeable	changeable	0.88
cchanges	changes	0.88
cchapter	chapter	0.88
ccheck	check	0.88
cchief	chief	0.88
cchosen	chosen	0.88
ccircuit	circuit	0.88
cclass	class	0.88
cclassic	classic	0.88
cclearance	clearance	0.88
cclick	click	0.88
cclient	client	0.88
cclose	close	0.88
cclosed	closed	0.88
ccoffee	coffee	0.88
ccolleague	colleague	0.88
ccollege	college	0.88
ccome	come	0.88
ccoming	coming	0.88
ccommit	commit	0.88
ccommitment	commitment	0.88
ccommitted	committed	0.88
ccommittee	committee	0.88
ccommunication	communication	0.88
ccompany	company	0.88
ccomparison	comparison	0.88
ccompatibility	compatibility	0.88
ccompatible	compatible	0.88
ccomplete	complete	0.88
ccompleted	completed	0.88
ccompletely	completely	0.88
ccomponent	component	0.88
ccompromise	compromise	0.88
ccomputer	computer	0.88
cconclusion	conclusion	0.88
ccondition	condition	0.88
cconfidence	confidence	0.88
cconfirm	confirm	0.88
cconfirmed	confirmed	0.88
cconjunction	conjunction	0.88
cconnection	connection	0.88
cconscious	conscious	0.88
cconsensus	consensus	0.88
cconsider	consider	0.88
cconsistent	consistent	0.88
cconstantly	constantly	0.88
ccontain	contain	0.88
ccontains	contains	0.88
ccontext	context	0.88
ccontinuous	continuous	0.88
ccontribute	contribute	0.88
ccontroversial	controversial	0.88
cconvenience	convenience	0.88
cconvenient	convenient	0.88
ccopied	copied	0.88
ccopy	copy	0.88
ccorollary	corollary	0.88
ccorrect	correct	0.88
ccorrection	correction	0.88
ccorrespond	correspond	0.88
ccost	cost	0.88
ccould	could	0.88
ccourse	course	0.88
ccreate	create	0.88
ccreated	created	0.88
ccreator	creator	0.88
ccriticize	criticize	0.88
ccuriosity	curiosity	0.88
ccurrently	currently	0.88
ccustomer	customer	0.88
cearance	clearance	0.86
ceate	create	0.86
ceated	created	0.86
ceator	creator	0.86
ceck	check	0.86
ceeiling	ceiling	0.88
ceelsius	celsius	0.88
ceemetery	cemetery	0.88
ceemtery	cemetery	0.87
ceentennial	centennial	0.88
ceertain	certain	0.88
ceertainty	certainty	0.88
ceetery	cemetery	0.86
cehck	check	0.87
ceiiling	ceiling	0.88
ceiilng	ceiling	0.87
ceiing	ceiling	0.86
ceilig	ceiling	0.86
ceilign	ceiling	0.87
ceiliing	ceiling	0.88
ceilimg	ceiling	0.84
ceilingg	ceiling	0.88
ceilinh	ceiling	0.84
ceilinng	ceiling	0.88
ceilling	ceiling	0.88
ceilng	ceiling	0.86
ceilnig	ceiling	0.87
ceilong	ceiling	0.84
celarance	clearance	0.87
celcius	celsius	0.94
celdius	celsius	0.84
celiing	ceiling	0.87
celing	ceiling	0.86
celisus	celsius	0.87
celius	celsius	0.86
cellsius	celsius	0.88
celsiis	celsius	0.84
celsiius	celsius	0.88
celsis	celsius	0.86
celsisu	celsius	0.87
celsiud	celsius	0.84
celsiuss	celsius	0.88
celsiuus	celsius	0.88
celsous	celsius	0.84
celssius	celsius	0.88
celsuis	celsius	0.87
celsus	celsius	0.86
cemeery	cemetery	0.86
cemeetery	cemetery	0.88
cemeetry	cemetery	0.87
cemetary	cemetery	0.94
cemeteery	cemetery	0.88
cemeterry	cemetery	0.88
cemeteru	cemetery	0.84
cemeteryy	cemetery	0.88
cemetety	cemetery	0.84
cemetey	cemetery	0.86
cemeteyr	cemetery	0.87
cemetrey	cemetery	0.87
cemetrry	cemetery	0.84
cemetry	cemetery	0.86
cemettery	cemetery	0.88
cemeyery	cemetery	0.84
cemmetery	cemetery	0.88
cemrtery	cemetery	0.84
cemteery	cemetery	0.87
cemtennial	centennial	0.84
cemtery	cemetery	0.86
cenennial	centennial	0.86
cenetery	cemetery	0.84
cenetnnial	centennial	0.87
cenntennial	centennial	0.88
centeennial	centennial	0.88
centemnial	centennial	0.84
centenial	centennial	0.86
centeninal	centennial	0.87
centenmial	centennial	0.84
centennail	centennial	0.87
centennal	centennial	0.86
centenniaal	centennial	0.88
centenniall	centennial	0.88
centenniial	centennial	0.88
centennil	centennial	0.86
centennila	centennial	0.87
centennisl	centennial	0.84
centennnial	centennial	0.88
centennoal	centennial	0.84
cententenial	centennial	0.94
centnenial	centennial	0.87
centnnial	centennial	0.86
centrnnial	centennial	0.84
centtennial	centennial	0.88
cenyennial	centennial	0.84
ceoling	ceiling	0.84
cerain	certain	0.86
cerainty	certainty	0.86
cerate	create	0.87
cerated	created	0.87
ceratin	certain	0.94
ceratinty	certainty	0.87
cerator	creator	0.87
cerrtain	certain	0.88
cerrtainty	certainty	0.88
certaain	certain	0.88
certaainty	certainty	0.88
certaiin	certain	0.88
certaiinty	certainty	0.88
certaim	certain	0.84
certaimty	certainty	0.84
certainity	certainty	0.94
certainn	certain	0.88
certainnty	certainty	0.88
certaintty	certainty	0.88
certaintu	certainty	0.84
certaintyy	certainty	0.88
certainy	certainty	0.86
certainyt	certainty	0.87
certainyy	certainty	0.84
certaitny	certainty	0.87
certaity	certainty	0.86
certan	certain	0.86
certani	certain	0.87
certanity	certainty	0.87
certanty	certainty	0.86
certaon	certain	0.84
certaonty	certainty	0.84
certian	certain	0.87
certianty	certainty	0.87
certin	certain	0.86
certinty	certainty	0.86
certsin	certain	0.84
certsinty	certainty	0.84
certtain	certain	0.88
certtainty	certainty	0.88
ceryain	certain	0.84
ceryainty	certainty	0.84
cesius	celsius	0.86
ceslius	celsius	0.87
cetain	certain	0.86
cetainty	certainty	0.86
cetennial	centennial	0.86
cetnennial	centennial	0.87
cetrain	certain	0.87
cetrainty	certainty	0.87
cettain	certain	0.84
cettainty	certainty	0.84
cffee	coffee	0.86
cfofee	coffee	0.87
chaallenge	challenge	0.88
chaange	change	0.88
chaangeable	changeable	0.88
chaanges	changes	0.88
chaapter	chapter	0.88
chage	change	0.86
chageable	changeable	0.86
chages	changes	0.86
chagne	change	0.87
chagneable	changeable	0.87
chagnes	changes	0.87
chalelnge	challenge	0.87
chalenge	challenge	0.86
challange	challenge	0.94
challeenge	challenge	0.88
challege	challenge	0.86
challegne	challenge	0.87
challemge	challenge	0.84
challene	challenge	0.86
challeneg	challenge	0.87
challengee	challenge	0.88
challengge	challenge	0.88
challengr	challenge	0.84
challenhe	challenge	0.84
challennge	challenge	0.88
challlenge	challenge	0.88
challnege	challenge	0.87
challnge	challenge	0.86
challrnge	challenge	0.84
chamge	change	0.84
chamgeable	changeable	0.84
chamges	changes	0.84
chane	change	0.86
chaneable	changeable	0.86
chaneg	change	0.87
chanegable	changeable	0.87
chanegs	changes	0.87
chanes	changes	0.86
changable	changeable	0.94
changaeble	changeable	0.87
changeaable	changeable	0.88
changeabble	changeable	0.88
changeabe	changeable	0.86
changeabel	changeable	0.87
changeablee	changeable	0.88
changeablle	changeable	0.88
changeablr	changeable	0.84
changealbe	changeable	0.87
changeale	changeable	0.86
changeanle	changeable	0.84
changebale	changeable	0.87
changeble	changeable	0.86
changed	changes	0.84
changee	change	0.88
changeeable	changeable	0.88
changees	changes	0.88
changesble	changeable	0.84
changess	changes	0.88
changge	change	0.88
changgeable	changeable	0.88
changges	changes	0.88
changr	change	0.84
changrable	changeable	0.84
changrs	changes	0.84
changs	changes	0.86
changse	changes	0.87
chanhe	change	0.84
chanheable	changeable	0.84
chanhes	changes	0.84
channge	change	0.88
channgeable	changeable	0.88
channges	changes	0.88
chaper	chapter	0.86
chapetr	chapter	0.87
chappter	chapter	0.88
chapteer	chapter	0.88
chapterr	chapter	0.88
chaptet	chapter	0.84
chaptr	chapter	0.86
chaptre	chapter	0.87
chaptrr	chapter	0.84
chaptter	chapter	0.88
chapyer	chapter	0.84
chater	chapter	0.86
chatper	chapter	0.87
chcek	check	0.87
chck	check	0.86
checck	check	0.88
checkk	check	0.88
checl	check	0.84
cheeck	check	0.88
chef	chief	0.86
cheif	chief	0.94
chek	check	0.86
chekc	check	0.87
chevk	check	0.84
chhallenge	challenge	0.88
chhange	change	0.88
chhangeable	changeable	0.88
chhanges	changes	0.88
chhapter	chapter	0.88
chheck	check	0.88
chhief	chief	0.88
chhosen	chosen	0.88
chieef	chief	0.88
chieff	chief	0.88
chieg	chief	0.84
chif	chief	0.86
chife	chief	0.87
chiief	chief	0.88
chirf	chief	0.84
chlalenge	challenge	0.87
chllenge	challenge	0.86
chnage	change	0.87
chnageable	changeable	0.87
chnages	changes	0.87
chnge	change	0.86
chngeable	changeable	0.86
chnges	changes	0.86
choden	chosen	0.84
choef	chief	0.84
choen	chosen	0.86
choesn	chosen	0.87
choosen	chosen	0.94
choseen	chosen	0.88
chosem	chosen	0.84
chosenn	chosen	0.88
chosn	chosen	0.86
chosne	chosen	0.87
chosrn	chosen	0.84
chossen	chosen	0.88
chpater	chapter	0.87
chpsen	chosen	0.84
chpter	chapter	0.86
chrck	check	0.84
chsen	chosen	0.86
chsllenge	challenge	0.84
chsnge	change	0.84
chsngeable	changeable	0.84
chsnges	changes	0.84
chsoen	chosen	0.87
chspter	chapter	0.84
cick	click	0.86
cicruit	circuit	0.87
cicuit	circuit	0.86
cief	chief	0.86
cieling	ceiling	0.94
cient	client	0.86
cihef	chief	0.87
ciircuit	circuit	0.88
cilck	click	0.87
cilent	client	0.87
ciling	ceiling	0.86
circcuit	circuit	0.88
circiit	circuit	0.84
circit	circuit	0.86
circiut	circuit	0.87
circuiit	circuit	0.88
circuitt	circuit	0.88
circuiy	circuit	0.84
circuot	circuit	0.84
circut	circuit	0.94
circuti	circuit	0.87
circuuit	circuit	0.88
ciriosity	curiosity	0.84
cirrcuit	circuit	0.88
cirrently	currently	0.84
cirticize	criticize	0.87
cirucit	circuit	0.87
ciruit	circuit	0.86
cirvuit	circuit	0.84
cistomer	customer	0.84
citcuit	circuit	0.84
citicize	criticize	0.86
cjallenge	challenge	0.84
cjange	change	0.84
cjangeable	changeable	0.84
cjanges	changes	0.84
cjapter	chapter	0.84
cjeck	check	0.84
cjief	chief	0.84
cjosen	chosen	0.84
claass	class	0.88
claassic	classic	0.88
claculate	calculate	0.87
clads	class	0.84
cladsic	classic	0.84
claendar	calendar	0.87
claerance	clearance	0.87
clal	call	0.87
clarance	clearance	0.86
clas	class	0.86
clasd	class	0.84
clasdic	classic	0.84
clasic	classic	0.94
clasisc	classic	0.87
classc	classic	0.86
classci	classic	0.87
classicc	classic	0.88
classiic	classic	0.88
classiv	classic	0.84
classoc	classic	0.84
classs	class	0.88
classsic	classic	0.88
clcik	click	0.87
clck	click	0.86
clculate	calculate	0.86
cleaance	clearance	0.86
cleaarance	clearance	0.88
cleaarnce	clearance	0.87
clearaance	clearance	0.88
clearace	clearance	0.86
clearacne	clearance	0.87
clearamce	clearance	0.84
clearancce	clearance	0.88
clearancee	clearance	0.88
clearancr	clearance	0.84
clearane	clearance	0.86
clearanec	clearance	0.87
clearannce	clearance	0.88
clearanve	clearance	0.84
clearence	clearance	0.94
clearnace	clearance	0.87
clearnce	clearance	0.86
clearrance	clearance	0.88
clearsnce	clearance	0.84
cleatance	clearance	0.84
cleearance	clearance	0.88
cleint	client	0.87
clendar	calendar	0.86
clent	client	0.86
cleraance	clearance	0.87
clerance	clearance	0.86
clesius	celsius	0.87
clesrance	clearance	0.84
cliant	client	0.94
clicck	click	0.88
clickk	click	0.88
clicl	click	0.84
clieent	client	0.88
cliemt	client	0.84
cliennt	client	0.88
clientt	client	0.88
clieny	client	0.84
cliet	client	0.86
clietn	client	0.87
cliick	click	0.88
cliient	client	0.88
clik	click	0.94
clikc	click	0.87
clinet	client	0.94
clint	client	0.86
clirnt	client	0.84
clivk	click	0.84
cll	call	0.86
cllass	class	0.88
cllassic	classic	0.88
clleague	colleague	0.86
cllearance	clearance	0.88
cllege	college	0.86
cllick	click	0.88
cllient	client	0.88
cllose	close	0.88
cllosed	closed	0.88
clock	click	0.84
clode	close	0.84
cloded	closed	0.84
cloe	close	0.86
cloed	closed	0.86
cloent	client	0.84
cloes	close	0.87
cloesd	closed	0.87
cloleague	colleague	0.87
clolege	college	0.87
cloose	close	0.88
cloosed	closed	0.88
closd	closed	0.86
closde	closed	0.87
closedd	closed	0.88
closee	close	0.88
closeed	closed	0.88
closef	closed	0.84
closr	close	0.84
closrd	closed	0.84
closse	close	0.88
clossed	closed	0.88
clould	could	0.94
clpse	close	0.84
clpsed	closed	0.84
clrarance	clearance	0.84
clsas	class	0.87
clsasic	classic	0.87
clse	close	0.86
clsed	closed	0.86
clsius	celsius	0.86
clsoe	close	0.87
clsoed	closed	0.87
clss	class	0.86
clssic	classic	0.86
clsss	class	0.84
clsssic	classic	0.84
cmaouflage	camouflage	0.87
cmapaign	campaign	0.87
cme	come	0.86
cmeetery	cemetery	0.87
cmetery	cemetery	0.86
cming	coming	0.86
cmmit	commit	0.86
cmmitment	commitment	0.86
cmmitted	committed	0.86
cmmittee	committee	0.86
cmmunication	communication	0.86
cmoe	come	0.87
cmoing	coming	0.87
cmomit	commit	0.87
cmomitment	commitment	0.87
cmomitted	committed	0.87
cmomittee	committee	0.87
cmomunication	communication	0.87
cmopany	company	0.87
cmoparison	comparison	0.87
cmopatibility	compatibility	0.87
cmopatible	compatible	0.87
cmoplete	complete	0.87
cmopleted	completed	0.87
cmopletely	completely	0.87
cmoponent	component	0.87
cmopromise	compromise	0.87
cmoputer	computer	0.87
cmouflage	camouflage	0.86
cmpaign	campaign	0.86
cmpany	company	0.86
cmparison	comparison	0.86
cmpatibility	compatibility	0.86
cmpatible	compatible	0.86
cmplete	complete	0.86
cmpleted	completed	0.86
cmpletely	completely	0.86
cmponent	component	0.86
cmpromise	compromise	0.86
cmputer	computer	0.86
cnaceled	canceled	0.87
cnadidate	candidate	0.87
cnceled	canceled	0.86
cnclusion	conclusion	0.86
cndidate	candidate	0.86
cndition	condition	0.86
cnetennial	centennial	0.87
cnfidence	confidence	0.86
cnfirm	confirm	0.86
cnfirmed	confirmed	0.86
cnjunction	conjunction	0.86
cnnection	connection	0.86
cnoclusion	conclusion	0.87
cnodition	condition	0.87
cnofidence	confidence	0.87
cnofirm	confirm	0.87
cnofirmed	confirmed	0.87
cnojunction	conjunction	0.87
cnonection	connection	0.87
cnoscious	conscious	0.87
cnosensus	consensus	0.87
cnosider	consider	0.87
cnosistent	consistent	0.87
cnostantly	constantly	0.87
cnotain	contain	0.87
cnotains	contains	0.87
cnotext	context	0.87
cnotinuous	continuous	0.87
cnotribute	contribute	0.87
cnotroversial	controversial	0.87
cnovenience	convenience	0.87
cnovenient	convenient	0.87
cnscious	conscious	0.86
cnsensus	consensus	0.86
cnsider	consider	0.86
cnsistent	consistent	0.86
cnstantly	constantly	0.86
cntain	contain	0.86
cntains	contains	0.86
cntennial	centennial	0.86
cntext	context	0.86
cntinuous	continuous	0.86
cntribute	contribute	0.86
cntroversial	controversial	0.86
cnvenience	convenience	0.86
cnvenient	convenient	0.86
coclusion	conclusion	0.86
cocnlusion	conclusion	0.87
codition	condition	0.86
codnition	condition	0.87
codt	cost	0.84
coe	come	0.86
coem	come	0.87
cofee	coffee	0.94
cofefe	coffee	0.87
coffe	coffee	0.86
coffeee	coffee	0.88
coffer	coffee	0.84
cofffee	coffee	0.88
coffre	coffee	0.84
cofgee	coffee	0.84
cofidence	confidence	0.86
cofirm	confirm	0.86
cofirmed	confirmed	0.86
cofnidence	confidence	0.87
cofnirm	confirm	0.87
cofnirmed	confirmed	0.87
cogfee	coffee	0.84
cohsen	chosen	0.87
coied	copied	0.86
coild	could	0.84
coimng	coming	0.87
coing	coming	0.86
coiped	copied	0.87
coirse	course	0.84
cojnunction	conjunction	0.87
cojunction	conjunction	0.86
cold	could	0.86
coleague	colleague	0.86
colege	college	0.86
colelague	colleague	0.87
colelge	college	0.87
collaegue	colleague	0.87
collague	colleague	0.86
colleaague	colleague	0.88
colleage	colleague	0.86
colleageu	colleague	0.87
colleaggue	colleague	0.88
colleagie	colleague	0.84
colleaguee	colleague	0.88
colleagur	colleague	0.84
colleaguue	colleague	0.88
colleahue	colleague	0.84
colleaue	colleague	0.86
colleauge	colleague	0.87
collee	college	0.86
colleeague	colleague	0.88
colleeg	college	0.87
colleege	college	0.88
collegaue	colleague	0.87
collegee	college	0.88
collegge	college	0.88
collegr	college	0.84
collegue	colleague	0.94
collehe	college	0.84
collesgue	colleague	0.84
collge	college	0.86
collgee	college	0.87
collleague	colleague	0.88
colllege	college	0.88
collrague	colleague	0.84
collrge	college	0.84
colse	close	0.87
colsed	closed	0.87
colud	could	0.87
comany	company	0.86
comapny	company	0.94
comaprison	comparison	0.87
comaptibility	compatibility	0.87
comaptible	compatible	0.87
comarison	comparison	0.86
comatibility	compatibility	0.86
comatible	compatible	0.86
comback	come back	0.88
comclusion	conclusion	0.84
comdition	condition	0.84
comee	come	0.88
comfidence	confidence	0.84
comfirm	confirm	0.84
comfirmed	confirmed	0.84
comig	coming	0.86
comign	coming	0.87
comiing	coming	0.88
comimg	coming	0.84
comimt	commit	0.87
comimtment	commitment	0.87
comimtted	committed	0.87
comimttee	committee	0.87
comingg	coming	0.88
cominh	coming	0.84
cominng	coming	0.88
comit	commit	0.94
comitment	commitment	0.86
comitted	committed	0.86
comittee	committee	0.86
comjunction	conjunction	0.84
comlete	complete	0.86
comleted	completed	0.86
comletely	completely	0.86
comlpete	complete	0.87
comlpeted	completed	0.87
comlpetely	completely	0.87
comme	come	0.88
commiit	commit	0.88
commiitment	commitment	0.88
commiitted	committed	0.88
commiittee	committee	0.88
commiment	commitment	0.86
commimtent	commitment	0.87
comming	coming	0.94
comminication	communication	0.94
commited	committed	0.94
commitee	committee	0.94
commitemnt	commitment	0.87
commitent	commitment	0.86
commitetd	committed	0.87
commitete	committee	0.87
commitmeent	commitment	0.88
commitmemt	commitment	0.84
commitmennt	commitment	0.88
commitmentt	commitment	0.88
commitmeny	commitment	0.84
commitmet	commitment	0.86
commitmetn	commitment	0.87
commitmment	commitment	0.88
commitmnet	commitment	0.87
commitmnt	commitment	0.86
commitmrnt	commitment	0.84
commitnent	commitment	0.84
committ	commit	0.88
committd	committed	0.86
committde	committed	0.87
committe	committee	0.86
committedd	committed	0.88
committeed	committed	0.88
committeee	committee	0.88
committef	committed	0.84
committer	committee	0.84
committment	commitment	0.94
committrd	committed	0.84
committre	committee	0.84
committted	committed	0.88
committtee	committee	0.88
commityed	committed	0.84
commityee	committee	0.84
commiy	commit	0.84
commiyment	commitment	0.84
commiyted	committed	0.84
commiytee	committee	0.84
commmit	commit	0.88
commmitment	commitment	0.88
commmitted	committed	0.88
commmittee	committee	0.88
commmunication	communication	0.88
commnication	communication	0.86
commnuication	communication	0.87
commot	commit	0.84
commotment	commitment	0.84
commotted	committed	0.84
commottee	committee	0.84
commpany	company	0.88
commparison	comparison	0.88
commpatibility	compatibility	0.88
commpatible	compatible	0.88
commplete	complete	0.88
commpleted	completed	0.88
commpletely	completely	0.88
commponent	component	0.88
commpromise	compromise	0.88
commputer	computer	0.88
commt	commit	0.86
commti	commit	0.87
commtiment	commitment	0.87
commtited	committed	0.87
commtitee	committee	0.87
commtment	commitment	0.86
commtted	committed	0.86
commttee	committee	0.86
commuication	communication	0.86
commuincation	communication	0.87
commumication	communication	0.84
communcation	communication	0.86
communciation	communication	0.87
communiaction	communication	0.87
communiation	communication	0.86
communicaation	communication	0.88
communicaion	communication	0.86
communicaiton	communication	0.94
communicatiion	communication	0.88
communicatin	communication	0.86
communicatino	communication	0.87
communicatiom	communication	0.84
communicationn	communication	0.88
communicatioon	communication	0.88
communicatipn	communication	0.84
communicatoin	communication	0.87
communicaton	communication	0.86
communicatoon	communication	0.84
communicattion	communication	0.88
communicayion	communication	0.84
communiccation	communication	0.88
communicstion	communication	0.84
communictaion	communication	0.87
communiction	communication	0.86
communiication	communication	0.88
communivation	communication	0.84
communnication	communication	0.88
communocation	communication	0.84
commuunication	communication	0.88
comnection	connection	0.84
comng	coming	0.86
comnig	coming	0.87
comnit	commit	0.84
comnitment	commitment	0.84
comnitted	committed	0.84
comnittee	committee	0.84
comnunication	communication	0.84
comonent	component	0.86
comong	coming	0.84
comopnent	component	0.87
compaany	company	0.88
compaarison	comparison	0.88
compaatibility	compatibility	0.88
compaatible	compatible	0.88
compaibility	compatibility	0.86
compaible	compatible	0.86
compairson	comparison	0.87
compaison	comparison	0.86
compaitbility	compatibility	0.87
compaitble	compatible	0.87
compamy	company	0.84
companny	company	0.88
companu	company	0.84
companyy	company	0.88
comparidon	comparison	0.84
compariison	comparison	0.88
comparion	comparison	0.86
compariosn	comparison	0.87
comparision	comparison	0.94
comparisn	comparison	0.86
comparisno	comparison	0.87
comparisom	comparison	0.84
comparisonn	comparison	0.88
comparisoon	comparison	0.88
comparispn	comparison	0.84
comparisson	comparison	0.88
comparoson	comparison	0.84
comparrison	comparison	0.88
comparsion	comparison	0.87
comparson	comparison	0.86
compatable	compatible	0.94
compatbiility	compatibility	0.87
compatbile	compatible	0.87
compatbility	compatibility	0.86
compatble	compatible	0.86
compatibbility	compatibility	0.88
compatibble	compatible	0.88
compatibe	compatible	0.86
compatibel	compatible	0.87
compatibiility	compatibility	0.88
compatibiilty	compatibility	0.87
compatibiity	compatibility	0.86
compatibiliity	compatibility	0.88
compatibilitty	compatibility	0.88
compatibilitu	compatibility	0.84
compatibilityy	compatibility	0.88
compatibiliy	compatibility	0.86
compatibiliyt	compatibility	0.87
compatibiliyy	compatibility	0.84
compatibillity	compatibility	0.88
compatibiloty	compatibility	0.84
compatibiltiy	compatibility	0.87
compatibilty	compatibility	0.86
compatiblee	compatible	0.88
compatibliity	compatibility	0.87
compatiblity	compatibility	0.94
compatiblle	compatible	0.88
compatiblr	compatible	0.84
compatibolity	compatibility	0.84
compatiibility	compatibility	0.88
compatiible	compatible	0.88
compatiiblity	compatibility	0.87
compatiility	compatibility	0.86
compatilbe	compatible	0.87
compatile	compatible	0.86
compatinility	compatibility	0.84
compatinle	compatible	0.84
compatison	comparison	0.84
compatobility	compatibility	0.84
compatoble	compatible	0.84
compattibility	compatibility	0.88
compattible	compatible	0.88
compay	company	0.86
compayibility	compatibility	0.84
compayible	compatible	0.84
compayn	company	0.87
compelte	complete	0.94
compelted	completed	0.87
compeltely	completely	0.87
compete	complete	0.86
competed	completed	0.86
competely	completely	0.86
compiter	computer	0.84
complee	complete	0.86
compleed	completed	0.86
compleely	completely	0.86
compleet	complete	0.87
compleetd	completed	0.87
compleete	complete	0.88
compleeted	completed	0.88
compleetely	completely	0.88
compleetly	completely	0.87
completd	completed	0.86
completde	completed	0.87
completedd	completed	0.88
completee	complete	0.88
completeed	completed	0.88
completeely	completely	0.88
completef	completed	0.84
completelly	completely	0.88
completelu	completely	0.84
completelyy	completely	0.88
completey	completely	0.86
completeyl	completely	0.87
completley	completely	0.87
completly	completely	0.94
completr	complete	0.84
completrd	completed	0.84
completrly	completely	0.84
complette	complete	0.88
completted	completed	0.88
complettely	completely	0.88
compleye	complete	0.84
compleyed	completed	0.84
compleyely	completely	0.84
compllete	complete	0.88
complleted	completed	0.88
complletely	completely	0.88
complrte	complete	0.84
complrted	completed	0.84
complrtely	completely	0.84
complte	complete	0.86
complted	completed	0.86
compltee	complete	0.87
complteed	completed	0.87
complteely	completely	0.87
compltely	completely	0.86
compnay	company	0.87
compnent	component	0.86
compnoent	component	0.87
compny	company	0.86
compoennt	component	0.87
compoent	component	0.86
compoment	component	0.84
compomise	compromise	0.86
componant	component	0.94
componeent	component	0.88
componemt	component	0.84
componennt	component	0.88
componentt	component	0.88
componeny	component	0.84
componet	component	0.86
componetn	component	0.87
componnent	component	0.88
componnet	component	0.87
componnt	component	0.86
componrnt	component	0.84
compoonent	component	0.88
compormise	compromise	0.87
comppany	company	0.88
compparison	comparison	0.88
comppatibility	compatibility	0.88
comppatible	compatible	0.88
compplete	complete	0.88
comppleted	completed	0.88
comppletely	completely	0.88
comppnent	component	0.84
compponent	component	0.88
comppromise	compromise	0.88
compputer	computer	0.88
compraison	comparison	0.87
comprimise	compromise	0.94
comprison	comparison	0.86
comprmise	compromise	0.86
comprmoise	compromise	0.87
comproimse	compromise	0.87
comproise	compromise	0.86
compromide	compromise	0.84
compromie	compromise	0.86
compromies	compromise	0.87
compromiise	compromise	0.88
compromisee	compromise	0.88
compromisr	compromise	0.84
compromisse	compromise	0.88
comprommise	compromise	0.88
compromose	compromise	0.84
compromse	compromise	0.86
compromsie	compromise	0.87
compronise	compromise	0.84
comproomise	compromise	0.88
comprpmise	compromise	0.84
comprromise	compromise	0.88
compsny	company	0.84
compsrison	comparison	0.84
compstibility	compatibility	0.84
compstible	compatible	0.84
comptaibility	compatibility	0.87
comptaible	compatible	0.87
compter	computer	0.86
comptibility	compatibility	0.86
comptible	compatible	0.86
comptomise	compromise	0.84
comptuer	computer	0.87
compuer	computer	0.86
compuetr	computer	0.87
computeer	computer	0.88
computerr	computer	0.88
computet	computer	0.84
computr	computer	0.86
computre	computer	0.87
computrr	computer	0.84
computter	computer	0.88
compuuter	computer	0.88
compuyer	computer	0.84
comr	come	0.84
comromise	compromise	0.86
comrpomise	compromise	0.87
comscious	conscious	0.84
comsensus	consensus	0.84
comsider	consider	0.84
comsistent	consistent	0.84
comstantly	constantly	0.84
comtain	contain	0.84
comtains	contains	0.84
comtext	context	0.84
comtinuous	continuous	0.84
comtribute	contribute	0.84
comtroversial	controversial	0.84
comumnication	communication	0.87
comunication	communication	0.86
comupter	computer	0.87
comuter	computer	0.86
comvenience	convenience	0.84
comvenient	convenient	0.84
conain	contain	0.86
conains	contains	0.86
conatin	contain	0.87
conatins	contains	0.87
conbenience	convenience	0.84
conbenient	convenient	0.84
concclusion	conclusion	0.88
concensus	consensus	0.94
concider	consider	0.94
concious	conscious	0.94
conclision	conclusion	0.84
concllusion	conclusion	0.88
conclsion	conclusion	0.86
conclsuion	conclusion	0.87
concludion	conclusion	0.84
concluion	conclusion	0.86
concluison	conclusion	0.87
conclusiion	conclusion	0.88
conclusin	conclusion	0.86
conclusino	conclusion	0.87
conclusiom	conclusion	0.84
conclusionn	conclusion	0.88
conclusioon	conclusion	0.88
conclusipn	conclusion	0.84
conclusoin	conclusion	0.87
concluson	conclusion	0.86
conclusoon	conclusion	0.84
conclussion	conclusion	0.88
concluusion	conclusion	0.88
concsious	conscious	0.87
conculsion	conclusion	0.87
concusion	conclusion	0.86
condcious	conscious	0.84
conddition	condition	0.88
condensus	consensus	0.84
condider	consider	0.84
condiion	condition	0.86
condiition	condition	0.88
condiiton	condition	0.87
condistent	consistent	0.84
conditiion	condition	0.88
conditin	condition	0.86
conditino	condition	0.87
conditiom	condition	0.84
conditionn	condition	0.88
conditioon	condition	0.88
conditipn	condition	0.84
conditoin	condition	0.87
conditon	condition	0.94
conditoon	condition	0.84
condittion	condition	0.88
condiyion	condition	0.84
condotion	condition	0.84
condtantly	constantly	0.84
condtiion	condition	0.87
condtion	condition	0.86
cone	come	0.84
conection	connection	0.86
conenction	connection	0.87
conenience	convenience	0.86
conenient	convenient	0.86
conensus	consensus	0.86
conesnsus	consensus	0.87
conetxt	context	0.87
conevnience	convenience	0.87
conevnient	convenient	0.87
conext	context	0.86
confdence	confidence	0.86
confdience	confidence	0.87
conffidence	confidence	0.88
conffirm	confirm	0.88
conffirmed	confirmed	0.88
confidance	confidence	0.94
confiddence	confidence	0.88
confidece	confidence	0.86
confidecne	confidence	0.87
confideence	confidence	0.88
confidemce	confidence	0.84
confidencce	confidence	0.88
confidencee	confidence	0.88
confidencr	confidence	0.84
confidene	confidence	0.86
confidenec	confidence	0.87
confidennce	confidence	0.88
confidenve	confidence	0.84
confidnce	confidence	0.86
confidnece	confidence	0.87
confidrnce	confidence	0.84
confiednce	confidence	0.87
confience	confidence	0.86
confifence	confidence	0.84
confiidence	confidence	0.88
confiirm	confirm	0.88
confiirmed	confirmed	0.88
confim	confirm	0.86
confimed	confirmed	0.94
confimr	confirm	0.87
confimred	confirmed	0.87
confired	confirmed	0.86
confiremd	confirmed	0.87
confirmd	confirmed	0.86
confirmde	confirmed	0.87
confirmedd	confirmed	0.88
confirmeed	confirmed	0.88
confirmef	confirmed	0.84
confirmm	confirm	0.88
confirmmed	confirmed	0.88
confirmrd	confirmed	0.84
confirn	confirm	0.84
confirned	confirmed	0.84
confirrm	confirm	0.88
confirrmed	confirmed	0.88
confition	condition	0.84
confitm	confirm	0.84
confitmed	confirmed	0.84
confodence	confidence	0.84
conform	confirm	0.84
conformed	confirmed	0.84
confrim	confirm	0.87
confrimed	confirmed	0.87
confrm	confirm	0.86
confrmed	confirmed	0.86
congidence	confidence	0.84
congirm	confirm	0.84
congirmed	confirmed	0.84
congradulations	congratulations	0.94
conidence	confidence	0.86
conider	consider	0.86
conidtion	condition	0.87
conifdence	confidence	0.87
conifrm	confirm	0.87
conifrmed	confirmed	0.87
coning	coming	0.84
coninuous	continuous	0.86
conirm	confirm	0.86
conirmed	confirmed	0.86
conisder	consider	0.87
conisstent	consistent	0.87
conistent	consistent	0.86
conition	condition	0.86
conitnuous	continuous	0.87
conjinction	conjunction	0.84
conjjunction	conjunction	0.88
conjnction	conjunction	0.86
conjnuction	conjunction	0.87
conjucntion	conjunction	0.87
conjuction	conjunction	0.94
conjumction	conjunction	0.84
conjuncction	conjunction	0.88
conjuncion	conjunction	0.86
conjunciton	conjunction	0.87
conjunctiion	conjunction	0.88
conjunctin	conjunction	0.86
conjunctino	conjunction	0.87
conjunctiom	conjunction	0.84
conjunctionn	conjunction	0.88
conjunctioon	conjunction	0.88
conjunctipn	conjunction	0.84
conjunctoin	conjunction	0.87
conjuncton	conjunction	0.86
conjunctoon	conjunction	0.84
conjuncttion	conjunction	0.88
conjuncyion	conjunction	0.84
conjunnction	conjunction	0.88
conjuntcion	conjunction	0.87
conjuntion	conjunction	0.86
conjunvtion	conjunction	0.84
conjuunction	conjunction	0.88
conkunction	conjunction	0.84
conlcusion	conclusion	0.87
conlusion	conclusion	0.86
conmection	connection	0.84
conmit	commit	0.84
conmitment	commitment	0.84
conmitted	committed	0.84
conmittee	committee	0.84
conmunication	communication	0.84
conncetion	connection	0.87
connclusion	conclusion	0.88
connction	connection	0.86
conndition	condition	0.88
connecction	connection	0.88
connecion	connection	0.86
conneciton	connection	0.87
connectiion	connection	0.88
connectin	connection	0.86
connectino	connection	0.87
connectiom	connection	0.84
connectionn	connection	0.88
connectioon	connection	0.88
connectipn	connection	0.84
connectoin	connection	0.87
connecton	connection	0.94
connectoon	connection	0.84
connecttion	connection	0.88
connecyion	connection	0.84
conneection	connection	0.88
connetcion	connection	0.87
connetion	connection	0.86
connevtion	connection	0.84
connfidence	confidence	0.88
connfirm	confirm	0.88
connfirmed	confirmed	0.88
connjunction	conjunction	0.88
connnection	connection	0.88
connrction	connection	0.84
connscious	conscious	0.88
connsensus	consensus	0.88
connsider	consider	0.88
connsistent	consistent	0.88
connstantly	constantly	0.88
conntain	contain	0.88
conntains	contains	0.88
conntext	context	0.88
conntinuous	continuous	0.88
conntribute	contribute	0.88
conntroversial	controversial	0.88
connvenience	convenience	0.88
connvenient	convenient	0.88
conpany	company	0.84
conparison	comparison	0.84
conpatibility	compatibility	0.84
conpatible	compatible	0.84
conplete	complete	0.84
conpleted	completed	0.84
conpletely	completely	0.84
conponent	component	0.84
conpromise	compromise	0.84
conputer	computer	0.84
conribute	contribute	0.86
conroversial	controversial	0.86
conrtibute	contribute	0.87
conrtoversial	controversial	0.87
consantly	constantly	0.86
consatntly	constantly	0.87
consccious	conscious	0.88
consciious	conscious	0.88
consciois	conscious	0.84
conscioous	conscious	0.88
conscios	conscious	0.86
consciosu	conscious	0.87
conscioud	conscious	0.84
consciouss	conscious	0.88
consciouus	conscious	0.88
conscipus	conscious	0.84
consciuos	conscious	0.87
conscius	conscious	0.86
conscoius	conscious	0.87
conscoous	conscious	0.84
conscous	conscious	0.86
consder	consider	0.86
consdier	consider	0.87
conseensus	consensus	0.88
consemsus	consensus	0.84
consendus	consensus	0.84
consennsus	consensus	0.88
consensis	consensus	0.84
consenss	consensus	0.86
consenssu	consensus	0.87
consenssus	consensus	0.88
consensud	consensus	0.84
consensuss	consensus	0.88
consensuus	consensus	0.88
consenus	consensus	0.86
consenuss	consensus	0.87
consesnus	consensus	0.87
consesus	consensus	0.86
consicous	conscious	0.87
considder	consider	0.88
consideer	consider	0.88
considerr	consider	0.88
considet	consider	0.84
considr	consider	0.86
considre	consider	0.87
considrr	consider	0.84
considtent	consistent	0.84
consiedr	consider	0.87
consier	consider	0.86
consifer	consider	0.84
consiider	consider	0.88
consiistent	consistent	0.88
consious	conscious	0.86
consisent	consistent	0.86
consisetnt	consistent	0.87
consisstent	consistent	0.88
consistant	consistent	0.94
consisteent	consistent	0.88
consistemt	consistent	0.84
consistennt	consistent	0.88
consistentt	consistent	0.88
consisteny	consistent	0.84
consistet	consistent	0.86
consistetn	consistent	0.87
consistnet	consistent	0.87
consistnt	consistent	0.86
consistrnt	consistent	0.84
consisttent	consistent	0.88
consisyent	consistent	0.84
consitent	consistent	0.86
consitsent	consistent	0.87
consnesus	consensus	0.87
consnsus	consensus	0.86
consoder	consider	0.84
consostent	consistent	0.84
consrnsus	consensus	0.84
consscious	conscious	0.88
conssensus	consensus	0.88
conssider	consider	0.88
conssistent	consistent	0.88
conssitent	consistent	0.87
consstantly	constantly	0.88
consstent	consistent	0.86
constaantly	constantly	0.88
constamtly	constantly	0.84
constanlty	constantly	0.87
constanly	constantly	0.94
constanntly	constantly	0.88
constantlly	constantly	0.88
constantlu	constantly	0.84
constantlyy	constantly	0.88
constanttly	constantly	0.88
constanty	constantly	0.86
constantyl	constantly	0.87
constanyly	constantly	0.84
constatly	constantly	0.86
constatnly	constantly	0.87
constnatly	constantly	0.87
constntly	constantly	0.86
constsntly	constantly	0.84
consttantly	constantly	0.88
consvious	conscious	0.84
consyantly	constantly	0.84
contaain	contain	0.88
contaains	contains	0.88
contaiin	contain	0.88
contaiins	contains	0.88
contaim	contain	0.84
contaims	contains	0.84
containd	contains	0.84
containn	contain	0.88
containns	contains	0.88
containss	contains	0.88
contais	contains	0.86
contaisn	contains	0.87
contan	contain	0.86
contani	contain	0.87
contanis	contains	0.87
contans	contains	0.86
contantly	constantly	0.86
contaon	contain	0.84
contaons	contains	0.84
contect	context	0.84
conteext	context	0.88
contet	context	0.86
contetx	context	0.87
contextt	context	0.88
contexxt	context	0.88
contexy	context	0.84
contian	contain	0.94
contians	contains	0.94
contibute	contribute	0.94
contiinuous	continuous	0.88
contimuous	continuous	0.84
contin	contain	0.86
continious	continuous	0.84
continnuous	continuous	0.88
continous	continuous	0.94
continouus	continuous	0.87
contins	contains	0.86
continuois	continuous	0.84
continuoous	continuous	0.88
continuos	continuous	0.86
continuosu	continuous	0.87
continuoud	continuous	0.84
continuouss	continuous	0.88
continuouus	continuous	0.88
continupus	continuous	0.84
continuuos	continuous	0.87
continuuous	continuous	0.88
continuus	continuous	0.86
contirbute	contribute	0.87
contiunous	continuous	0.87
contiuous	continuous	0.86
contniuous	continuous	0.87
contnuous	continuous	0.86
contonuous	continuous	0.84
contorversial	controversial	0.87
contoversial	controversial	0.86
contraversial	controversial	0.94
contrbiute	contribute	0.87
contrbute	contribute	0.86
contribbute	contribute	0.88
contribite	contribute	0.84
contribte	contribute	0.86
contribtue	contribute	0.87
contribue	contribute	0.86
contribuet	contribute	0.87
contributee	contribute	0.88
contributr	contribute	0.84
contributte	contribute	0.88
contribuute	contribute	0.88
contribuye	contribute	0.84
contriibute	contribute	0.88
contrinute	contribute	0.84
contriubte	contribute	0.87
contriute	contribute	0.86
controbersial	controversial	0.84
controbute	contribute	0.84
controersial	controversial	0.86
controevrsial	controversial	0.87
controoversial	controversial	0.88
controveersial	controversial	0.88
controverdial	controversial	0.84
controverial	controversial	0.86
controverisal	controversial	0.87
controverrsial	controversial	0.88
controversail	controversial	0.87
controversal	controversial	0.86
controversiaal	controversial	0.88
controversiall	controversial	0.88
controversiial	controversial	0.88
controversil	controversial	0.86
controversila	controversial	0.87
controversisl	controversial	0.84
controversoal	controversial	0.84
controverssial	controversial	0.88
controvesial	controversial	0.86
controvesrial	controversial	0.87
controvetsial	controversial	0.84
controvresial	controversial	0.87
controvrrsial	controversial	0.84
controvrsial	controversial	0.86
controvversial	controversial	0.88
contrpversial	controversial	0.84
contrribute	contribute	0.88
contrroversial	controversial	0.88
contrversial	controversial	0.86
contrvoersial	controversial	0.87
contrxt	context	0.84
contsantly	constantly	0.87
contsin	contain	0.84
contsins	contains	0.84
conttain	contain	0.88
conttains	contains	0.88
conttext	context	0.88
conttibute	contribute	0.84
conttinuous	continuous	0.88
conttoversial	controversial	0.84
conttribute	contribute	0.88
conttroversial	controversial	0.88
contxet	context	0.87
contxt	context	0.86
conujnction	conjunction	0.87
conunction	conjunction	0.86
conveenience	convenience	0.88
conveenient	convenient	0.88
conveience	convenience	0.86
conveient	convenient	0.86
conveinence	convenience	0.87
conveinent	convenient	0.94
convemience	convenience	0.84
convemient	convenient	0.84
conveneince	convenience	0.87
conveneint	convenient	0.87
convenence	convenience	0.86
convenent	convenient	0.86
conveniece	convenience	0.86
conveniecne	convenience	0.87
convenieence	convenience	0.88
convenieent	convenient	0.88
conveniemce	convenience	0.84
conveniemt	convenient	0.84
conveniencce	convenience	0.88
conveniencee	convenience	0.88
conveniencr	convenience	0.84
conveniene	convenience	0.86
convenienec	convenience	0.87
conveniennce	convenience	0.88
conveniennt	convenient	0.88
convenientt	convenient	0.88
convenienve	convenience	0.84
convenieny	convenient	0.84
conveniet	convenient	0.86
convenietn	convenient	0.87
conveniience	convenience	0.88
conveniient	convenient	0.88
convenince	convenience	0.86
conveninece	convenience	0.87
conveninet	convenient	0.87
convenint	convenient	0.86
convenirnce	convenience	0.84
convenirnt	convenient	0.84
convennience	convenience	0.88
convennient	convenient	0.88
convenoence	convenience	0.84
convenoent	convenient	0.84
convinence	convenience	0.94
convlusion	conclusion	0.84
convneience	convenience	0.87
convneient	convenient	0.87
convnience	convenience	0.86
convnient	convenient	0.86
convrnience	convenience	0.84
convrnient	convenient	0.84
convvenience	convenience	0.88
convvenient	convenient	0.88
conyain	contain	0.84
conyains	contains	0.84
conyext	context	0.84
conyinuous	continuous	0.84
conyribute	contribute	0.84
conyroversial	controversial	0.84
cooffee	coffee	0.88
coollary	corollary	0.86
coolleague	colleague	0.88
coollege	college	0.88
coome	come	0.88
cooming	coming	0.88
coommit	commit	0.88
coommitment	commitment	0.88
coommitted	committed	0.88
coommittee	committee	0.88
coommunication	communication	0.88
coompany	company	0.88
coomparison	comparison	0.88
coompatibility	compatibility	0.88
coompatible	compatible	0.88
coomplete	complete	0.88
coompleted	completed	0.88
coompletely	completely	0.88
coomponent	component	0.88
coompromise	compromise	0.88
coomputer	computer	0.88
coonclusion	conclusion	0.88
coondition	condition	0.88
coonfidence	confidence	0.88
coonfirm	confirm	0.88
coonfirmed	confirmed	0.88
coonjunction	conjunction	0.88
coonnection	connection	0.88
coonscious	conscious	0.88
coonsensus	consensus	0.88
coonsider	consider	0.88
coonsistent	consistent	0.88
coonstantly	constantly	0.88
coontain	contain	0.88
coontains	contains	0.88
coontext	context	0.88
coontinuous	continuous	0.88
coontribute	contribute	0.88
coontroversial	controversial	0.88
coonvenience	convenience	0.88
coonvenient	convenient	0.88
coopied	copied	0.88
coopy	copy	0.88
coorllary	corollary	0.87
coorollary	corollary	0.88
coorrect	correct	0.88
coorrection	correction	0.88
coorrespond	correspond	0.88
coost	cost	0.88
coould	could	0.88
coourse	course	0.88
copany	company	0.86
coparison	comparison	0.86
copatibility	compatibility	0.86
copatible	compatible	0.86
coped	copied	0.86
copeid	copied	0.87
copid	copied	0.86
copide	copied	0.87
copiedd	copied	0.88
copieed	copied	0.88
copief	copied	0.84
copiied	copied	0.88
copird	copied	0.84
coplete	complete	0.86
copleted	completed	0.86
copletely	completely	0.86
copmany	company	0.87
copmarison	comparison	0.87
copmatibility	compatibility	0.87
copmatible	compatible	0.87
copmlete	complete	0.87
copmleted	completed	0.87
copmletely	completely	0.87
copmonent	component	0.87
copmromise	compromise	0.87
copmuter	computer	0.87
copoed	copied	0.84
coponent	component	0.86
coppied	copied	0.88
coppy	copy	0.88
copromise	compromise	0.86
copu	copy	0.84
coputer	computer	0.86
copyy	copy	0.88
corcuit	circuit	0.84
corect	correct	0.86
corection	correction	0.86
corerct	correct	0.87
corerction	correction	0.87
corerspond	correspond	0.87
corespond	correspond	0.94
corllary	corollary	0.86
corlolary	corollary	0.87
corolalry	corollary	0.87
corolary	corollary	0.86
corollaary	corollary	0.88
corollarry	corollary	0.88
corollaru	corollary	0.84
corollaryy	corollary	0.88
corollaty	corollary	0.84
corollay	corollary	0.86
corollayr	corollary	0.87
corolllary	corollary	0.88
corollray	corollary	0.87
corollry	corollary	0.86
corollsry	corollary	0.84
coroollary	corollary	0.88
corpllary	corollary	0.84
corrcet	correct	0.87
corrcetion	correction	0.87
corrct	correct	0.86
corrction	correction	0.86
correcct	correct	0.88
correcction	correction	0.88
correcion	correction	0.86
correciton	correction	0.87
correctiion	correction	0.88
correctin	correction	0.86
correctino	correction	0.87
correctiom	correction	0.84
correctionn	correction	0.88
correctioon	correction	0.88
correctipn	correction	0.84
correctoin	correction	0.94
correcton	correction	0.86
correctoon	correction	0.84
correctt	correct	0.88
correcttion	correction	0.88
correcy	correct	0.84
correcyion	correction	0.84
corredpond	correspond	0.84
correect	correct	0.88
correection	correction	0.88
correespond	correspond	0.88
correpond	correspond	0.86
correpsond	correspond	0.87
corresond	correspond	0.86
corresopnd	correspond	0.87
correspnd	correspond	0.86
correspnod	correspond	0.87
correspod	correspond	0.86
correspodn	correspond	0.87
correspomd	correspond	0.84
correspondd	correspond	0.88
corresponf	correspond	0.84
corresponnd	correspond	0.88
correspoond	correspond	0.88
corresppnd	correspond	0.84
corresppond	correspond	0.88
corresspond	correspond	0.88
corret	correct	0.86
corretc	correct	0.87
corretcion	correction	0.87
corretion	correction	0.86
correvt	correct	0.84
correvtion	correction	0.84
corrolary	corollary	0.94
corrollary	corollary	0.88
corrrct	correct	0.84
corrrction	correction	0.84
corrrect	correct	0.88
corrrection	correction	0.88
corrrespond	correspond	0.88
corrrspond	correspond	0.84
corrsepond	correspond	0.87
corrspond	correspond	0.86
corse	course	0.86
cortect	correct	0.84
cortection	correction	0.84
cortespond	correspond	0.84
coruse	course	0.87
coscious	conscious	0.86
cose	close	0.86
cosed	closed	0.86
cosen	chosen	0.86
cosensus	consensus	0.86
cosider	consider	0.86
cosistent	consistent	0.86
cosncious	conscious	0.87
cosnensus	consensus	0.87
cosnider	consider	0.87
cosnistent	consistent	0.87
cosntantly	constantly	0.87
cosst	cost	0.88
costantly	constantly	0.86
costt	cost	0.88
costumer	customer	0.94
cosy	cost	0.84
cot	cost	0.86
cotain	contain	0.86
cotains	contains	0.86
cotext	context	0.86
cotinuous	continuous	0.86
cotnain	contain	0.87
cotnains	contains	0.87
cotnext	context	0.87
cotninuous	continuous	0.87
cotnribute	contribute	0.87
cotnroversial	controversial	0.87
cotollary	corollary	0.84
cotrect	correct	0.84
cotrection	correction	0.84
cotrespond	correspond	0.84
cotribute	contribute	0.86
cotroversial	controversial	0.86
cots	cost	0.87
coud	could	0.86
coudl	could	0.87
couldd	could	0.88
coulf	could	0.84
coulld	could	0.88
courde	course	0.84
coure	course	0.86
coures	course	0.87
courrse	course	0.88
coursee	course	0.88
coursr	course	0.84
coursse	course	0.88
couse	course	0.86
cousre	course	0.87
coutse	course	0.84
couuld	could	0.88
couurse	course	0.88
covenience	convenience	0.86
covenient	convenient	0.86
covnenience	convenience	0.87
covnenient	convenient	0.87
coy	copy	0.86
coyp	copy	0.87
cpaital	capital	0.87
cpaitalization	capitalization	0.87
cpffee	coffee	0.84
cpied	copied	0.86
cpital	capital	0.86
cpitalization	capitalization	0.86
cplleague	colleague	0.84
cpllege	college	0.84
cpme	come	0.84
cpming	coming	0.84
cpmmit	commit	0.84
cpmmitment	commitment	0.84
cpmmitted	committed	0.84
cpmmittee	committee	0.84
cpmmunication	communication	0.84
cpmpany	company	0.84
cpmparison	comparison	0.84
cpmpatibility	compatibility	0.84
cpmpatible	compatible	0.84
cpmplete	complete	0.84
cpmpleted	completed	0.84
cpmpletely	completely	0.84
cpmponent	component	0.84
cpmpromise	compromise	0.84
cpmputer	computer	0.84
cpnclusion	conclusion	0.84
cpndition	condition	0.84
cpnfidence	confidence	0.84
cpnfirm	confirm	0.84
cpnfirmed	confirmed	0.84
cpnjunction	conjunction	0.84
cpnnection	connection	0.84
cpnscious	conscious	0.84
cpnsensus	consensus	0.84
cpnsider	consider	0.84
cpnsistent	consistent	0.84
cpnstantly	constantly	0.84
cpntain	contain	0.84
cpntains	contains	0.84
cpntext	context	0.84
cpntinuous	continuous	0.84
cpntribute	contribute	0.84
cpntroversial	controversial	0.84
cpnvenience	convenience	0.84
cpnvenient	convenient	0.84
cpoied	copied	0.87
cpoy	copy	0.87
cppied	copied	0.84
cppy	copy	0.84
cprollary	corollary	0.84
cprrect	correct	0.84
cprrection	correction	0.84
cprrespond	correspond	0.84
cpst	cost	0.84
cpuld	could	0.84
cpurse	course	0.84
cpy	copy	0.86
craeer	career	0.87
craete	create	0.87
craeted	created	0.87
craetor	creator	0.87
crate	create	0.86
crated	created	0.86
crator	creator	0.86
crcuit	circuit	0.86
creaate	create	0.88
creaated	created	0.88
creaator	creator	0.88
creae	create	0.86
creaed	created	0.86
creaet	create	0.87
creaetd	created	0.87
creaor	creator	0.86
creaotr	creator	0.87
creat	create	0.94
creatd	created	0.86
creatde	created	0.87
createdd	created	0.88
createe	create	0.88
createed	created	0.88
createf	created	0.84
creater	creator	0.94
creatoor	creator	0.88
creatorr	creator	0.88
creatot	creator	0.84
creatpr	creator	0.84
creatr	create	0.84
creatrd	created	0.84
creatro	creator	0.87
creatte	create	0.88
creatted	created	0.88
creattor	creator	0.88
creaye	create	0.84
creayed	created	0.84
creayor	creator	0.84
creeate	create	0.88
creeated	created	0.88
creeator	creator	0.88
creer	career	0.86
creste	create	0.84
crested	created	0.84
crestor	creator	0.84
cretae	create	0.87
cretaed	created	0.87
cretain	certain	0.87
cretainty	certainty	0.87
cretaor	creator	0.87
crete	create	0.86
creted	created	0.86
cretor	creator	0.86
cricuit	circuit	0.87
criicize	criticize	0.86
criitcize	criticize	0.87
criiticize	criticize	0.88
criling	ceiling	0.84
criosity	curiosity	0.86
critciize	criticize	0.87
critcize	criticize	0.86
criticcize	criticize	0.88
criticie	criticize	0.86
criticiez	criticize	0.87
criticiize	criticize	0.88
criticixe	criticize	0.84
criticizee	criticize	0.88
criticizr	criticize	0.84
criticizze	criticize	0.88
criticoze	criticize	0.84
criticze	criticize	0.86
criticzie	criticize	0.87
critiicize	criticize	0.88
critiicze	criticize	0.87
critiize	criticize	0.86
critisize	criticize	0.94
critivize	criticize	0.84
critocize	criticize	0.84
critticize	criticize	0.88
criyicize	criticize	0.84
crlsius	celsius	0.84
crmetery	cemetery	0.84
crntennial	centennial	0.84
crollary	corollary	0.86
croollary	corollary	0.87
crorect	correct	0.87
crorection	correction	0.87
crorespond	correspond	0.87
croticize	criticize	0.84
crrate	create	0.84
crrated	created	0.84
crrator	creator	0.84
crreate	create	0.88
crreated	created	0.88
crreator	creator	0.88
crrect	correct	0.86
crrection	correction	0.86
crrently	currently	0.86
crrespond	correspond	0.86
crriticize	criticize	0.88
crrtain	certain	0.84
crrtainty	certainty	0.84
crtain	certain	0.86
crtainty	certainty	0.86
crticize	criticize	0.86
crtiicize	criticize	0.87
cruiosity	curiosity	0.87
crurently	currently	0.87
cslculate	calculate	0.84
cslendar	calendar	0.84
csll	call	0.84
csmouflage	camouflage	0.84
csmpaign	campaign	0.84
csnceled	canceled	0.84
csndidate	candidate	0.84
csot	cost	0.87
cspital	capital	0.84
cspitalization	capitalization	0.84
csreer	career	0.84
cst	cost	0.86
cstegory	category	0.84
cstomer	customer	0.86
csught	caught	0.84
csuse	cause	0.84
csutomer	customer	0.87
ctaegory	category	0.87
cteate	create	0.84
cteated	created	0.84
cteator	creator	0.84
ctegory	category	0.86
ctiticize	criticize	0.84
cuaght	caught	0.87
cuase	cause	0.87
cudtomer	customer	0.84
cught	caught	0.86
cuiosity	curiosity	0.86
cuirosity	curiosity	0.87
culd	could	0.86
cuold	could	0.87
cuorse	course	0.87
curently	currently	0.86
curerntly	currently	0.87
curiiosity	curiosity	0.88
curiodity	curiosity	0.84
curioisty	curiosity	0.87
curioity	curiosity	0.86
curioosity	curiosity	0.88
curiosiity	curiosity	0.88
curiositty	curiosity	0.88
curiositu	curiosity	0.84
curiosityy	curiosity	0.88
curiosiy	curiosity	0.86
curiosiyt	curiosity	0.87
curiosiyy	curiosity	0.84
curiosoty	curiosity	0.84
curiossity	curiosity	0.88
curiostiy	curiosity	0.87
curiosty	curiosity	0.86
curiousity	curiosity	0.94
curipsity	curiosity	0.84
curisity	curiosity	0.86
curisoity	curiosity	0.87
curoisity	curiosity	0.87
curoosity	curiosity	0.84
curosity	curiosity	0.86
curreently	currently	0.88
curremtly	currently	0.84
currenlty	currently	0.94
currenly	currently	0.86
currenntly	currently	0.88
currentlly	currently	0.88
currentlu	currently	0.84
currentlyy	currently	0.88
currenttly	currently	0.88
currenty	currently	0.86
currentyl	currently	0.87
currenyly	currently	0.84
curretly	currently	0.86
curretnly	currently	0.87
curriosity	curiosity	0.88
currnetly	currently	0.87
currntly	currently	0.86
currrently	currently	0.88
currrntly	currently	0.84
curse	course	0.86
curtently	currently	0.84
cuse	cause	0.86
cusomer	customer	0.86
cusotmer	customer	0.87
cusstomer	customer	0.88
custmer	customer	0.86
custmoer	customer	0.87
custoemr	customer	0.87
custoer	customer	0.86
customeer	customer	0.88
customerr	customer	0.88
customet	customer	0.84
custommer	customer	0.88
customr	customer	0.86
customre	customer	0.87
customrr	customer	0.84
custoner	customer	0.84
custoomer	customer	0.88
custpmer	customer	0.84
custtomer	customer	0.88
cusyomer	customer	0.84
cutiosity	curiosity	0.84
cutomer	customer	0.86
cutrently	currently	0.84
cutsomer	customer	0.87
cuuriosity	curiosity	0.88
cuurrently	currently	0.88
cuustomer	customer	0.88
daa	data	0.86
daat	data	0.87
daata	data	0.88
daate	date	0.88
daaughter	daughter	0.88
dadline	deadline	0.86
dae	date	0.86
daedline	deadline	0.87
daet	date	0.87
dafety	safety	0.84
daft	draft	0.86
daghter	daughter	0.86
daguhter	daughter	0.87
daighter	daughter	0.84
damatic	dramatic	0.86
dame	same	0.84
darft	draft	0.87
darmatic	dramatic	0.87
dataa	data	0.88
datee	date	0.88
datr	date	0.84
dats	data	0.84
datta	data	0.88
datte	date	0.88
daugghter	daughter	0.88
daugher	daughter	0.86
daughetr	daughter	0.87
daughhter	daughter	0.88
daughteer	daughter	0.88
daughterr	daughter	0.88
daughtet	daughter	0.84
daughtr	daughter	0.86
daughtre	daughter	0.87
daughtrr	daughter	0.84
daughtter	daughter	0.88
daughyer	daughter	0.84
daugjter	daughter	0.84
daugter	daughter	0.86
daugther	daughter	0.87
dauhgter	daughter	0.87
dauhhter	daughter	0.84
dauhter	daughter	0.86
dauughter	daughter	0.88
dave	save	0.84
daved	saved	0.84
daya	data	0.84
daye	date	0.84
dceision	decision	0.87
dchedule	schedule	0.84
dcision	decision	0.86
dcotor	doctor	0.87
dcoument	document	0.87
dcreen	screen	0.84
dctor	doctor	0.86
dcument	document	0.86
ddata	data	0.88
ddate	date	0.88
ddaughter	daughter	0.88
ddeadline	deadline	0.88
ddecision	decision	0.88
ddefinite	definite	0.88
ddefinitely	definitely	0.88
ddefinition	definition	0.88
ddelete	delete	0.88
ddeleted	deleted	0.88
ddelimiter	delimiter	0.88
ddependency	dependency	0.88
ddescribe	describe	0.88
ddescription	description	0.88
ddesirable	desirable	0.88
ddesperate	desperate	0.88
ddestroy	destroy	0.88
ddetached	detached	0.88
ddetail	detail	0.88
ddetermine	determine	0.88
ddevelopment	development	0.88
ddifference	difference	0.88
ddifferent	different	0.88
ddimension	dimension	0.88
ddirection	direction	0.88
ddisappear	disappear	0.88
ddisappearance	disappearance	0.88
ddisappoint	disappoint	0.88
ddisappointed	disappointed	0.88
ddiscussion	discussion	0.88
ddisplay	display	0.88
ddivide	divide	0.88
ddoctor	doctor	0.88
ddocument	document	0.88
ddoing	doing	0.88
ddone	done	0.88
ddownloading	downloading	0.88
ddraft	draft	0.88
ddramatic	dramatic	0.88
dduring	during	0.88
deaadline	deadline	0.88
deached	detached	0.86
deaddline	deadline	0.88
deadilne	deadline	0.87
deadine	deadline	0.86
deadlie	deadline	0.86
deadlien	deadline	0.87
deadliine	deadline	0.88
deadlime	deadline	0.84
deadlinee	deadline	0.88
deadlinne	deadline	0.88
deadlinr	deadline	0.84
deadlline	deadline	0.88
deadlne	deadline	0.86
deadlnie	deadline	0.87
deadlone	deadline	0.84
deafline	deadline	0.84
deail	detail	0.86
dealdine	deadline	0.87
dealine	deadline	0.86
deatched	detached	0.87
deatil	detail	0.87
debelopment	development	0.84
deccision	decision	0.88
decidion	decision	0.84
deciion	decision	0.86
deciision	decision	0.88
deciison	decision	0.87
decisiion	decision	0.88
decisin	decision	0.86
decisino	decision	0.87
decisiom	decision	0.84
decisionn	decision	0.88
decisioon	decision	0.88
decisipn	decision	0.84
decisoin	decision	0.87
decison	decision	0.86
decisoon	decision	0.84
decission	decision	0.88
decosion	decision	0.84
decretary	secretary	0.84
decribe	describe	0.86
decription	description	0.86
decsiion	decision	0.87
decsion	decision	0.86
decsribe	describe	0.87
decsription	description	0.87
dection	section	0.84
decurity	security	0.84
dedaline	deadline	0.87
dedcribe	describe	0.84
dedcription	description	0.84
dedirable	desirable	0.84
dedline	deadline	0.86
dedperate	desperate	0.84
dedtroy	destroy	0.84
deeadline	deadline	0.88
deecision	decision	0.88
deefinite	definite	0.88
deefinitely	definitely	0.88
deefinition	definition	0.88
deelete	delete	0.88
deeleted	deleted	0.88
deelimiter	delimiter	0.88
deelopment	development	0.86
deelte	delete	0.87
deelted	deleted	0.87
deendency	dependency	0.86
deependency	dependency	0.88
deepndency	dependency	0.87
deermine	determine	0.86
deescribe	describe	0.88
deescription	description	0.88
deesirable	desirable	0.88
deesperate	desperate	0.88
deestroy	destroy	0.88
deetached	detached	0.88
deetail	detail	0.88
deete	delete	0.86
deeted	deleted	0.86
deetermine	determine	0.88
deetrmine	determine	0.87
deevelopment	development	0.88
deevlopment	development	0.87
deffinite	definite	0.88
deffinitely	definitely	0.88
deffinition	definition	0.88
defiinite	definite	0.88
defiinitely	definitely	0.88
defiinition	definition	0.88
defiinte	definite	0.87
defiintely	definitely	0.87
defiintion	definition	0.87
defiite	definite	0.86
defiitely	definitely	0.86
defiition	definition	0.86
defimite	definite	0.84
defimitely	definitely	0.84
defimition	definition	0.84
definate	definite	0.94
definately	definitely	0.96
definie	definite	0.86
definiely	definitely	0.86
definiet	definite	0.87
definietly	definitely	0.87
definiion	definition	0.86
definiite	definite	0.88
definiitely	definitely	0.88
definiition	definition	0.88
definiiton	definition	0.87
definitee	definite	0.88
definiteely	definitely	0.88
definitelly	definitely	0.88
definitelu	definitely	0.84
definitelyy	definitely	0.88
definitey	definitely	0.86
definiteyl	definitely	0.87
definitiion	definition	0.88
definitin	definition	0.86
definitino	definition	0.87
definitiom	definition	0.84
definitionn	definition	0.88
definitioon	definition	0.88
definitipn	definition	0.84
definitley	definitely	0.87
definitly	definitely	0.94
definitoin	definition	0.87
definiton	definition	0.86
definitoon	definition	0.84
definitr	definite	0.84
definitrly	definitely	0.84
definitte	definite	0.88
definittely	definitely	0.88
definittion	definition	0.88
definiye	definite	0.84
definiyely	definitely	0.84
definiyion	definition	0.84
definnite	definite	0.88
definnitely	definitely	0.88
definnition	definition	0.88
definote	definite	0.84
definotely	definitely	0.84
definotion	definition	0.84
definte	definite	0.86
defintely	definitely	0.94
defintie	definite	0.87
defintiely	definitely	0.87
defintiion	definition	0.87
defintion	definition	0.94
defniite	definite	0.87
defniitely	definitely	0.87
defniition	definition	0.87
defnite	definite	0.86
defnitely	definitely	0.86
defnition	definition	0.86
defonite	definite	0.84
defonitely	definitely	0.84
defonition	definition	0.84
deginite	definite	0.84
deginitely	definitely	0.84
deginition	definition	0.84
deicsion	decision	0.87
deifnite	definite	0.87
deifnitely	definitely	0.87
deifnition	definition	0.87
deilmiter	delimiter	0.87
deimiter	delimiter	0.86
deinite	definite	0.86
deinitely	definitely	0.86
deinition	definition	0.86
deirable	desirable	0.86
deision	decision	0.86
deisrable	desirable	0.87
delee	delete	0.86
deleed	deleted	0.86
deleet	delete	0.87
deleetd	deleted	0.87
deleete	delete	0.88
deleeted	deleted	0.88
deletd	deleted	0.86
deletde	deleted	0.87
deletedd	deleted	0.88
deletee	delete	0.88
deleteed	deleted	0.88
deletef	deleted	0.84
deletr	delete	0.84
deletrd	deleted	0.84
delette	delete	0.88
deletted	deleted	0.88
deleye	delete	0.84
deleyed	deleted	0.84
deliimiter	delimiter	0.88
deliimter	delimiter	0.87
deliiter	delimiter	0.86
delimeter	delimiter	0.94
delimier	delimiter	0.86
delimietr	delimiter	0.87
delimiiter	delimiter	0.88
delimiteer	delimiter	0.88
delimiterr	delimiter	0.88
delimitet	delimiter	0.84
delimitr	delimiter	0.86
delimitre	delimiter	0.87
delimitrr	delimiter	0.84
delimitter	delimiter	0.88
delimiyer	delimiter	0.84
delimmiter	delimiter	0.88
delimoter	delimiter	0.84
delimter	delimiter	0.86
delimtier	delimiter	0.87
deliniter	delimiter	0.84
dellete	delete	0.88
delleted	deleted	0.88
dellimiter	delimiter	0.88
delmiiter	delimiter	0.87
delmiter	delimiter	0.86
delomiter	delimiter	0.84
delrte	delete	0.84
delrted	deleted	0.84
delte	delete	0.86
delted	deleted	0.86
deltee	delete	0.87
delteed	deleted	0.87
deminar	seminar	0.84
dend	send	0.84
dent	sent	0.84
dentence	sentence	0.84
deparate	separate	0.84
deparately	separately	0.84
depedency	dependency	0.86
depednency	dependency	0.87
depeendency	dependency	0.88
depemdency	dependency	0.84
dependancy	dependency	0.94
dependdency	dependency	0.88
dependecny	dependency	0.87
dependecy	dependency	0.86
dependeency	dependency	0.88
dependemcy	dependency	0.84
dependenccy	dependency	0.88
dependencu	dependency	0.84
dependencyy	dependency	0.88
dependenncy	dependency	0.88
dependenvy	dependency	0.84
dependeny	dependency	0.86
dependenyc	dependency	0.87
dependncy	dependency	0.86
dependnecy	dependency	0.87
dependrncy	dependency	0.84
depenedncy	dependency	0.87
depenency	dependency	0.86
depenfency	dependency	0.84
depenndency	dependency	0.88
deperate	desperate	0.86
depndency	dependency	0.86
depnedency	dependency	0.87
deppendency	dependency	0.88
deprndency	dependency	0.84
depserate	desperate	0.87
dergeant	sergeant	0.84
dervice	service	0.84
desccribe	describe	0.88
desccription	description	0.88
descibe	describe	0.86
desciption	description	0.86
descirbe	describe	0.87
descirption	description	0.87
descrbe	describe	0.86
descrbie	describe	0.87
describbe	describe	0.88
describee	describe	0.88
describr	describe	0.84
descrie	describe	0.86
descrieb	describe	0.87
descriibe	describe	0.88
descriiption	description	0.88
descrine	describe	0.84
descripion	description	0.86
descripiton	description	0.87
descripption	description	0.88
descriptiion	description	0.88
descriptin	description	0.86
descriptino	description	0.87
descriptiom	description	0.84
descriptionn	description	0.88
descriptioon	description	0.88
descriptipn	description	0.84
descriptoin	description	0.87
descripton	description	0.86
descriptoon	description	0.84
descripttion	description	0.88
descripyion	description	0.84
descrition	description	0.86
descritpion	description	0.87
descrobe	describe	0.84
descroption	description	0.84
descrpition	description	0.87
descrption	description	0.86
descrribe	describe	0.88
descrription	description	0.88
desctibe	describe	0.84
desctiption	description	0.84
desdline	deadline	0.84
deseprate	desperate	0.87
deserate	desperate	0.86
desiable	desirable	0.86
desiarble	desirable	0.87
desicion	decision	0.94
desiirable	desirable	0.88
desiraable	desirable	0.88
desirabble	desirable	0.88
desirabe	desirable	0.86
desirabel	desirable	0.87
desirablee	desirable	0.88
desirablle	desirable	0.88
desirablr	desirable	0.84
desiralbe	desirable	0.87
desirale	desirable	0.86
desiranle	desirable	0.84
desirbale	desirable	0.87
desirble	desirable	0.86
desireable	desirable	0.94
desirrable	desirable	0.88
desirsble	desirable	0.84
desitable	desirable	0.84
desorable	desirable	0.84
desparate	desperate	0.94
despearte	desperate	0.87
despeate	desperate	0.86
despeerate	desperate	0.88
desperaate	desperate	0.88
desperae	desperate	0.86
desperaet	desperate	0.87
desperatee	desperate	0.88
desperatr	desperate	0.84
desperatte	desperate	0.88
desperaye	desperate	0.84
desperrate	desperate	0.88
desperste	desperate	0.84
despertae	desperate	0.87
desperte	desperate	0.86
despetate	desperate	0.84
despperate	desperate	0.88
desprate	desperate	0.86
despreate	desperate	0.87
desprrate	desperate	0.84
desrable	desirable	0.86
desrcibe	describe	0.87
desrciption	description	0.87
desriable	desirable	0.87
desribe	describe	0.86
desription	description	0.86
desroy	destroy	0.86
desrtoy	destroy	0.87
desscribe	describe	0.88
desscription	description	0.88
dessirable	desirable	0.88
dessperate	desperate	0.88
desstroy	destroy	0.88
destory	destroy	0.94
destoy	destroy	0.86
destrooy	destroy	0.88
destrou	destroy	0.84
destroyy	destroy	0.88
destrpy	destroy	0.84
destrroy	destroy	0.88
destry	destroy	0.86
destryo	destroy	0.87
desttoy	destroy	0.84
desttroy	destroy	0.88
desvribe	describe	0.84
desvription	description	0.84
desyroy	destroy	0.84
detaached	detached	0.88
detaail	detail	0.88
detacched	detached	0.88
detaced	detached	0.86
detacehd	detached	0.87
detachd	detached	0.86
detachde	detached	0.87
detachedd	detached	0.88
detacheed	detached	0.88
detachef	detached	0.84
detachhed	detached	0.88
detachrd	detached	0.84
detacjed	detached	0.84
detahced	detached	0.87
detahed	detached	0.86
detaiil	detail	0.88
detaill	detail	0.88
detal	detail	0.86
detali	detail	0.87
detaol	detail	0.84
detatched	detached	0.94
detavhed	detached	0.84
detcahed	detached	0.87
detched	detached	0.86
deteermine	determine	0.88
detemine	determine	0.86
detemrine	determine	0.87
deterimne	determine	0.87
deterine	determine	0.86
determie	determine	0.86
determien	determine	0.87
determiine	determine	0.88
determime	determine	0.84
determin	determine	0.94
determinee	determine	0.88
determinne	determine	0.88
determinr	determine	0.84
determmine	determine	0.88
determne	determine	0.86
determnie	determine	0.87
determone	determine	0.84
deternine	determine	0.84
deterrmine	determine	0.88
detetmine	determine	0.84
detial	detail	0.87
detil	detail	0.86
detremine	determine	0.87
detrmine	determine	0.86
detroy	destroy	0.86
detrrmine	determine	0.84
detsched	detached	0.84
detsil	detail	0.84
detsroy	destroy	0.87
dettached	detached	0.88
dettail	detail	0.88
dettermine	determine	0.88
deveelopment	development	0.88
devellopment	development	0.88
develoment	development	0.86
develompent	development	0.87
develoopment	development	0.88
developement	development	0.94
developemnt	development	0.87
developent	development	0.86
developmeent	development	0.88
developmemt	development	0.84
developmennt	development	0.88
developmentt	development	0.88
developmeny	development	0.84
developmet	development	0.86
developmetn	development	0.87
developmment	development	0.88
developmnet	development	0.87
developmnt	development	0.86
developmrnt	development	0.84
developnent	development	0.84
developpment	development	0.88
develpment	development	0.86
develpoment	development	0.87
develppment	development	0.84
deveolpment	development	0.87
deveopment	development	0.86
devide	divide	0.94
devision	decision	0.84
devleopment	development	0.87
devlopment	development	0.86
devrlopment	development	0.84
devvelopment	development	0.88
deyached	detached	0.84
deyail	detail	0.84
deyermine	determine	0.84
dfeinite	definite	0.87
dfeinitely	definitely	0.87
dfeinition	definition	0.87
dfference	difference	0.86
dfferent	different	0.86
dfiference	difference	0.87
dfiferent	different	0.87
dfinite	definite	0.86
dfinitely	definitely	0.86
dfinition	definition	0.86
dhare	share	0.84
dhared	shared	0.84
dhopping	shopping	0.84
dhort	short	0.84
dhould	should	0.84
diaplay	display	0.94
diappear	disappear	0.86
diappearance	disappearance	0.86
diappoint	disappoint	0.86
diappointed	disappointed	0.86
diasppear	disappear	0.87
diasppearance	disappearance	0.87
diasppoint	disappoint	0.87
diasppointed	disappointed	0.87
dibide	divide	0.84
dicsussion	discussion	0.87
dicussion	discussion	0.86
didappear	disappear	0.84
didappearance	disappearance	0.84
didappoint	disappoint	0.84
didappointed	disappointed	0.84
didcussion	discussion	0.84
didplay	display	0.84
diection	direction	0.86
diege	siege	0.84
diemnsion	dimension	0.87
diension	dimension	0.86
dierction	direction	0.87
difefrence	difference	0.87
difefrent	different	0.87
diference	difference	0.86
diferent	different	0.86
diffeence	difference	0.86
diffeent	different	0.86
diffeerence	difference	0.88
diffeerent	different	0.88
diffeernce	difference	0.87
diffeernt	different	0.87
differance	difference	0.94
differece	difference	0.86
differecne	difference	0.87
differeence	difference	0.88
differeent	different	0.88
differemce	difference	0.84
differemt	different	0.84
differencce	difference	0.88
differencee	difference	0.88
differencr	difference	0.84
differene	difference	0.86
differenec	difference	0.87
differennce	difference	0.88
differennt	different	0.88
differentt	different	0.88
differenve	difference	0.84
differeny	different	0.84
differet	different	0.86
differetn	different	0.87
differnce	difference	0.86
differnece	difference	0.87
differnet	different	0.87
differnt	different	0.94
differrence	difference	0.88
differrent	different	0.88
differrnce	difference	0.84
differrnt	different	0.84
diffetence	difference	0.84
diffetent	different	0.84
diffference	difference	0.88
diffferent	different	0.88
diffreence	difference	0.87
diffreent	different	0.87
diffrence	difference	0.86
diffrent	different	0.94
diffrrence	difference	0.84
diffrrent	different	0.84
difgerence	difference	0.84
difgerent	different	0.84
digference	difference	0.84
digferent	different	0.84
diide	divide	0.86
diifference	difference	0.88
diifferent	different	0.88
diimension	dimension	0.88
diirection	direction	0.88
diisappear	disappear	0.88
diisappearance	disappearance	0.88
diisappoint	disappoint	0.88
diisappointed	disappointed	0.88
diiscussion	discussion	0.88
diisplay	display	0.88
diivde	divide	0.87
diivide	divide	0.88
dimeension	dimension	0.88
dimemsion	dimension	0.84
dimendion	dimension	0.84
dimenion	dimension	0.86
dimenison	dimension	0.87
dimennsion	dimension	0.88
dimensiion	dimension	0.88
dimensin	dimension	0.86
dimensino	dimension	0.87
dimensiom	dimension	0.84
dimensionn	dimension	0.88
dimensioon	dimension	0.88
dimensipn	dimension	0.84
dimensoin	dimension	0.87
dimenson	dimension	0.86
dimensoon	dimension	0.84
dimenssion	dimension	0.88
dimention	dimension	0.94
dimesion	dimension	0.86
dimesnion	dimension	0.87
dimilar	similar	0.84
dimmension	dimension	0.88
dimnesion	dimension	0.87
dimnsion	dimension	0.86
dimrnsion	dimension	0.84
dincerely	sincerely	0.84
dinension	dimension	0.84
ding	doing	0.86
diong	doing	0.87
diplay	display	0.86
dipslay	display	0.87
dircetion	direction	0.87
dirction	direction	0.86
direcction	direction	0.88
direcion	direction	0.86
direciton	direction	0.87
directiion	direction	0.88
directin	direction	0.86
directino	direction	0.87
directiom	direction	0.84
directionn	direction	0.88
directioon	direction	0.88
directipn	direction	0.84
directoin	direction	0.87
directon	direction	0.94
directoon	direction	0.84
directtion	direction	0.88
direcyion	direction	0.84
direection	direction	0.88
diretcion	direction	0.87
diretion	direction	0.86
direvtion	direction	0.84
diring	during	0.84
dirrction	direction	0.84
dirrection	direction	0.88
disaappear	disappear	0.88
disaappearance	disappearance	0.88
disaappoint	disappoint	0.88
disaappointed	disappointed	0.88
disapear	disappear	0.86
disapearance	disappearance	0.86
disapepar	disappear	0.87
disapeparance	disappearance	0.87
disapoint	disappoint	0.94
disapointed	disappointed	0.94
disapopint	disappoint	0.87
disapopinted	disappointed	0.87
disappaer	disappear	0.87
disappaerance	disappearance	0.87
disappar	disappear	0.86
disapparance	disappearance	0.86
disappeaance	disappearance	0.86
disappeaar	disappear	0.88
disappeaarance	disappearance	0.88
disappeaarnce	disappearance	0.87
disappearaance	disappearance	0.88
disappearace	disappearance	0.86
disappearacne	disappearance	0.87
disappearamce	disappearance	0.84
disappearancce	disappearance	0.88
disappearancee	disappearance	0.88
disappearancr	disappearance	0.84
disappearane	disappearance	0.86
disappearanec	disappearance	0.87
disappearannce	disappearance	0.88
disappearanve	disappearance	0.84
disappearence	disappearance	0.94
disappearnace	disappearance	0.87
disappearnce	disappearance	0.86
disappearr	disappear	0.88
disappearrance	disappearance	0.88
disappearsnce	disappearance	0.84
disappeat	disappear	0.84
disappeatance	disappearance	0.84
disappeear	disappear	0.88
disappeearance	disappearance	0.88
disapper	disappear	0.86
disappera	disappear	0.87
disapperaance	disappearance	0.87
disapperance	disappearance	0.86
disappesr	disappear	0.84
disappesrance	disappearance	0.84
disappint	disappoint	0.86
disappinted	disappointed	0.86
disappiont	disappoint	0.87
disappionted	disappointed	0.87
disappoiint	disappoint	0.88
disappoiinted	disappointed	0.88
disappoimt	disappoint	0.84
disappoimted	disappointed	0.84
disappoined	disappointed	0.86
disappoinetd	disappointed	0.87
disappoinnt	disappoint	0.88
disappoinnted	disappointed	0.88
disappointd	disappointed	0.86
disappointde	disappointed	0.87
disappointedd	disappointed	0.88
disappointeed	disappointed	0.88
disappointef	disappointed	0.84
disappointrd	disappointed	0.84
disappointt	disappoint	0.88
disappointted	disappointed	0.88
disappoiny	disappoint	0.84
disappoinyed	disappointed	0.84
disappoit	disappoint	0.86
disappoited	disappointed	0.86
disappoitn	disappoint	0.87
disappoitned	disappointed	0.87
disapponit	disappoint	0.87
disapponited	disappointed	0.87
disappont	disappoint	0.86
disapponted	disappointed	0.86
disappooint	disappoint	0.88
disappoointed	disappointed	0.88
disappoont	disappoint	0.84
disappoonted	disappointed	0.84
disapppear	disappear	0.88
disapppearance	disappearance	0.88
disapppint	disappoint	0.84
disapppinted	disappointed	0.84
disapppoint	disappoint	0.88
disapppointed	disappointed	0.88
disapprar	disappear	0.84
disapprarance	disappearance	0.84
disccussion	discussion	0.88
discission	discussion	0.84
discribe	describe	0.94
discription	description	0.94
discssion	discussion	0.86
discsusion	discussion	0.87
discudsion	discussion	0.84
discusdion	discussion	0.84
discusion	discussion	0.86
discusison	discussion	0.87
discussiion	discussion	0.88
discussin	discussion	0.94
discussino	discussion	0.87
discussiom	discussion	0.84
discussionn	discussion	0.88
discussioon	discussion	0.88
discussipn	discussion	0.84
discussoin	discussion	0.87
discusson	discussion	0.86
discussoon	discussion	0.84
discusssion	discussion	0.88
discuussion	discussion	0.88
dislay	display	0.86
dislpay	display	0.87
dispaly	display	0.87
dispapear	disappear	0.87
dispapearance	disappearance	0.87
dispapoint	disappoint	0.87
dispapointed	disappointed	0.87
dispay	display	0.86
displaay	display	0.88
displau	display	0.84
displayy	display	0.88
displlay	display	0.88
displsy	display	0.84
disply	display	0.86
displya	display	0.87
disppear	disappear	0.86
disppearance	disappearance	0.86
dispplay	display	0.88
disppoint	disappoint	0.86
disppointed	disappointed	0.86
dissapear	disappear	0.94
dissapoint	disappoint	0.94
dissappear	disappear	0.88
dissappearance	disappearance	0.88
dissappoint	disappoint	0.88
dissappointed	disappointed	0.88
disscussion	discussion	0.88
dissplay	display	0.88
dissppear	disappear	0.84
dissppearance	disappearance	0.84
dissppoint	disappoint	0.84
dissppointed	disappointed	0.84
disucssion	discussion	0.87
disussion	discussion	0.86
disvussion	discussion	0.84
ditection	direction	0.84
divde	divide	0.86
divdie	divide	0.87
dividde	divide	0.88
dividee	divide	0.88
dividr	divide	0.84
divie	divide	0.86
divied	divide	0.87
divife	divide	0.84
diviide	divide	0.88
divode	divide	0.84
divvide	divide	0.88
dleete	delete	0.87
dleeted	deleted	0.87
dleimiter	delimiter	0.87
dlete	delete	0.86
dleted	deleted	0.86
dlimiter	delimiter	0.86
dmall	small	0.84
dmension	dimension	0.86
dmiension	dimension	0.87
dne	done	0.86
dnoe	done	0.87
docctor	doctor	0.88
doccument	document	0.88
dociment	document	0.84
docment	document	0.86
docmuent	document	0.87
docor	doctor	0.86
docotr	doctor	0.87
doctoor	doctor	0.88
doctorr	doctor	0.88
doctot	doctor	0.84
doctpr	doctor	0.84
doctr	doctor	0.86
doctro	doctor	0.87
docttor	doctor	0.88
docuemnt	document	0.94
docuent	document	0.86
documeent	document	0.88
documemt	document	0.84
documennt	document	0.88
documentt	document	0.88
documeny	document	0.84
documet	document	0.86
documetn	document	0.87
documment	document	0.94
documnet	document	0.87
documnt	document	0.86
documrnt	document	0.84
docunent	document	0.84
docuument	document	0.88
docyor	doctor	0.84
doe	done	0.86
doen	done	0.87
doenloading	downloading	0.84
dofference	difference	0.84
dofferent	different	0.84
doig	doing	0.86
doign	doing	0.94
doiing	doing	0.88
doimg	doing	0.84
doingg	doing	0.88
doinh	doing	0.84
doinng	doing	0.88
dolution	solution	0.84
dome	some	0.84
domension	dimension	0.84
domething	something	0.84
donee	done	0.88
dong	doing	0.86
donig	doing	0.94
donloading	downloading	0.86
donne	done	0.88
donr	done	0.84
donwloading	downloading	0.87
dooctor	doctor	0.88
doocument	document	0.88
dooing	doing	0.88
doon	soon	0.84
doone	done	0.88
doong	doing	0.84
doownloading	downloading	0.88
dorection	direction	0.84
dorry	sorry	0.84
dosappear	disappear	0.84
dosappearance	disappearance	0.84
dosappoint	disappoint	0.84
dosappointed	disappointed	0.84
doscussion	discussion	0.84
dosplay	display	0.84
dotcor	doctor	0.87
dotor	doctor	0.86
doucment	document	0.87
doument	document	0.86
dource	source	0.84
dources	sources	0.84
dovide	divide	0.84
dovtor	doctor	0.84
dovument	document	0.84
dowlnoading	downloading	0.87
dowloading	downloading	0.86
dowmloading	downloading	0.84
downlading	downloading	0.86
downlaoding	downloading	0.87
downlloading	downloading	0.88
downloaading	downloading	0.88
downloadding	downloading	0.88
downloadig	downloading	0.86
downloadign	downloading	0.87
downloadiing	downloading	0.88
downloadimg	downloading	0.84
downloadingg	downloading	0.88
downloadinh	downloading	0.84
downloadinng	downloading	0.88
downloadng	downloading	0.94
downloadnig	downloading	0.87
downloadong	downloading	0.84
downloafing	downloading	0.84
downloaidng	downloading	0.87
downloaing	downloading	0.86
downlodaing	downloading	0.87
downloding	downloading	0.86
downlooading	downloading	0.88
downlosding	downloading	0.84
downlpading	downloading	0.84
downnloading	downloading	0.88
downoading	downloading	0.86
downolading	downloading	0.87
dowwnloading	downloading	0.88
dpctor	doctor	0.84
dpcument	document	0.84
dpecific	specific	0.84
dpeech	speech	0.84
dpeendency	dependency	0.87
dpelling	spelling	0.84
dpendency	dependency	0.86
dping	doing	0.84
dpne	done	0.84
dpwnloading	downloading	0.84
draaft	draft	0.88
draamatic	dramatic	0.88
draamtic	dramatic	0.87
draatic	dramatic	0.86
dradline	deadline	0.84
drafft	draft	0.88
draftt	draft	0.88
drafy	draft	0.84
dragt	draft	0.84
dramaatic	dramatic	0.88
dramaic	dramatic	0.86
dramaitc	dramatic	0.87
dramatc	dramatic	0.86
dramatci	dramatic	0.87
dramaticc	dramatic	0.88
dramatiic	dramatic	0.88
dramativ	dramatic	0.84
dramatoc	dramatic	0.84
dramattic	dramatic	0.88
dramayic	dramatic	0.84
drammatic	dramatic	0.88
dramstic	dramatic	0.84
dramtaic	dramatic	0.87
dramtic	dramatic	0.94
dranatic	dramatic	0.84
drat	draft	0.86
dratf	draft	0.87
drcision	decision	0.84
drection	direction	0.86
drfat	draft	0.87
drfinite	definite	0.84
drfinitely	definitely	0.84
drfinition	definition	0.84
drft	draft	0.86
driection	direction	0.87
dring	during	0.86
drlete	delete	0.84
drleted	deleted	0.84
drlimiter	delimiter	0.84
drmaatic	dramatic	0.87
drmatic	dramatic	0.86
drpendency	dependency	0.84
drraft	draft	0.88
drramatic	dramatic	0.88
drscribe	describe	0.84
drscription	description	0.84
drsft	draft	0.84
drsirable	desirable	0.84
drsmatic	dramatic	0.84
drsperate	desperate	0.84
drstroy	destroy	0.84
drtached	detached	0.84
drtail	detail	0.84
drtermine	determine	0.84
druing	during	0.87
drvelopment	development	0.84
dsappear	disappear	0.86
dsappearance	disappearance	0.86
dsappoint	disappoint	0.86
dsappointed	disappointed	0.86
dscribe	describe	0.86
dscription	description	0.86
dscussion	discussion	0.86
dsecribe	describe	0.87
dsecription	description	0.87
dseirable	desirable	0.87
dseperate	desperate	0.87
dsetroy	destroy	0.87
dsiappear	disappear	0.87
dsiappearance	disappearance	0.87
dsiappoint	disappoint	0.87
dsiappointed	disappointed	0.87
dsicussion	discussion	0.87
dsiplay	display	0.87
dsirable	desirable	0.86
dsperate	desperate	0.86
dsplay	display	0.86
dsta	data	0.84
dste	date	0.84
dstroy	destroy	0.86
dsughter	daughter	0.84
dta	data	0.86
dtaa	data	0.87
dtached	detached	0.86
dtae	date	0.87
dtaft	draft	0.84
dtail	detail	0.86
dtamatic	dramatic	0.84
dtart	start	0.84
dtarted	started	0.84
dte	date	0.86
dteached	detached	0.87
dteail	detail	0.87
dteermine	determine	0.87
dtermine	determine	0.86
dtill	still	0.84
dtore	store	0.84
dtrength	strength	0.84
dtudent	student	0.84
dtudy	study	0.84
dtudying	studying	0.84
duaghter	daughter	0.94
duccess	success	0.84
duccessful	successful	0.84
duggestion	suggestion	0.84
dughter	daughter	0.86
duing	during	0.86
duirng	during	0.87
dummary	summary	0.84
dupport	support	0.84
duppress	suppress	0.84
dure	sure	0.84
durig	during	0.86
durign	during	0.87
duriing	during	0.88
durimg	during	0.84
duringg	during	0.88
durinh	during	0.84
durinng	during	0.88
durng	during	0.86
durnig	during	0.87
durong	during	0.84
durprise	surprise	0.84
durring	during	0.94
duting	during	0.84
duuring	during	0.88
dveelopment	development	0.87
dvelopment	development	0.86
dvide	divide	0.86
dviide	divide	0.87
dwnloading	downloading	0.86
dwonloading	downloading	0.87
eaarlier	earlier	0.88
eaarned	earned	0.88
eail	email	0.86
eails	emails	0.86
ealier	earlier	0.94
ealk	walk	0.84
ealrier	earlier	0.87
eamil	email	0.87
eamils	emails	0.87
eample	example	0.86
eaned	earned	0.86
eanred	earned	0.87
eant	want	0.84
eared	earned	0.86
earend	earned	0.87
earier	earlier	0.86
eariler	earlier	0.87
earleir	earlier	0.87
earler	earlier	0.86
earlieer	earlier	0.88
earlierr	earlier	0.88
earliet	earlier	0.84
earliier	earlier	0.88
earlir	earlier	0.86
earlire	earlier	0.87
earlirr	earlier	0.84
earllier	earlier	0.88
earloer	earlier	0.84
earmed	earned	0.84
earnd	earned	0.86
earnde	earned	0.87
earnedd	earned	0.88
earneed	earned	0.88
earnef	earned	0.84
earnned	earned	0.88
earnrd	earned	0.84
earnt	earned	0.88
earrlier	earlier	0.88
earrned	earned	0.88
eater	water	0.84
eatlier	earlier	0.84
eatned	earned	0.84
eaxmple	example	0.87
ebarrass	embarrass	0.86
ebarrassed	embarrassed	0.86
ebarrassment	embarrassment	0.86
eben	even	0.84
ebening	evening	0.84
ebery	every	0.84
ebidence	evidence	0.84
ebmarrass	embarrass	0.87
ebmarrassed	embarrassed	0.87
ebmarrassment	embarrassment	0.87
ecample	example	0.84
ecceed	exceed	0.84
eccellent	excellent	0.84
eccstasy	ecstasy	0.88
ecdtasy	ecstasy	0.84
eceed	exceed	0.86
ecellent	excellent	0.86
ecercise	exercise	0.84
ecistence	existence	0.84
ecperience	experience	0.84
ecplanation	explanation	0.84
ecsasy	ecstasy	0.86
ecsatsy	ecstasy	0.87
ecsstasy	ecstasy	0.88
ecstaasy	ecstasy	0.88
ecstacy	ecstasy	0.94
ecstady	ecstasy	0.84
ecstassy	ecstasy	0.88
ecstasu	ecstasy	0.84
ecstasyy	ecstasy	0.88
ecstay	ecstasy	0.86
ecstays	ecstasy	0.87
ecstsay	ecstasy	0.87
ecstssy	ecstasy	0.84
ecstsy	ecstasy	0.86
ecsttasy	ecstasy	0.88
ecsyasy	ecstasy	0.84
ectasy	ecstasy	0.86
ectsasy	ecstasy	0.87
ecxeed	exceed	0.87
ecxellent	excellent	0.87
edpecially	especially	0.84
edsay	essay	0.84
eearlier	earlier	0.88
eearned	earned	0.88
eeather	weather	0.84
eecstasy	ecstasy	0.88
eednesday	wednesday	0.84
eeek	week	0.84
eeffect	effect	0.88
eefficient	efficient	0.88
eeffort	effort	0.88
eeight	weight	0.84
eeird	weird	0.84
eeirdly	weirdly	0.84
eell	well	0.84
eemail	email	0.88
eemails	emails	0.88
eembarrass	embarrass	0.88
eembarrassed	embarrassed	0.88
eembarrassment	embarrassment	0.88
een	even	0.86
eening	evening	0.86
eenvironment	environment	0.88
eequipment	equipment	0.88
eercise	exercise	0.86
eery	every	0.86
eespecially	especially	0.88
eessay	essay	0.88
eeven	even	0.88
eevening	evening	0.88
eevery	every	0.88
eevidence	evidence	0.88
eevn	even	0.87
eevning	evening	0.87
eevry	every	0.87
eexample	example	0.88
eexceed	exceed	0.88
eexcellent	excellent	0.88
eexercise	exercise	0.88
eexistence	existence	0.88
eexperience	experience	0.88
eexplanation	explanation	0.88
eexrcise	exercise	0.87
efect	effect	0.90
efefct	effect	0.87
effcet	effect	0.87
effcient	efficient	0.86
effciient	efficient	0.87
effct	effect	0.86
effecct	effect	0.88
effecient	efficient	0.94
effectt	effect	0.88
effecy	effect	0.84
effeect	effect	0.88
effet	effect	0.86
effetc	effect	0.87
effevt	effect	0.84
efffect	effect	0.88
effficient	efficient	0.88
efffort	effort	0.88
efficcient	efficient	0.88
efficeint	efficient	0.87
efficent	efficient	0.86
efficieent	efficient	0.88
efficiemt	efficient	0.84
efficiennt	efficient	0.88
efficientt	efficient	0.88
efficieny	efficient	0.84
efficiet	efficient	0.86
efficietn	efficient	0.87
efficiient	efficient	0.88
efficinet	efficient	0.87
efficint	efficient	0.86
efficirnt	efficient	0.84
efficoent	efficient	0.84
effiicent	efficient	0.87
effiicient	efficient	0.88
effiient	efficient	0.86
effivient	efficient	0.84
effocient	efficient	0.84
effoort	effort	0.88
efforrt	effort	0.88
effortt	effort	0.94
effory	effort	0.84
effot	effort	0.86
effotr	effort	0.87
effott	effort	0.84
effprt	effort	0.84
effrct	effect	0.84
effrot	effort	0.87
effrt	effort	0.86
efgect	effect	0.84
efgicient	efficient	0.84
efgort	effort	0.84
eficient	efficient	0.86
efifcient	efficient	0.87
efofrt	effort	0.87
efort	effort	0.86
egfect	effect	0.84
egficient	efficient	0.84
egfort	effort	0.84
ehat	what	0.84
ehen	when	0.84
ehere	where	0.84
ehereas	whereas	0.84
ehich	which	0.84
ehile	while	0.84
ehole	whole	0.84
eidence	evidence	0.86
eill	will	0.84
eindow	window	0.84
eistence	existence	0.86
eith	with	0.84
eithin	within	0.84
eivdence	evidence	0.87
eixstence	existence	0.87
emaail	email	0.88
emaails	emails	0.88
emabrrass	embarrass	0.87
emabrrassed	embarrassed	0.87
emabrrassment	embarrassment	0.87
emaiil	email	0.88
emaiils	emails	0.88
emaild	emails	0.84
emaill	email	0.88
emaills	emails	0.88
emailss	emails	0.88
emais	emails	0.86
emaisl	emails	0.87
emal	email	0.86
emali	email	0.87
emalis	emails	0.87
emals	emails	0.86
emaol	email	0.84
emaols	emails	0.84
emarrass	embarrass	0.86
emarrassed	embarrassed	0.86
emarrassment	embarrassment	0.86
embaarrass	embarrass	0.88
embaarrassed	embarrassed	0.88
embaarrassment	embarrassment	0.88
embararss	embarrass	0.87
embararssed	embarrassed	0.87
embararssment	embarrassment	0.87
embarass	embarrass	0.94
embarassed	embarrassed	0.94
embarassment	embarrassment	0.86
embarraass	embarrass	0.88
embarraassed	embarrassed	0.88
embarraassment	embarrassment	0.88
embarrads	embarrass	0.84
embarradsed	embarrassed	0.84
embarradsment	embarrassment	0.84
embarras	embarrass	0.86
embarrasd	embarrass	0.84
embarrasded	embarrassed	0.84
embarrasdment	embarrassment	0.84
embarrased	embarrassed	0.86
embarrasesd	embarrassed	0.87
embarrasment	embarrassment	0.94
embarrasmsent	embarrassment	0.87
embarrassd	embarrassed	0.86
embarrassde	embarrassed	0.87
embarrassedd	embarrassed	0.88
embarrasseed	embarrassed	0.88
embarrassef	embarrassed	0.84
embarrassemnt	embarrassment	0.87
embarrassent	embarrassment	0.86
embarrassmeent	embarrassment	0.88
embarrassmemt	embarrassment	0.84
embarrassmennt	embarrassment	0.88
embarrassmentt	embarrassment	0.88
embarrassmeny	embarrassment	0.84
embarrassmet	embarrassment	0.86
embarrassmetn	embarrassment	0.87
embarrassmment	embarrassment	0.88
embarrassmnet	embarrassment	0.87
embarrassmnt	embarrassment	0.86
embarrassmrnt	embarrassment	0.84
embarrassnent	embarrassment	0.84
embarrassrd	embarrassed	0.84
embarrasss	embarrass	0.88
embarrasssed	embarrassed	0.88
embarrasssment	embarrassment	0.88
embarrrass	embarrass	0.88
embarrrassed	embarrassed	0.88
embarrrassment	embarrassment	0.88
embarrsas	embarrass	0.87
embarrsased	embarrassed	0.87
embarrsasment	embarrassment	0.87
embarrss	embarrass	0.86
embarrssed	embarrassed	0.86
embarrssment	embarrassment	0.86
embarrsss	embarrass	0.84
embarrsssed	embarrassed	0.84
embarrsssment	embarrassment	0.84
embartass	embarrass	0.84
embartassed	embarrassed	0.84
embartassment	embarrassment	0.84
embatrass	embarrass	0.84
embatrassed	embarrassed	0.84
embatrassment	embarrassment	0.84
embbarrass	embarrass	0.88
embbarrassed	embarrassed	0.88
embbarrassment	embarrassment	0.88
embrarass	embarrass	0.87
embrarassed	embarrassed	0.87
embrarassment	embarrassment	0.87
embrrass	embarrass	0.86
embrrassed	embarrassed	0.86
embrrassment	embarrassment	0.86
embsrrass	embarrass	0.84
embsrrassed	embarrassed	0.84
embsrrassment	embarrassment	0.84
emial	email	0.94
emials	emails	0.94
emil	email	0.86
emils	emails	0.86
emmail	email	0.88
emmails	emails	0.88
emmbarrass	embarrass	0.88
emmbarrassed	embarrassed	0.88
emmbarrassment	embarrassment	0.88
emmediately	immediately	0.94
emnarrass	embarrass	0.84
emnarrassed	embarrassed	0.84
emnarrassment	embarrassment	0.84
emsil	email	0.84
emsils	emails	0.84
emvironment	environment	0.84
enail	email	0.84
enails	emails	0.84
enbarrass	embarrass	0.84
enbarrassed	embarrassed	0.84
enbarrassment	embarrassment	0.84
enbironment	environment	0.84
enironment	environment	0.86
enivronment	environment	0.87
ennvironment	environment	0.88
enviironment	environment	0.88
envionment	environment	0.86
enviornment	environment	0.87
envirnment	environment	0.86
envirnoment	environment	0.87
enviroment	environment	0.94
enviromment	environment	0.84
enviromnent	environment	0.87
environemnt	environment	0.87
environent	environment	0.86
environmeent	environment	0.88
environmemt	environment	0.84
environmennt	environment	0.88
environmentt	environment	0.88
environmeny	environment	0.84
environmet	environment	0.86
environmetn	environment	0.87
environmment	environment	0.88
environmnet	environment	0.87
environmnt	environment	0.86
environmrnt	environment	0.84
environnent	environment	0.84
environnment	environment	0.88
enviroonment	environment	0.88
envirpnment	environment	0.84
envirronment	environment	0.88
envitonment	environment	0.84
envoronment	environment	0.84
envrionment	environment	0.87
envronment	environment	0.86
envvironment	environment	0.88
eord	word	0.84
eords	words	0.84
eork	work	0.84
eould	would	0.84
epecially	especially	0.86
eperience	experience	0.86
eplanation	explanation	0.86
epsecially	especially	0.87
epxerience	experience	0.87
epxlanation	explanation	0.87
eqiipment	equipment	0.84
eqipment	equipment	0.86
eqiupment	equipment	0.87
eqquipment	equipment	0.88
equiipment	equipment	0.88
equiment	equipment	0.86
equimpent	equipment	0.87
equipemnt	equipment	0.87
equipent	equipment	0.86
equipmeent	equipment	0.88
equipmemt	equipment	0.84
equipmennt	equipment	0.88
equipmentt	equipment	0.88
equipmeny	equipment	0.84
equipmet	equipment	0.86
equipmetn	equipment	0.87
equipmment	equipment	0.88
equipmnet	equipment	0.87
equipmnt	equipment	0.86
equipmrnt	equipment	0.84
equipnent	equipment	0.84
equippment	equipment	0.88
equiptment	equipment	0.94
equopment	equipment	0.84
equpiment	equipment	0.87
equpment	equipment	0.86
equuipment	equipment	0.88
eralier	earlier	0.87
eraned	earned	0.87
erite	write	0.84
eriting	writing	0.84
erlier	earlier	0.86
erned	earned	0.86
erong	wrong	0.84
esasy	essay	0.87
esay	essay	0.86
esctasy	ecstasy	0.87
esday	essay	0.84
esecially	especially	0.86
esepcially	especially	0.87
espceially	especially	0.87
espcially	especially	0.86
especailly	especially	0.87
especally	especially	0.86
especcially	especially	0.88
especiaally	especially	0.88
especiallly	especially	0.88
especiallu	especially	0.84
especiallyy	especially	0.88
especialy	especially	0.94
especialyl	especially	0.87
especiially	especially	0.88
especilaly	especially	0.87
especilly	especially	0.86
especislly	especially	0.84
especoally	especially	0.84
espeecially	especially	0.88
espeially	especially	0.86
espeically	especially	0.87
espevially	especially	0.84
esppecially	especially	0.88
esprcially	especially	0.84
esrlier	earlier	0.84
esrned	earned	0.84
essaay	essay	0.88
essau	essay	0.84
essayy	essay	0.88
esspecially	especially	0.88
esssay	essay	0.88
esssy	essay	0.84
essy	essay	0.86
essya	essay	0.87
estasy	ecstasy	0.86
euipment	equipment	0.86
euqipment	equipment	0.87
evdence	evidence	0.86
evdience	evidence	0.87
eveen	even	0.88
eveening	evening	0.88
eveery	every	0.88
eveing	evening	0.86
eveinng	evening	0.87
evem	even	0.84
eveming	evening	0.84
evenig	evening	0.86
evenign	evening	0.87
eveniing	evening	0.88
evenimg	evening	0.84
eveningg	evening	0.88
eveninh	evening	0.84
eveninng	evening	0.88
evenn	even	0.88
evenng	evening	0.86
evennig	evening	0.87
evenning	evening	0.88
evenong	evening	0.84
everry	every	0.88
everu	every	0.84
everyy	every	0.88
evety	every	0.84
evey	every	0.86
eveyr	every	0.87
eviddence	evidence	0.88
evidece	evidence	0.86
evidecne	evidence	0.87
evideence	evidence	0.88
evidemce	evidence	0.84
evidencce	evidence	0.88
evidencee	evidence	0.88
evidencr	evidence	0.84
evidene	evidence	0.86
evidenec	evidence	0.87
evidennce	evidence	0.88
evidenve	evidence	0.84
evidnce	evidence	0.86
evidnece	evidence	0.87
evidrnce	evidence	0.84
eviednce	evidence	0.87
evience	evidence	0.86
evifence	evidence	0.84
eviidence	evidence	0.88
evironment	environment	0.86
evn	even	0.86
evne	even	0.87
evneing	evening	0.87
evning	evening	0.86
evnironment	environment	0.87
evodence	evidence	0.84
evrey	every	0.87
evrn	even	0.84
evrning	evening	0.84
evrry	every	0.84
evry	every	0.86
evstasy	ecstasy	0.84
evven	even	0.88
evvening	evening	0.88
evvery	every	0.88
evvidence	evidence	0.88
ewuipment	equipment	0.84
exaample	example	0.88
examle	example	0.86
examlpe	example	0.87
exammple	example	0.88
exampe	example	0.86
exampel	example	0.94
examplee	example	0.88
examplle	example	0.88
examplr	example	0.84
exampple	example	0.88
exanple	example	0.84
exaple	example	0.86
exapmle	example	0.87
excceed	exceed	0.88
exccellent	excellent	0.88
exced	exceed	0.86
excede	exceed	0.94
exceedd	exceed	0.88
exceeed	exceed	0.88
exceef	exceed	0.84
exceellent	excellent	0.88
excelelnt	excellent	0.87
excelent	excellent	0.94
excelleent	excellent	0.88
excellemt	excellent	0.84
excellennt	excellent	0.88
excellentt	excellent	0.88
excelleny	excellent	0.84
excellet	excellent	0.86
excelletn	excellent	0.87
excelllent	excellent	0.88
excellnet	excellent	0.87
excellnt	excellent	0.86
excellrnt	excellent	0.84
excercise	exercise	0.94
excerd	exceed	0.84
excersise	exercise	0.94
exclelent	excellent	0.87
excllent	excellent	0.86
excred	exceed	0.84
excrllent	excellent	0.84
execed	exceed	0.87
execise	exercise	0.86
execllent	excellent	0.87
execrise	exercise	0.87
exeed	exceed	0.86
exeercise	exercise	0.88
exellent	excellent	0.86
exeprience	experience	0.87
exerccise	exercise	0.88
exercide	exercise	0.84
exercie	exercise	0.86
exercies	exercise	0.87
exerciise	exercise	0.88
exercisee	exercise	0.88
exercisr	exercise	0.84
exercisse	exercise	0.88
exercose	exercise	0.84
exercse	exercise	0.86
exercsie	exercise	0.87
exericse	exercise	0.87
exerience	experience	0.86
exerise	exercise	0.86
exerrcise	exercise	0.88
exervise	exercise	0.84
exetcise	exercise	0.84
exidtence	existence	0.84
exiistence	existence	0.88
exisence	existence	0.86
exisetnce	existence	0.87
exisstence	existence	0.88
existance	existence	0.94
existece	existence	0.86
existecne	existence	0.87
existeence	existence	0.88
existemce	existence	0.84
existencce	existence	0.88
existencee	existence	0.88
existencr	existence	0.84
existene	existence	0.86
existenec	existence	0.87
existennce	existence	0.88
existenve	existence	0.84
existnce	existence	0.86
existnece	existence	0.87
existrnce	existence	0.84
existtence	existence	0.88
exisyence	existence	0.84
exitence	existence	0.86
exitsence	existence	0.87
exlanation	explanation	0.86
exlpanation	explanation	0.87
exmaple	example	0.87
exmple	example	0.86
exostence	existence	0.84
expalnation	explanation	0.87
expanation	explanation	0.86
expeerience	experience	0.88
expeience	experience	0.86
expeirence	experience	0.87
expereince	experience	0.87
experence	experience	0.86
experiance	experience	0.94
experiece	experience	0.86
experiecne	experience	0.87
experieence	experience	0.88
experiemce	experience	0.84
experiencce	experience	0.88
experiencee	experience	0.88
experiencr	experience	0.84
experiene	experience	0.86
experienec	experience	0.87
experiennce	experience	0.88
experienve	experience	0.84
experiience	experience	0.88
experince	experience	0.94
experinece	experience	0.87
experirnce	experience	0.84
experoence	experience	0.84
experrience	experience	0.88
expetience	experience	0.84
explaanation	explanation	0.88
explaantion	explanation	0.87
explaation	explanation	0.86
explaination	explanation	0.94
explamation	explanation	0.84
explanaation	explanation	0.88
explanaion	explanation	0.86
explanaiton	explanation	0.87
explanatiion	explanation	0.88
explanatin	explanation	0.86
explanatino	explanation	0.87
explanatiom	explanation	0.84
explanationn	explanation	0.88
explanatioon	explanation	0.88
explanatipn	explanation	0.84
explanatoin	explanation	0.87
explanaton	explanation	0.86
explanatoon	explanation	0.84
explanattion	explanation	0.88
explanayion	explanation	0.84
explannation	explanation	0.88
explanstion	explanation	0.84
explantaion	explanation	0.87
explantion	explanation	0.86
expllanation	explanation	0.88
explnaation	explanation	0.87
explnation	explanation	0.86
explsnation	explanation	0.84
expperience	experience	0.88
expplanation	explanation	0.88
expreience	experience	0.87
exprience	experience	0.86
exprrience	experience	0.84
exrcise	exercise	0.86
exrecise	exercise	0.87
exrrcise	exercise	0.84
exsitence	existence	0.87
exsmple	example	0.84
exstence	existence	0.86
exveed	exceed	0.84
exvellent	excellent	0.84
exxample	example	0.88
exxceed	exceed	0.88
exxcellent	excellent	0.88
exxercise	exercise	0.88
exxistence	existence	0.88
exxperience	experience	0.88
exxplanation	explanation	0.88
faamiliar	familiar	0.88
faamily	family	0.88
failiar	familiar	0.86
faily	family	0.86
faimliar	familiar	0.87
faimly	family	0.87
famiiar	familiar	0.86
famiilar	familiar	0.87
famiiliar	familiar	0.88
famiily	family	0.88
familair	familiar	0.87
familar	familiar	0.94
familiaar	familiar	0.88
familiarr	familiar	0.88
familiat	familiar	0.84
familiiar	familiar	0.88
familir	familiar	0.86
familira	familiar	0.87
familisr	familiar	0.84
familliar	familiar	0.88
familly	family	0.88
familoar	familiar	0.84
familu	family	0.84
familyy	family	0.88
famiy	family	0.86
famiyl	family	0.87
famliar	familiar	0.86
famliiar	familiar	0.87
famliy	family	0.87
famly	family	0.86
fammiliar	familiar	0.94
fammily	family	0.88
famoliar	familiar	0.84
famoly	family	0.84
faniliar	familiar	0.84
fanily	family	0.84
fata	data	0.84
fate	date	0.84
faughter	daughter	0.84
fberuary	february	0.87
fbruary	february	0.86
feadline	deadline	0.84
febbruary	february	0.88
febrary	february	0.86
febraury	february	0.87
febriary	february	0.84
febrruary	february	0.88
februaary	february	0.88
februarry	february	0.88
februaru	february	0.84
februaryy	february	0.88
februaty	february	0.84
februay	february	0.86
februayr	february	0.87
februray	february	0.87
februry	february	0.86
februsry	february	0.84
februuary	february	0.88
febtuary	february	0.84
febuary	February	0.94
feburary	february	0.87
fecision	decision	0.84
fedback	feedback	0.86
fedeback	feedback	0.87
fee	free	0.86
feeback	feedback	0.86
feebdack	feedback	0.87
feebruary	february	0.88
feedabck	feedback	0.87
feedack	feedback	0.86
feedbaack	feedback	0.88
feedbacck	feedback	0.88
feedbackk	feedback	0.88
feedbacl	feedback	0.84
feedbak	feedback	0.86
feedbakc	feedback	0.87
feedbavk	feedback	0.84
feedbback	feedback	0.88
feedbcak	feedback	0.87
feedbck	feedback	0.86
feedbsck	feedback	0.84
feeddback	feedback	0.88
feednack	feedback	0.84
feeedback	feedback	0.88
feefback	feedback	0.84
fefinite	definite	0.84
fefinitely	definitely	0.84
fefinition	definition	0.84
felete	delete	0.84
feleted	deleted	0.84
felimiter	delimiter	0.84
fenruary	february	0.84
fependency	dependency	0.84
ferbuary	february	0.87
ferdback	feedback	0.84
fere	free	0.87
feruary	february	0.86
fescribe	describe	0.84
fescription	description	0.84
fesirable	desirable	0.84
fesperate	desperate	0.84
festroy	destroy	0.84
fetached	detached	0.84
fetail	detail	0.84
fetermine	determine	0.84
fevelopment	development	0.84
ffamiliar	familiar	0.88
ffamily	family	0.88
ffebruary	february	0.88
ffeedback	feedback	0.88
ffile	file	0.88
ffinal	final	0.88
ffinally	finally	0.88
ffinancial	financial	0.88
ffinish	finish	0.88
ffinished	finished	0.88
ffirst	first	0.88
ffluorescent	fluorescent	0.88
ffolder	folder	0.88
ffollow	follow	0.88
ffood	food	0.88
fforeign	foreign	0.88
fform	form	0.88
fforty	forty	0.88
fforward	forward	0.88
ffree	free	0.88
ffriend	friend	0.88
ffriends	friends	0.88
ffrom	from	0.88
ffurther	further	0.88
fial	final	0.86
fially	finally	0.86
fiancial	financial	0.86
fianl	final	0.87
fianlly	finally	0.87
fianncial	financial	0.87
fie	file	0.86
fiel	file	0.87
fiend	friend	0.86
fiends	friends	0.86
fifference	difference	0.84
fifferent	different	0.84
fiile	file	0.88
fiinal	final	0.88
fiinally	finally	0.88
fiinancial	financial	0.88
fiinish	finish	0.88
fiinished	finished	0.88
fiinsh	finish	0.87
fiinshed	finished	0.87
fiirst	first	0.88
fiish	finish	0.86
fiished	finished	0.86
filee	file	0.88
fille	file	0.88
filr	file	0.84
fimal	final	0.84
fimally	finally	0.84
fimancial	financial	0.84
fimension	dimension	0.84
fimish	finish	0.84
fimished	finished	0.84
finaal	final	0.88
finaally	finally	0.88
finaancial	financial	0.88
finacial	financial	0.86
finacnial	financial	0.87
finall	final	0.88
finallly	finally	0.88
finallu	finally	0.84
finallyy	finally	0.88
finaly	finally	0.94
finalyl	finally	0.87
finamcial	financial	0.84
financail	financial	0.87
financal	financial	0.86
financcial	financial	0.88
financiaal	financial	0.88
financiall	financial	0.88
financiial	financial	0.88
financil	financial	0.86
financila	financial	0.87
financisl	financial	0.84
financoal	financial	0.84
finanial	financial	0.86
finanical	financial	0.94
finanncial	financial	0.88
finanvial	financial	0.84
finidh	finish	0.84
finidhed	finished	0.84
finih	finish	0.86
finihed	finished	0.86
finihs	finish	0.87
finihsed	finished	0.87
finiish	finish	0.88
finiished	finished	0.88
finised	finished	0.86
finisehd	finished	0.87
finishd	finished	0.86
finishde	finished	0.87
finishedd	finished	0.88
finisheed	finished	0.88
finishef	finished	0.84
finishh	finish	0.88
finishhed	finished	0.88
finishrd	finished	0.84
finisj	finish	0.84
finisjed	finished	0.84
finissh	finish	0.88
finisshed	finished	0.88
finl	final	0.86
finla	final	0.87
finlaly	finally	0.87
finlly	finally	0.86
finnacial	financial	0.87
finnal	final	0.88
finnally	finally	0.88
finnaly	finally	0.94
finnancial	financial	0.88
finncial	financial	0.86
finnish	finish	0.88
finnished	finished	0.88
finosh	finish	0.84
finoshed	finished	0.84
finsh	finish	0.86
finshed	finished	0.86
finsih	finish	0.87
finsihed	finished	0.87
finsl	final	0.84
finslly	finally	0.84
finsncial	financial	0.84
firdt	first	0.84
firection	direction	0.84
firend	friend	0.87
firends	friends	0.87
firrst	first	0.88
firsst	first	0.88
firstt	first	0.88
firsy	first	0.84
firt	first	0.86
firther	further	0.84
firts	first	0.87
fisappear	disappear	0.84
fisappearance	disappearance	0.84
fisappoint	disappoint	0.84
fisappointed	disappointed	0.84
fiscussion	discussion	0.84
fisplay	display	0.84
fisrt	first	0.87
fist	first	0.88
fitst	first	0.84
fivide	divide	0.84
flder	folder	0.86
fle	file	0.86
flie	file	0.87
fliorescent	fluorescent	0.84
fllow	follow	0.86
flluorescent	fluorescent	0.88
floder	folder	0.87
flolow	follow	0.87
florescent	fluorescent	0.86
flourescent	fluorescent	0.94
fluoerscent	fluorescent	0.87
fluoescent	fluorescent	0.86
fluoorescent	fluorescent	0.88
fluorecent	fluorescent	0.86
fluorecsent	fluorescent	0.87
fluoredcent	fluorescent	0.84
fluoreescent	fluorescent	0.88
fluoresccent	fluorescent	0.88
fluoresceent	fluorescent	0.88
fluorescemt	fluorescent	0.84
fluorescennt	fluorescent	0.88
fluorescentt	fluorescent	0.88
fluoresceny	fluorescent	0.84
fluorescet	fluorescent	0.86
fluorescetn	fluorescent	0.87
fluorescnet	fluorescent	0.87
fluorescnt	fluorescent	0.86
fluorescrnt	fluorescent	0.84
fluoresecnt	fluorescent	0.87
fluoresent	fluorescent	0.86
fluoresscent	fluorescent	0.88
fluoresvent	fluorescent	0.84
fluorrescent	fluorescent	0.88
fluorrscent	fluorescent	0.84
fluorscent	fluorescent	0.86
fluorsecent	fluorescent	0.87
fluotescent	fluorescent	0.84
fluprescent	fluorescent	0.84
flurescent	fluorescent	0.86
fluroescent	fluorescent	0.87
fluuorescent	fluorescent	0.88
fmailiar	familiar	0.87
fmaily	family	0.87
fmiliar	familiar	0.86
fmily	family	0.86
fnal	final	0.86
fnally	finally	0.86
fnancial	financial	0.86
fnial	final	0.87
fnially	finally	0.87
fniancial	financial	0.87
fniish	finish	0.87
fniished	finished	0.87
fnish	finish	0.86
fnished	finished	0.86
foctor	doctor	0.84
focument	document	0.84
fod	food	0.86
foder	folder	0.86
fodler	folder	0.87
fodo	food	0.87
foeign	foreign	0.86
foerign	foreign	0.87
foing	doing	0.84
foldder	folder	0.88
foldeer	folder	0.88
folderr	folder	0.88
foldet	folder	0.84
foldr	folder	0.86
foldre	folder	0.87
foldrr	folder	0.84
fole	file	0.84
foledr	folder	0.87
foler	folder	0.86
folfer	folder	0.84
follder	folder	0.88
folllow	follow	0.88
folloe	follow	0.84
folloow	follow	0.88
followw	follow	0.88
follpw	follow	0.84
follw	follow	0.86
follwo	follow	0.87
fololw	follow	0.87
folow	follow	0.86
fom	form	0.86
fomr	form	0.87
fonal	final	0.84
fonally	finally	0.84
fonancial	financial	0.84
fone	done	0.84
fonish	finish	0.84
fonished	finished	0.84
foodd	food	0.88
foof	food	0.84
foolder	folder	0.88
foollow	follow	0.88
foood	food	0.88
fooreign	foreign	0.88
foorm	form	0.88
foorty	forty	0.88
foorward	forward	0.88
fopd	food	0.84
forard	forward	0.86
forawrd	forward	0.87
foreard	forward	0.84
foreeign	foreign	0.88
foregin	foreign	0.87
foregn	foreign	0.86
foreiggn	foreign	0.88
foreigm	foreign	0.84
foreignn	foreign	0.88
foreihn	foreign	0.84
foreiign	foreign	0.88
forein	foreign	0.86
foreing	foreign	0.87
foreogn	foreign	0.84
foriegn	foreign	0.94
forign	foreign	0.86
formm	form	0.88
forn	form	0.84
forreign	foreign	0.88
forrign	foreign	0.84
forrm	form	0.88
forrty	forty	0.88
forrward	forward	0.88
forst	first	0.84
fortty	forty	0.88
fortu	forty	0.84
fortyy	forty	0.88
forwaard	forward	0.88
forwad	forward	0.86
forwadr	forward	0.87
forwardd	forward	0.88
forwarf	forward	0.84
forwarrd	forward	0.88
forwatd	forward	0.84
forwrad	forward	0.87
forwrd	forward	0.86
forwsrd	forward	0.84
forwward	forward	0.88
fory	forty	0.86
foryt	forty	0.87
foryy	forty	0.84
foteign	foreign	0.84
fotm	form	0.84
fotry	forty	0.87
fotty	forty	0.84
fotward	forward	0.84
foty	forty	0.86
fourty	forty	0.94
foward	forward	0.94
fownloading	downloading	0.84
fowrard	forward	0.87
fplder	folder	0.84
fpllow	follow	0.84
fpod	food	0.84
fpreign	foreign	0.84
fprm	form	0.84
fprty	forty	0.84
fprward	forward	0.84
fraft	draft	0.84
framatic	dramatic	0.84
frbruary	february	0.84
fre	free	0.86
fredback	feedback	0.84
freee	free	0.88
freign	foreign	0.86
freind	friend	0.94
freinds	friends	0.87
frend	friend	0.86
frends	friends	0.86
frer	free	0.84
fried	friend	0.86
friedn	friend	0.87
friedns	friends	0.87
frieds	friends	0.86
frieend	friend	0.88
frieends	friends	0.88
friemd	friend	0.94
friemds	friends	0.84
friendd	friend	0.88
friendds	friends	0.88
friendss	friends	0.88
frienf	friend	0.84
frienfs	friends	0.84
friennd	friend	0.88
friennds	friends	0.88
friens	friends	0.86
friensd	friends	0.87
friiend	friend	0.88
friiends	friends	0.88
frind	friend	0.86
frinds	friends	0.86
frined	friend	0.87
frineds	friends	0.87
frirnd	friend	0.84
frirnds	friends	0.84
frist	first	0.87
frm	form	0.86
frmo	from	0.87
froeign	foreign	0.87
froend	friend	0.84
froends	friends	0.84
fromm	from	0.88
fromt	from	0.94
fron	from	0.84
froom	from	0.88
froty	forty	0.87
froward	forward	0.87
frpm	from	0.84
frre	free	0.84
frree	free	0.88
frriend	friend	0.88
frriends	friends	0.88
frrom	from	0.88
frst	first	0.86
frther	further	0.86
frty	forty	0.86
fruther	further	0.87
frward	forward	0.86
fsmiliar	familiar	0.84
fsmily	family	0.84
ftee	free	0.84
ftiend	friend	0.84
ftiends	friends	0.84
ftom	from	0.84
fulorescent	fluorescent	0.87
fuorescent	fluorescent	0.86
furher	further	0.86
furhter	further	0.87
furing	during	0.84
furrther	further	0.88
furtehr	further	0.87
furter	further	0.86
furtheer	further	0.88
furtherr	further	0.88
furthet	further	0.84
furthher	further	0.88
furthr	further	0.86
furthre	further	0.87
furthrr	further	0.84
furtjer	further	0.84
furtther	further	0.88
furyher	further	0.84
futher	further	0.94
futrher	further	0.87
futther	further	0.84
fuurther	further	0.88
gaauge	gauge	0.88
gade	grade	0.86
gage	gauge	0.86
gague	gauge	0.87
gaige	gauge	0.84
gamiliar	familiar	0.84
gamily	family	0.84
gammar	grammar	0.86
garantee	guarantee	0.86
gard	guard	0.86
garde	grade	0.87
garmmar	grammar	0.87
garteful	grateful	0.87
gateful	grateful	0.86
gaue	gauge	0.86
gaueg	gauge	0.87
gaugee	gauge	0.88
gaugge	gauge	0.88
gaugr	gauge	0.84
gauhe	gauge	0.84
gaurantee	guarantee	0.87
gaurd	guard	0.94
gauuge	gauge	0.88
geat	great	0.86
gebruary	february	0.84
geedback	feedback	0.84
geenerally	generally	0.88
geenrally	generally	0.87
geerally	generally	0.86
gemerally	generally	0.84
geneally	generally	0.86
genearlly	generally	0.87
geneerally	generally	0.88
generaally	generally	0.88
generallly	generally	0.88
generallu	generally	0.84
generallyy	generally	0.88
generaly	generally	0.94
generalyl	generally	0.87
generlaly	generally	0.87
generlly	generally	0.86
generrally	generally	0.88
generslly	generally	0.84
genetally	generally	0.84
gennerally	generally	0.88
genrally	generally	0.86
genreally	generally	0.87
genrrally	generally	0.84
gerat	great	0.87
ggauge	gauge	0.88
ggenerally	generally	0.88
ggive	give	0.88
ggood	good	0.88
ggovernment	government	0.88
ggrade	grade	0.88
ggrammar	grammar	0.88
ggrateful	grateful	0.88
ggreat	great	0.88
gguarantee	guarantee	0.88
gguard	guard	0.88
giarantee	guarantee	0.84
giard	guard	0.84
gibe	give	0.84
gie	give	0.86
giev	give	0.87
giive	give	0.88
gile	file	0.84
ginal	final	0.84
ginally	finally	0.84
ginancial	financial	0.84
ginish	finish	0.84
ginished	finished	0.84
girst	first	0.84
givee	give	0.88
givr	give	0.84
givve	give	0.88
gluorescent	fluorescent	0.84
gneerally	generally	0.87
gnerally	generally	0.86
gobernment	government	0.84
god	good	0.86
godo	good	0.87
goernment	government	0.86
goevrnment	government	0.87
golder	folder	0.84
gollow	follow	0.84
goodd	good	0.88
goof	good	0.84
goood	good	0.88
goovernment	government	0.88
gopd	good	0.84
goreign	foreign	0.84
gorm	form	0.84
gorty	forty	0.84
gorward	forward	0.84
gove	give	0.84
goveernment	government	0.88
govenment	government	0.86
govenrment	government	0.87
goverment	government	0.94
govermment	government	0.84
govermnent	government	0.87
governemnt	government	0.87
governent	government	0.86
governmeent	government	0.88
governmemt	government	0.84
governmennt	government	0.88
governmentt	government	0.88
governmeny	government	0.84
governmet	government	0.86
governmetn	government	0.87
governmment	government	0.88
governmnet	government	0.87
governmnt	government	0.86
governmrnt	government	0.84
governnent	government	0.84
governnment	government	0.88
goverrnment	government	0.88
govetnment	government	0.84
govrenment	government	0.87
govrnment	government	0.86
govrrnment	government	0.84
govvernment	government	0.88
gpod	good	0.84
gpvernment	government	0.84
graade	grade	0.88
graammar	grammar	0.88
graateful	grateful	0.88
gradde	grade	0.88
gradee	grade	0.88
gradr	grade	0.84
grae	grade	0.86
graed	grade	0.87
graeful	grateful	0.86
graet	great	0.87
graetful	grateful	0.87
grafe	grade	0.84
gramamr	grammar	0.87
gramar	grammar	0.86
grammaar	grammar	0.88
grammarr	grammar	0.88
grammat	grammar	0.84
grammer	grammar	0.94
grammmar	grammar	0.88
grammr	grammar	0.86
grammra	grammar	0.87
grammsr	grammar	0.84
gramnar	grammar	0.84
granmar	grammar	0.84
grat	great	0.94
grateeful	grateful	0.88
gratefful	grateful	0.88
gratefil	grateful	0.84
gratefl	grateful	0.86
grateflu	grateful	0.87
gratefull	grateful	0.88
gratefuul	grateful	0.88
grategul	grateful	0.84
grateufl	grateful	0.87
grateul	grateful	0.86
gratfeul	grateful	0.87
gratful	grateful	0.86
gratrful	grateful	0.84
gratteful	grateful	0.88
grayeful	grateful	0.84
grdae	grade	0.87
grde	grade	0.86
greaat	great	0.88
greatful	grateful	0.94
greatt	great	0.88
greay	great	0.84
gree	free	0.84
greeat	great	0.88
grest	great	0.84
gret	great	0.86
greta	great	0.87
griend	friend	0.84
griends	friends	0.84
grmamar	grammar	0.87
grmmar	grammar	0.86
grnerally	generally	0.84
grom	from	0.84
grrade	grade	0.88
grrammar	grammar	0.88
grrat	great	0.84
grrateful	grateful	0.88
grreat	great	0.88
grsde	grade	0.84
grsmmar	grammar	0.84
grsteful	grateful	0.84
grtaeful	grateful	0.87
grteful	grateful	0.86
gsuge	gauge	0.84
gtade	grade	0.84
gtammar	grammar	0.84
gtateful	grateful	0.84
gteat	great	0.84
guaantee	guarantee	0.86
guaarantee	guarantee	0.88
guaard	guard	0.88
guaarntee	guarantee	0.87
guad	guard	0.86
guadr	guard	0.87
guage	gauge	0.94
guaraantee	guarantee	0.88
guaramtee	guarantee	0.84
guaranee	guarantee	0.86
guaranete	guarantee	0.87
guaranntee	guarantee	0.88
guarante	guarantee	0.86
guaranteee	guarantee	0.88
guaranter	guarantee	0.84
guarantre	guarantee	0.84
guaranttee	guarantee	0.88
guaranyee	guarantee	0.84
guaratee	guarantee	0.86
guaratnee	guarantee	0.87
guardd	guard	0.88
guarentee	guarantee	0.94
guarf	guard	0.84
guarnatee	guarantee	0.87
guarntee	guarantee	0.86
guarrantee	guarantee	0.88
guarrd	guard	0.88
guarsntee	guarantee	0.84
guatantee	guarantee	0.84
guatd	guard	0.84
guge	gauge	0.86
guraantee	guarantee	0.87
gurad	guard	0.87
gurantee	guarantee	0.86
gurd	guard	0.86
gurther	further	0.84
gusrantee	guarantee	0.84
gusrd	guard	0.84
guuarantee	guarantee	0.88
guuard	guard	0.88
gve	give	0.86
gvernment	government	0.86
gvie	give	0.87
gvoernment	government	0.87
haalt	halt	0.88
haappened	happened	0.88
haarass	harass	0.88
haarassment	harassment	0.88
haarss	harass	0.87
haarssment	harassment	0.87
haass	harass	0.86
haassment	harassment	0.86
haave	have	0.88
haaving	having	0.88
habe	have	0.84
habing	having	0.84
hae	have	0.86
haelth	health	0.87
haev	have	0.87
haing	having	0.86
haivng	having	0.87
hallt	halt	0.88
halth	health	0.86
haltt	halt	0.88
haly	halt	0.84
hapened	happened	0.86
hapepned	happened	0.87
happeed	happened	0.86
happeend	happened	0.87
happeened	happened	0.88
happemed	happened	0.84
happend	happened	0.94
happende	happened	0.87
happenedd	happened	0.88
happeneed	happened	0.88
happenef	happened	0.84
happenned	happened	0.88
happenrd	happened	0.84
happned	happened	0.86
happneed	happened	0.87
happpened	happened	0.88
happrned	happened	0.84
haraass	harass	0.88
haraassment	harassment	0.88
harads	harass	0.84
haradsment	harassment	0.84
haras	harass	0.86
harasd	harass	0.84
harasdment	harassment	0.84
harasment	harassment	0.86
harasmsent	harassment	0.87
harassemnt	harassment	0.87
harassent	harassment	0.86
harassmeent	harassment	0.88
harassmemt	harassment	0.84
harassmennt	harassment	0.88
harassmentt	harassment	0.88
harassmeny	harassment	0.84
harassmet	harassment	0.86
harassmetn	harassment	0.87
harassmment	harassment	0.88
harassmnet	harassment	0.87
harassmnt	harassment	0.86
harassmrnt	harassment	0.84
harassnent	harassment	0.84
harasss	harass	0.88
harasssment	harassment	0.88
harrass	harass	0.94
harrassment	harassment	0.94
harsas	harass	0.87
harsasment	harassment	0.87
harss	harass	0.86
harssment	harassment	0.86
harsss	harass	0.84
harsssment	harassment	0.84
hat	halt	0.86
hatass	harass	0.84
hatassment	harassment	0.84
hatl	halt	0.87
hauge	gauge	0.84
hault	halt	0.94
havee	have	0.88
haveing	having	0.94
havig	having	0.86
havign	having	0.87
haviing	having	0.88
havimg	having	0.84
havingg	having	0.88
havinh	having	0.84
havinng	having	0.88
havng	having	0.86
havnig	having	0.87
havong	having	0.84
havr	have	0.84
havve	have	0.88
havving	having	0.88
heaalth	health	0.88
healh	health	0.86
healht	health	0.87
heallth	health	0.88
healthh	health	0.88
healtj	health	0.84
healtth	health	0.88
healyh	health	0.84
heath	health	0.86
heatlh	health	0.87
heealth	health	0.88
heeight	height	0.88
heeirarchy	heirarchy	0.88
heello	hello	0.88
heelpful	helpful	0.88
heght	height	0.86
hegiht	height	0.87
heiarchy	heirarchy	0.86
heiarrchy	heirarchy	0.87
heigght	height	0.88
heighht	height	0.88
heightt	height	0.88
heighy	height	0.84
heigjt	height	0.84
heigt	height	0.86
heigth	height	0.94
heihgt	height	0.87
heihht	height	0.84
heiht	height	0.86
heiight	height	0.88
heiirarchy	heirarchy	0.88
heiraarchy	heirarchy	0.88
heirachy	heirarchy	0.86
heiracrhy	heirarchy	0.87
heirarcchy	heirarchy	0.88
heirarchhy	heirarchy	0.88
heirarchu	heirarchy	0.84
heirarchyy	heirarchy	0.88
heirarcjy	heirarchy	0.84
heirarcy	heirarchy	0.86
heirarcyh	heirarchy	0.87
heirarhcy	heirarchy	0.87
heirarhy	heirarchy	0.86
heirarrchy	heirarchy	0.88
heirarvhy	heirarchy	0.84
heiratchy	heirarchy	0.84
heirrachy	heirarchy	0.87
heirrarchy	heirarchy	0.88
heirrchy	heirarchy	0.86
heirsrchy	heirarchy	0.84
heitarchy	heirarchy	0.84
helath	health	0.87
helfpul	helpful	0.87
helful	helpful	0.86
helllo	hello	0.96
helloo	hello	0.88
hellp	hello	0.84
hellpful	helpful	0.88
helo	hello	0.94
helol	hello	0.87
helpfful	helpful	0.88
helpfil	helpful	0.84
helpfl	helpful	0.86
helpflu	helpful	0.87
helpfull	helpful	0.94
helpfuul	helpful	0.88
helpgul	helpful	0.84
helppful	helpful	0.88
helpufl	helpful	0.87
helpul	helpful	0.86
helth	health	0.86
henerally	generally	0.84
heoght	height	0.84
heorarchy	heirarchy	0.84
hepful	helpful	0.86
heplful	helpful	0.87
herarchy	heirarchy	0.86
heriarchy	heirarchy	0.87
heslth	health	0.84
hghest	highest	0.86
hgihest	highest	0.87
hhalt	halt	0.88
hhappened	happened	0.88
hharass	harass	0.88
hharassment	harassment	0.88
hhave	have	0.88
hhaving	having	0.88
hhealth	health	0.88
hheight	height	0.88
hheirarchy	heirarchy	0.88
hhello	hello	0.88
hhelpful	helpful	0.88
hhighest	highest	0.88
hhome	home	0.88
hhonor	honor	0.88
hhouse	house	0.88
hhumor	humor	0.88
hhumorous	humorous	0.88
hieght	height	0.87
hierarchy	heirarchy	0.88
higehst	highest	0.87
higest	highest	0.94
higghest	highest	0.88
highedt	highest	0.84
higheest	highest	0.88
highesst	highest	0.88
highestt	highest	0.88
highesy	highest	0.84
highet	highest	0.86
highets	highest	0.87
highhest	highest	0.88
highrst	highest	0.84
highset	highest	0.87
highst	highest	0.86
hight	height	0.86
higjest	highest	0.84
hihest	highest	0.86
hihgest	highest	0.87
hihhest	highest	0.84
hiighest	highest	0.88
himor	humor	0.84
himorous	humorous	0.84
hirarchy	heirarchy	0.86
hive	give	0.84
hlat	halt	0.87
hlelo	hello	0.87
hlepful	helpful	0.87
hllo	hello	0.86
hlpful	helpful	0.86
hlt	halt	0.86
hme	home	0.86
hmoe	home	0.87
hmor	humor	0.86
hmorous	humorous	0.86
hmuor	humor	0.87
hmuorous	humorous	0.87
hnoor	honor	0.87
hnor	honor	0.86
hoe	home	0.86
hoem	home	0.87
hoghest	highest	0.84
hoise	house	0.84
homee	home	0.88
homme	home	0.88
homor	honor	0.84
homr	home	0.84
hone	home	0.84
honnor	honor	0.88
honoor	honor	0.88
honorr	honor	0.88
honot	honor	0.84
honour	honor	0.86
honpr	honor	0.84
honr	honor	0.86
honro	honor	0.87
hood	good	0.84
hoome	home	0.88
hoonor	honor	0.88
hoonr	honor	0.87
hoor	honor	0.86
hoouse	house	0.88
hose	house	0.86
hosue	house	0.87
houde	house	0.84
houe	house	0.86
houes	house	0.87
housee	house	0.88
housr	house	0.84
housse	house	0.88
houuse	house	0.88
hovernment	government	0.84
hpapened	happened	0.87
hpme	home	0.84
hpnor	honor	0.84
hppened	happened	0.86
hpuse	house	0.84
hraass	harass	0.87
hraassment	harassment	0.87
hrade	grade	0.84
hralth	health	0.84
hrammar	grammar	0.84
hrass	harass	0.86
hrassment	harassment	0.86
hrateful	grateful	0.84
hreat	great	0.84
hright	height	0.84
hrirarchy	heirarchy	0.84
hrllo	hello	0.84
hrlpful	helpful	0.84
hslt	halt	0.84
hsppened	happened	0.84
hsrass	harass	0.84
hsrassment	harassment	0.84
hsve	have	0.84
hsving	having	0.84
huarantee	guarantee	0.84
huard	guard	0.84
humer	humor	0.86
humerous	humorous	0.94
hummor	humor	0.88
hummorous	humorous	0.88
humoor	humor	0.88
humoorous	humorous	0.88
humoorus	humorous	0.87
humoous	humorous	0.86
humorois	humorous	0.84
humoroous	humorous	0.88
humoros	humorous	0.86
humorosu	humorous	0.87
humoroud	humorous	0.84
humorouss	humorous	0.88
humorouus	humorous	0.88
humorpus	humorous	0.84
humorr	humor	0.88
humorrous	humorous	0.88
humoruos	humorous	0.87
humorus	humorous	0.86
humot	humor	0.84
humotous	humorous	0.84
humpr	humor	0.84
humprous	humorous	0.84
humr	humor	0.86
humro	humor	0.87
humroous	humorous	0.87
humrous	humorous	0.86
hunor	humor	0.84
hunorous	humorous	0.84
huomr	humor	0.87
huomrous	humorous	0.87
huor	humor	0.86
huorous	humorous	0.86
huose	house	0.87
huse	house	0.86
huumor	humor	0.88
huumorous	humorous	0.88
hvae	have	0.87
hvaing	having	0.87
hve	have	0.86
hving	having	0.86
icnonvenient	inconvenient	0.87
iconvenient	inconvenient	0.86
ida	idea	0.86
idae	idea	0.87
iddea	idea	0.88
iddentifier	identifier	0.88
ideaa	idea	0.88
ideea	idea	0.88
ideentifier	identifier	0.88
idemtifier	identifier	0.84
idenifier	identifier	0.86
idenitfier	identifier	0.87
idenntifier	identifier	0.88
identfier	identifier	0.86
identfiier	identifier	0.87
identifeir	identifier	0.87
identifer	identifier	0.94
identiffier	identifier	0.88
identifieer	identifier	0.88
identifierr	identifier	0.88
identifiet	identifier	0.84
identifiier	identifier	0.88
identifir	identifier	0.86
identifire	identifier	0.87
identifirr	identifier	0.84
identifoer	identifier	0.84
identigier	identifier	0.84
identiier	identifier	0.86
identiifer	identifier	0.87
identiifier	identifier	0.88
identofier	identifier	0.84
identtifier	identifier	0.88
idenyifier	identifier	0.84
idependent	independent	0.86
ides	idea	0.84
idetifier	identifier	0.86
idetnifier	identifier	0.87
idispensable	indispensable	0.86
idnependent	independent	0.87
idnetifier	identifier	0.87
idnispensable	indispensable	0.87
idntifier	identifier	0.86
idra	idea	0.84
idrntifier	identifier	0.84
idsue	issue	0.84
iea	idea	0.86
ieda	idea	0.87
iedntifier	identifier	0.87
iefficiently	inefficiently	0.86
ienfficiently	inefficiently	0.87
ientifier	identifier	0.86
ifea	idea	0.84
ifentifier	identifier	0.84
ifnormation	information	0.87
iformation	information	0.86
iidea	idea	0.88
iidentifier	identifier	0.88
iimmediately	immediately	0.88
iimplement	implement	0.88
iimportant	important	0.88
iinconvenient	inconvenient	0.88
iindependent	independent	0.88
iindispensable	indispensable	0.88
iinefficiently	inefficiently	0.88
iinerary	itinerary	0.86
iinformation	information	0.88
iinitial	initial	0.88
iinitially	initially	0.88
iinstall	install	0.88
iinstance	instance	0.88
iintelligent	intelligent	0.88
iinterest	interest	0.88
iinteresting	interesting	0.88
iinterrupt	interrupt	0.88
iintial	initial	0.87
iintially	initially	0.87
iinto	into	0.88
iintroduction	introduction	0.88
iinvoice	invoice	0.88
iirrelevant	irrelevant	0.88
iissue	issue	0.88
iitial	initial	0.86
iitially	initially	0.86
iitinerary	itinerary	0.88
iitnerary	itinerary	0.87
imconvenient	inconvenient	0.84
imdependent	independent	0.84
imdispensable	indispensable	0.84
imediately	immediately	0.94
imefficiently	inefficiently	0.84
imemdiately	immediately	0.87
imformation	information	0.84
imitial	initial	0.84
imitially	initially	0.84
imlement	implement	0.86
imlpement	implement	0.87
immdeiately	immediately	0.87
immdiately	immediately	0.86
immedaitely	immediately	0.87
immedately	immediately	0.86
immeddiately	immediately	0.88
immediaately	immediately	0.88
immediaely	immediately	0.86
immediaetly	immediately	0.87
immediateely	immediately	0.88
immediatelly	immediately	0.88
immediatelu	immediately	0.84
immediatelyy	immediately	0.88
immediatey	immediately	0.86
immediateyl	immediately	0.87
immediatley	immediately	0.87
immediatly	immediately	0.94
immediatrly	immediately	0.84
immediattely	immediately	0.88
immediayely	immediately	0.84
immediiately	immediately	0.88
immedistely	immediately	0.84
immeditaely	immediately	0.87
immeditely	immediately	0.86
immedoately	immediately	0.84
immeediately	immediately	0.88
immefiately	immediately	0.84
immeiately	immediately	0.86
immeidately	immediately	0.87
immidiately	immediately	0.94
immmediately	immediately	0.88
immplement	implement	0.88
immportant	important	0.88
immrdiately	immediately	0.84
imnediately	immediately	0.84
imoprtant	important	0.87
imortant	important	0.86
impelment	implement	0.87
impement	implement	0.86
impleement	implement	0.88
impleemnt	implement	0.87
impleent	implement	0.86
implemeent	implement	0.88
implememt	implement	0.84
implemennt	implement	0.88
implementt	implement	0.88
implemeny	implement	0.84
implemet	implement	0.86
implemetn	implement	0.87
implemment	implement	0.88
implemnet	implement	0.87
implemnt	implement	0.86
implemrnt	implement	0.84
implenent	implement	0.84
impliment	implement	0.94
impllement	implement	0.88
implmeent	implement	0.87
implment	implement	0.86
implrment	implement	0.84
impoortant	important	0.88
imporant	important	0.86
imporatnt	important	0.87
imporrtant	important	0.88
importaant	important	0.88
importamt	important	0.84
importannt	important	0.88
importantt	important	0.88
importany	important	0.84
importat	important	0.86
importatn	important	0.87
importent	important	0.94
importnat	important	0.87
importnt	important	0.86
importsnt	important	0.84
importtant	important	0.88
imporyant	important	0.84
impotant	important	0.86
impotrant	important	0.87
impottant	important	0.84
impplement	implement	0.88
impportant	important	0.88
impprtant	important	0.84
improtant	important	0.87
imprtant	important	0.86
imstall	install	0.84
imstance	instance	0.84
imtelligent	intelligent	0.84
imterest	interest	0.84
imteresting	interesting	0.84
imterrupt	interrupt	0.84
imto	into	0.84
imtroduction	introduction	0.84
imvoice	invoice	0.84
inboice	invoice	0.84
incconvenient	inconvenient	0.88
incnovenient	inconvenient	0.87
incnvenient	inconvenient	0.86
incomvenient	inconvenient	0.84
inconbenient	inconvenient	0.84
inconenient	inconvenient	0.86
inconevnient	inconvenient	0.87
inconnvenient	inconvenient	0.88
inconveenient	inconvenient	0.88
inconveient	inconvenient	0.86
inconveinent	inconvenient	0.87
inconvemient	inconvenient	0.84
inconveneint	inconvenient	0.87
inconvenent	inconvenient	0.86
inconvenieent	inconvenient	0.88
inconveniemt	inconvenient	0.84
inconveniennt	inconvenient	0.88
inconvenientt	inconvenient	0.88
inconvenieny	inconvenient	0.84
inconveniet	inconvenient	0.86
inconvenietn	inconvenient	0.87
inconveniient	inconvenient	0.88
inconveninet	inconvenient	0.87
inconvenint	inconvenient	0.86
inconvenirnt	inconvenient	0.84
inconvennient	inconvenient	0.88
inconvenoent	inconvenient	0.84
inconvienient	inconvenient	0.94
inconvneient	inconvenient	0.87
inconvnient	inconvenient	0.86
inconvrnient	inconvenient	0.84
inconvvenient	inconvenient	0.88
incoonvenient	inconvenient	0.88
incovenient	inconvenient	0.86
incovnenient	inconvenient	0.87
incpnvenient	inconvenient	0.84
inddependent	independent	0.88
inddispensable	indispensable	0.88
indeendent	independent	0.86
indeependent	independent	0.88
indeepndent	independent	0.87
indepedent	independent	0.86
indepednent	independent	0.87
indepeendent	independent	0.88
indepemdent	independent	0.84
independant	independent	0.94
independdent	independent	0.88
independeent	independent	0.88
independemt	independent	0.84
independennt	independent	0.88
independentt	independent	0.88
independeny	independent	0.84
independet	independent	0.86
independetn	independent	0.87
independnet	independent	0.87
independnt	independent	0.86
independrnt	independent	0.84
indepenednt	independent	0.87
indepenent	independent	0.86
indepenfent	independent	0.84
indepenndent	independent	0.88
indepndent	independent	0.86
indepnedent	independent	0.87
indeppendent	independent	0.88
indeprndent	independent	0.84
inderrated	underrated	0.84
indidpensable	indispensable	0.84
indiispensable	indispensable	0.88
indipensable	indispensable	0.86
indipsensable	indispensable	0.87
indisensable	indispensable	0.86
indisepnsable	indispensable	0.87
indispeensable	indispensable	0.88
indispemsable	indispensable	0.84
indispenable	indispensable	0.86
indispenasble	indispensable	0.87
indispendable	indispensable	0.84
indispennsable	indispensable	0.88
indispensaable	indispensable	0.88
indispensabble	indispensable	0.88
indispensabe	indispensable	0.86
indispensabel	indispensable	0.87
indispensablee	indispensable	0.88
indispensablle	indispensable	0.88
indispensablr	indispensable	0.84
indispensalbe	indispensable	0.87
indispensale	indispensable	0.86
indispensanle	indispensable	0.84
indispensbale	indispensable	0.87
indispensble	indispensable	0.86
indispensible	indispensable	0.94
indispenssable	indispensable	0.88
indispenssble	indispensable	0.84
indispesable	indispensable	0.86
indispesnable	indispensable	0.87
indispnesable	indispensable	0.87
indispnsable	indispensable	0.86
indisppensable	indispensable	0.88
indisprnsable	indispensable	0.84
indisspensable	indispensable	0.88
indospensable	indispensable	0.84
indpeendent	independent	0.87
indpendent	independent	0.86
indrpendent	independent	0.84
indsipensable	indispensable	0.87
indspensable	indispensable	0.86
indtall	install	0.84
indtance	instance	0.84
inedpendent	independent	0.87
ineefficiently	inefficiently	0.88
ineffciently	inefficiently	0.86
ineffciiently	inefficiently	0.87
ineffficiently	inefficiently	0.88
inefficciently	inefficiently	0.88
inefficeintly	inefficiently	0.87
inefficently	inefficiently	0.86
inefficieently	inefficiently	0.88
inefficiemtly	inefficiently	0.84
inefficienlty	inefficiently	0.87
inefficienly	inefficiently	0.86
inefficienntly	inefficiently	0.88
inefficientlly	inefficiently	0.88
inefficientlu	inefficiently	0.84
inefficientlyy	inefficiently	0.88
inefficienttly	inefficiently	0.88
inefficienty	inefficiently	0.94
inefficientyl	inefficiently	0.87
inefficienyly	inefficiently	0.84
inefficietly	inefficiently	0.86
inefficietnly	inefficiently	0.87
inefficiiently	inefficiently	0.88
inefficinetly	inefficiently	0.87
inefficintly	inefficiently	0.86
inefficirntly	inefficiently	0.84
inefficoently	inefficiently	0.84
ineffiicently	inefficiently	0.87
ineffiiciently	inefficiently	0.88
ineffiiently	inefficiently	0.86
ineffiviently	inefficiently	0.84
ineffociently	inefficiently	0.84
inefgiciently	inefficiently	0.84
ineficiently	inefficiently	0.86
inefifciently	inefficiently	0.87
inegficiently	inefficiently	0.84
inelligent	intelligent	0.86
inependent	independent	0.86
inerest	interest	0.86
ineresting	interesting	0.86
inerrupt	interrupt	0.86
inetlligent	intelligent	0.87
inetrest	interest	0.87
inetresting	interesting	0.87
inetrrupt	interrupt	0.87
infeficiently	inefficiently	0.87
infependent	independent	0.84
infficiently	inefficiently	0.86
infformation	information	0.88
infispensable	indispensable	0.84
infomation	information	0.86
infomration	information	0.87
infoormation	information	0.88
inforamtion	information	0.87
inforation	information	0.86
informaation	information	0.88
informaion	information	0.86
informaiton	information	0.87
informatiion	information	0.88
informatin	information	0.86
informatino	information	0.87
informatiom	information	0.84
informationn	information	0.88
informatioon	information	0.88
informatipn	information	0.84
informatoin	information	0.87
informaton	information	0.86
informatoon	information	0.84
informattion	information	0.88
informayion	information	0.84
informmation	information	0.88
informstion	information	0.84
informtaion	information	0.87
informtion	information	0.86
infornation	information	0.84
inforrmation	information	0.88
infortunately	unfortunately	0.84
infotmation	information	0.84
infprmation	information	0.84
infrmation	information	0.86
infromation	information	0.87
ingormation	information	0.84
inidspensable	indispensable	0.87
iniial	initial	0.86
iniially	initially	0.86
iniital	initial	0.87
iniitally	initially	0.87
iniitial	initial	0.88
iniitially	initially	0.88
inispensable	indispensable	0.86
initail	initial	0.87
initailly	initially	0.87
inital	initial	0.94
initally	initially	0.86
initiaal	initial	0.88
initiaally	initially	0.88
initiall	initial	0.88
initiallly	initially	0.88
initiallu	initially	0.84
initiallyy	initially	0.88
initialy	initially	0.94
initialyl	initially	0.87
initiial	initial	0.88
initiially	initially	0.88
initil	initial	0.86
initila	initial	0.87
initilaly	initially	0.87
initilly	initially	0.86
initisl	initial	0.84
initislly	initially	0.84
initoal	initial	0.84
initoally	initially	0.84
inittial	initial	0.88
inittially	initially	0.88
iniversity	university	0.84
iniyial	initial	0.84
iniyially	initially	0.84
inmediately	immediately	0.84
innconvenient	inconvenient	0.88
inndependent	independent	0.88
inndispensable	indispensable	0.88
innecessary	unnecessary	0.84
innefficiently	inefficiently	0.88
innformation	information	0.88
innitial	initial	0.88
innitially	initially	0.88
innstall	install	0.88
innstance	instance	0.88
inntelligent	intelligent	0.88
innterest	interest	0.88
innteresting	interesting	0.88
innterrupt	interrupt	0.88
innto	into	0.88
inntroduction	introduction	0.88
innvoice	invoice	0.88
ino	into	0.86
inocnvenient	inconvenient	0.87
inofrmation	information	0.87
inoice	invoice	0.86
inonvenient	inconvenient	0.86
inormation	information	0.86
inot	into	0.87
inotial	initial	0.84
inotially	initially	0.84
inovice	invoice	0.87
inplement	implement	0.84
inportant	important	0.84
inrfficiently	inefficiently	0.84
inroduction	introduction	0.86
inrtoduction	introduction	0.87
insall	install	0.86
insance	instance	0.86
insatll	install	0.87
insatnce	instance	0.87
insstall	install	0.88
insstance	instance	0.88
instaall	install	0.88
instaance	instance	0.88
instace	instance	0.86
instacne	instance	0.87
instal	install	0.94
installl	install	0.88
instamce	instance	0.84
instancce	instance	0.88
instancee	instance	0.88
instancr	instance	0.84
instane	instance	0.86
instanec	instance	0.87
instannce	instance	0.88
instanve	instance	0.84
instlal	install	0.87
instll	install	0.86
instnace	instance	0.94
instnce	instance	0.86
instsll	install	0.84
instsnce	instance	0.84
insttall	install	0.88
insttance	instance	0.88
insyall	install	0.84
insyance	instance	0.84
intall	install	0.86
intance	instance	0.86
inteelligent	intelligent	0.88
inteerest	interest	0.88
inteeresting	interesting	0.88
inteerrupt	interrupt	0.88
inteerst	interest	0.87
inteersting	interesting	0.87
inteest	interest	0.86
inteesting	interesting	0.86
inteligent	intelligent	0.94
intelilgent	intelligent	0.87
intellgent	intelligent	0.86
intellgient	intelligent	0.87
intelliegnt	intelligent	0.87
intellient	intelligent	0.86
intelligeent	intelligent	0.88
intelligemt	intelligent	0.84
intelligennt	intelligent	0.88
intelligentt	intelligent	0.88
intelligeny	intelligent	0.84
intelliget	intelligent	0.86
intelligetn	intelligent	0.87
intelliggent	intelligent	0.88
intellignet	intelligent	0.87
intellignt	intelligent	0.86
intelligrnt	intelligent	0.84
intellihent	intelligent	0.84
intelliigent	intelligent	0.88
intellligent	intelligent	0.88
intellogent	intelligent	0.84
interedt	interest	0.84
interedting	interesting	0.84
intereest	interest	0.88
intereesting	interesting	0.88
interesing	interesting	0.86
interesitng	interesting	0.87
interesst	interest	0.88
interessting	interesting	0.88
interestig	interesting	0.86
interestign	interesting	0.87
interestiing	interesting	0.88
interestimg	interesting	0.84
interestingg	interesting	0.88
interestinh	interesting	0.84
interestinng	interesting	0.88
interestng	interesting	0.86
interestnig	interesting	0.87
interestong	interesting	0.84
interestt	interest	0.88
interestting	interesting	0.88
interesy	interest	0.84
interesying	interesting	0.84
interet	interest	0.86
intereting	interesting	0.86
interets	interest	0.87
interetsing	interesting	0.87
interrest	interest	0.88
interresting	interesting	0.88
interript	interrupt	0.84
interrpt	interrupt	0.86
interrput	interrupt	0.87
interrrupt	interrupt	0.88
interrst	interest	0.84
interrsting	interesting	0.84
interruppt	interrupt	0.88
interruptt	interrupt	0.88
interrupy	interrupt	0.84
interrut	interrupt	0.86
interrutp	interrupt	0.87
interruupt	interrupt	0.88
interset	interest	0.87
interseting	interesting	0.87
interst	interest	0.86
intersting	interesting	0.86
intertupt	interrupt	0.84
interupt	interrupt	0.94
interurpt	interrupt	0.87
intetest	interest	0.84
intetesting	interesting	0.84
intetrupt	interrupt	0.84
intial	initial	0.86
intially	initially	0.86
intiial	initial	0.87
intiially	initially	0.87
intil	until	0.84
intleligent	intelligent	0.87
intlligent	intelligent	0.86
intoduction	introduction	0.86
intoo	into	0.88
intorduction	introduction	0.87
intp	into	0.84
intrdouction	introduction	0.87
intrduction	introduction	0.86
intreest	interest	0.87
intreesting	interesting	0.87
intrerupt	interrupt	0.87
intrest	interest	0.94
intresting	interesting	0.94
intrlligent	intelligent	0.84
introdction	introduction	0.86
introdcution	introduction	0.87
introdduction	introduction	0.88
introdiction	introduction	0.84
introducction	introduction	0.88
introducion	introduction	0.94
introduciton	introduction	0.87
introductiion	introduction	0.88
introductin	introduction	0.86
introductino	introduction	0.87
introductiom	introduction	0.84
introductionn	introduction	0.88
introductioon	introduction	0.88
introductipn	introduction	0.84
introductoin	introduction	0.87
introducton	introduction	0.86
introductoon	introduction	0.84
introducttion	introduction	0.88
introducyion	introduction	0.84
introdutcion	introduction	0.87
introdution	introduction	0.86
introduuction	introduction	0.88
introduvtion	introduction	0.84
introfuction	introduction	0.84
introoduction	introduction	0.88
introuction	introduction	0.86
introudction	introduction	0.87
intrpduction	introduction	0.84
intrrest	interest	0.84
intrresting	interesting	0.84
intrroduction	introduction	0.88
intrrrupt	interrupt	0.84
intrrupt	interrupt	0.86
intsall	install	0.87
intsance	instance	0.87
inttelligent	intelligent	0.88
intterest	interest	0.88
intteresting	interesting	0.88
intterrupt	interrupt	0.88
intto	into	0.88
inttoduction	introduction	0.84
inttroduction	introduction	0.88
invice	invoice	0.86
invioce	invoice	0.87
invoce	invoice	0.86
invocie	invoice	0.87
invoicce	invoice	0.88
invoicee	invoice	0.88
invoicr	invoice	0.84
invoie	invoice	0.86
invoiec	invoice	0.87
invoiice	invoice	0.88
invoive	invoice	0.84
invonvenient	inconvenient	0.84
invooce	invoice	0.84
invooice	invoice	0.88
invpice	invoice	0.84
invvoice	invoice	0.88
inyelligent	intelligent	0.84
inyerest	interest	0.84
inyeresting	interesting	0.84
inyerrupt	interrupt	0.84
inyo	into	0.84
inyroduction	introduction	0.84
ipcoming	upcoming	0.84
ipdate	update	0.84
iplement	implement	0.86
ipmlement	implement	0.87
ipmortant	important	0.87
iportant	important	0.86
irelevant	irrelevant	0.86
irerlevant	irrelevant	0.87
irgent	urgent	0.84
irreelevant	irrelevant	0.88
irreelvant	irrelevant	0.87
irreevant	irrelevant	0.86
irreleant	irrelevant	0.86
irreleavnt	irrelevant	0.87
irrelebant	irrelevant	0.84
irreleevant	irrelevant	0.88
irrelevaant	irrelevant	0.88
irrelevamt	irrelevant	0.84
irrelevannt	irrelevant	0.88
irrelevantt	irrelevant	0.88
irrelevany	irrelevant	0.84
irrelevat	irrelevant	0.86
irrelevatn	irrelevant	0.87
irrelevent	irrelevant	0.94
irrelevnat	irrelevant	0.87
irrelevnt	irrelevant	0.86
irrelevsnt	irrelevant	0.84
irrelevvant	irrelevant	0.88
irrellevant	irrelevant	0.88
irrelrvant	irrelevant	0.84
irrelvant	irrelevant	0.86
irrelveant	irrelevant	0.87
irrleevant	irrelevant	0.87
irrlevant	irrelevant	0.86
irrrelevant	irrelevant	0.88
irrrlevant	irrelevant	0.84
irtelevant	irrelevant	0.84
isdue	issue	0.84
iseful	useful	0.84
isntall	install	0.87
isntance	instance	0.87
isse	issue	0.86
isseu	issue	0.87
issie	issue	0.84
isssue	issue	0.88
issuee	issue	0.88
issur	issue	0.84
issuue	issue	0.88
istall	install	0.86
istance	instance	0.86
isually	usually	0.84
isue	issue	0.86
isuse	issue	0.87
itelligent	intelligent	0.86
iterest	interest	0.86
iteresting	interesting	0.86
iterrupt	interrupt	0.86
itienrary	itinerary	0.87
itierary	itinerary	0.86
itiinerary	itinerary	0.88
itimerary	itinerary	0.84
itinearry	itinerary	0.87
itineary	itinerary	0.86
itineerary	itinerary	0.88
itineraary	itinerary	0.88
itinerarry	itinerary	0.88
itineraru	itinerary	0.84
itineraryy	itinerary	0.88
itineraty	itinerary	0.84
itineray	itinerary	0.86
itinerayr	itinerary	0.87
itinerrary	itinerary	0.88
itinerray	itinerary	0.87
itinerry	itinerary	0.86
itinersry	itinerary	0.84
itinery	itinerary	0.94
itinetary	itinerary	0.84
itinnerary	itinerary	0.88
itinrary	itinerary	0.86
itinreary	itinerary	0.87
itinrrary	itinerary	0.84
itnelligent	intelligent	0.87
itnerary	itinerary	0.86
itnerest	interest	0.87
itneresting	interesting	0.87
itnerrupt	interrupt	0.87
itnierary	itinerary	0.87
itno	into	0.87
itnroduction	introduction	0.87
ito	into	0.86
itonerary	itinerary	0.84
itrelevant	irrelevant	0.84
itroduction	introduction	0.86
ittinerary	itinerary	0.88
ivnoice	invoice	0.87
ivoice	invoice	0.86
iyinerary	itinerary	0.84
jalt	halt	0.84
jappened	happened	0.84
jarass	harass	0.84
jarassment	harassment	0.84
jave	have	0.84
javing	having	0.84
jdgment	judgment	0.86
jdugment	judgment	0.87
jealth	health	0.84
jeight	height	0.84
jeirarchy	heirarchy	0.84
jello	hello	0.84
jelpful	helpful	0.84
jidgment	judgment	0.84
jighest	highest	0.84
jist	just	0.84
jjudgment	judgment	0.88
jjust	just	0.88
jome	home	0.84
jonor	honor	0.84
jouse	house	0.84
jst	just	0.86
jsut	just	0.87
juddgment	judgment	0.88
judgement	judgment	0.86
judgemnt	judgment	0.87
judgent	judgment	0.86
judggment	judgment	0.88
judgmeent	judgment	0.88
judgmemt	judgment	0.84
judgmennt	judgment	0.88
judgmentt	judgment	0.88
judgmeny	judgment	0.84
judgmet	judgment	0.86
judgmetn	judgment	0.87
judgmment	judgment	0.88
judgmnet	judgment	0.87
judgmnt	judgment	0.86
judgmrnt	judgment	0.84
judgnent	judgment	0.84
judhment	judgment	0.84
judment	judgment	0.86
judmgent	judgment	0.87
judt	just	0.84
jufgment	judgment	0.84
jugdment	judgment	0.87
jugment	judgment	0.86
jumor	humor	0.84
jumorous	humorous	0.84
jusst	just	0.88
justt	just	0.88
jusy	just	0.84
jut	just	0.86
juts	just	0.87
juudgment	judgment	0.88
juust	just	0.88
keboard	keyboard	0.86
kebyoard	keyboard	0.87
keeyboard	keyboard	0.88
keuboard	keyboard	0.84
keybaord	keyboard	0.87
keybard	keyboard	0.86
keybboard	keyboard	0.88
keyboaard	keyboard	0.88
keyboad	keyboard	0.86
keyboadr	keyboard	0.87
keyboardd	keyboard	0.88
keyboarf	keyboard	0.84
keyboarrd	keyboard	0.88
keyboatd	keyboard	0.84
keybooard	keyboard	0.88
keyborad	keyboard	0.87
keybord	keyboard	0.86
keybosrd	keyboard	0.84
keybpard	keyboard	0.84
keynoard	keyboard	0.84
keyoard	keyboard	0.86
keyobard	keyboard	0.87
keyyboard	keyboard	0.88
kkeyboard	keyboard	0.88
kknow	know	0.88
kknowledge	knowledge	0.88
kknown	known	0.88
kmow	know	0.84
kmowledge	knowledge	0.84
kmown	known	0.84
knnow	know	0.88
knnowledge	knowledge	0.88
knnown	known	0.88
knoe	know	0.84
knoeledge	knowledge	0.84
knoen	known	0.84
knoledge	knowledge	0.86
knolwedge	knowledge	0.87
knon	known	0.86
knonw	known	0.87
knoow	know	0.88
knoowledge	knowledge	0.88
knoown	known	0.88
knowedge	knowledge	0.86
knoweldge	knowledge	0.87
knowldege	knowledge	0.87
knowldge	knowledge	0.86
knowleddge	knowledge	0.88
knowlede	knowledge	0.86
knowledeg	knowledge	0.87
knowledgee	knowledge	0.88
knowledgge	knowledge	0.88
knowledgr	knowledge	0.84
knowledhe	knowledge	0.84
knowleedge	knowledge	0.88
knowlefge	knowledge	0.84
knowlegde	knowledge	0.87
knowlege	knowledge	0.94
knowlledge	knowledge	0.88
knowlrdge	knowledge	0.84
knowm	known	0.84
knownn	known	0.88
knoww	know	0.88
knowwledge	knowledge	0.88
knowwn	known	0.88
knpw	know	0.84
knpwledge	knowledge	0.84
knpwn	known	0.84
knw	know	0.86
knwledge	knowledge	0.86
knwn	known	0.86
knwo	know	0.94
knwoledge	knowledge	0.87
knwon	known	0.94
konw	know	0.87
konwledge	knowledge	0.87
konwn	known	0.87
kow	know	0.86
kowledge	knowledge	0.86
kown	known	0.86
kryboard	keyboard	0.84
kudgment	judgment	0.84
kust	just	0.84
kyboard	keyboard	0.86
kyeboard	keyboard	0.87
laarge	large	0.88
laargely	largely	0.88
laast	last	0.88
laater	later	0.88
ladt	last	0.84
laer	later	0.86
laern	learn	0.87
laerning	learning	0.87
laetr	later	0.87
lage	large	0.86
lagely	largely	0.86
lagre	large	0.87
lagrely	largely	0.87
laiison	liaison	0.87
laison	liaison	0.86
lare	large	0.86
lareg	large	0.87
laregly	largely	0.87
larely	largely	0.86
largee	large	0.88
largeely	largely	0.88
largelly	largely	0.88
largelu	largely	0.84
largelyy	largely	0.88
largey	largely	0.86
largeyl	largely	0.87
largge	large	0.88
larggely	largely	0.88
largley	largely	0.87
largly	largely	0.94
largr	large	0.84
largrly	largely	0.84
larhe	large	0.84
larhely	largely	0.84
larn	learn	0.86
larning	learning	0.86
larrge	large	0.88
larrgely	largely	0.88
lasst	last	0.88
lastr	last	0.94
lastt	last	0.88
lasy	last	0.84
lat	last	0.86
lateer	later	0.88
laterr	later	0.88
latet	later	0.84
latge	large	0.84
latgely	largely	0.84
latr	later	0.86
latre	later	0.87
latrr	later	0.84
lats	last	0.87
latter	later	0.88
layer	later	0.84
lbirary	library	0.87
lbrary	library	0.86
lcal	local	0.86
lcation	location	0.86
lcense	license	0.86
lceture	lecture	0.87
lciense	license	0.87
lcoal	local	0.87
lcoation	location	0.87
lcture	lecture	0.86
leaarn	learn	0.88
leaarning	learning	0.88
lean	learn	0.86
leaning	learning	0.86
leanr	learn	0.87
leanring	learning	0.87
learing	learning	0.86
learinng	learning	0.87
learm	learn	0.84
learming	learning	0.84
learnig	learning	0.86
learnign	learning	0.87
learniing	learning	0.88
learnimg	learning	0.84
learningg	learning	0.88
learninh	learning	0.84
learninng	learning	0.88
learnn	learn	0.88
learnng	learning	0.86
learnnig	learning	0.87
learnning	learning	0.88
learnong	learning	0.84
learrn	learn	0.88
learrning	learning	0.88
leatn	learn	0.84
leatning	learning	0.84
lebel	level	0.84
leccture	lecture	0.88
lectire	lecture	0.84
lectre	lecture	0.86
lectrue	lecture	0.87
lectture	lecture	0.88
lectue	lecture	0.86
lectuer	lecture	0.87
lecturee	lecture	0.88
lecturr	lecture	0.84
lecturre	lecture	0.88
lectute	lecture	0.84
lectuure	lecture	0.88
lecure	lecture	0.86
lecutre	lecture	0.87
lecyure	lecture	0.84
leds	less	0.84
leearn	learn	0.88
leearning	learning	0.88
leecture	lecture	0.88
leel	level	0.86
leength	length	0.88
leengthy	lengthy	0.88
leess	less	0.88
leevel	level	0.88
leevl	level	0.87
legnth	length	0.87
legnthy	lengthy	0.87
legth	length	0.86
legthy	lengthy	0.86
lemgth	length	0.84
lemgthy	lengthy	0.84
lenggth	length	0.88
lenggthy	lengthy	0.88
lengh	length	0.86
lenght	length	0.94
lenghty	lengthy	0.94
lenghy	lengthy	0.86
lengthh	length	0.88
lengthhy	lengthy	0.88
lengthu	lengthy	0.84
lengthyy	lengthy	0.88
lengtj	length	0.84
lengtjy	lengthy	0.84
lengtth	length	0.88
lengtthy	lengthy	0.88
lengty	lengthy	0.86
lengtyh	lengthy	0.87
lengyh	length	0.84
lengyhy	lengthy	0.84
lenhth	length	0.84
lenhthy	lengthy	0.84
lenngth	length	0.88
lenngthy	lengthy	0.88
lentgh	length	0.87
lentghy	lengthy	0.87
lenth	length	0.86
lenthy	lengthy	0.86
leran	learn	0.87
leraning	learning	0.87
lern	learn	0.86
lerning	learning	0.86
les	less	0.86
lesd	less	0.84
lesrn	learn	0.84
lesrning	learning	0.84
lesss	less	0.88
letcure	lecture	0.87
leture	lecture	0.86
leve	level	0.94
leveel	level	0.88
levell	level	0.88
levl	level	0.86
levle	level	0.87
levrl	level	0.84
levture	lecture	0.84
levvel	level	0.88
leyboard	keyboard	0.84
lghtning	lightning	0.86
lgihtning	lightning	0.87
lgin	login	0.86
lgoin	login	0.87
liaaison	liaison	0.88
liaidon	liaison	0.84
liaiison	liaison	0.88
liaion	liaison	0.86
liaiosn	liaison	0.87
liaisn	liaison	0.86
liaisno	liaison	0.87
liaisom	liaison	0.84
liaisonn	liaison	0.88
liaisoon	liaison	0.88
liaispn	liaison	0.84
liaisson	liaison	0.88
liaoson	liaison	0.84
liasion	liaison	0.87
liason	liaison	0.94
libarry	library	0.87
libary	library	0.94
libbrary	library	0.88
libraary	library	0.88
librarry	library	0.88
libraru	library	0.84
libraryy	library	0.88
libraty	library	0.84
libray	library	0.86
librayr	library	0.87
librrary	library	0.88
librray	library	0.87
librry	library	0.86
librsry	library	0.84
libtary	library	0.84
liccense	license	0.88
liceense	license	0.88
licemse	license	0.84
licence	license	0.86
licende	license	0.84
licene	license	0.86
licenes	license	0.87
licennse	license	0.88
licensee	license	0.88
licensr	license	0.84
licensse	license	0.88
licese	license	0.86
licesne	license	0.87
licnese	license	0.87
licnse	license	0.86
licrnse	license	0.84
lidtener	listener	0.84
lie	like	0.86
liecnse	license	0.87
liek	like	0.87
lieklihood	likelihood	0.87
lielihood	likelihood	0.86
liense	license	0.86
ligghtning	lightning	0.88
lighhtning	lightning	0.88
lighning	lightning	0.86
lighnting	lightning	0.87
lightening	lightning	0.94
lighting	lightning	0.86
lightinng	lightning	0.87
lightming	lightning	0.84
lightnig	lightning	0.86
lightnign	lightning	0.87
lightniing	lightning	0.88
lightnimg	lightning	0.84
lightningg	lightning	0.88
lightninh	lightning	0.84
lightninng	lightning	0.88
lightnng	lightning	0.86
lightnnig	lightning	0.87
lightnning	lightning	0.88
lightnong	lightning	0.84
lighttning	lightning	0.88
lighyning	lightning	0.84
ligjtning	lightning	0.84
ligthning	lightning	0.87
ligtning	lightning	0.86
lihgtning	lightning	0.87
lihhtning	lightning	0.84
lihtning	lightning	0.86
liiaison	liaison	0.88
liiason	liaison	0.87
liibrary	library	0.88
liicense	license	0.88
liightning	lightning	0.88
liike	like	0.88
liikelihood	likelihood	0.88
liink	link	0.88
liison	liaison	0.86
liistener	listener	0.88
lik	link	0.86
likee	like	0.88
likeelihood	likelihood	0.88
likeihood	likelihood	0.86
likeilhood	likelihood	0.87
likelhiood	likelihood	0.87
likelhood	likelihood	0.86
likelihhood	likelihood	0.88
likelihod	likelihood	0.86
likelihodo	likelihood	0.87
likelihoodd	likelihood	0.88
likelihoof	likelihood	0.84
likelihoood	likelihood	0.88
likelihopd	likelihood	0.84
likelihpod	likelihood	0.84
likeliihood	likelihood	0.88
likelijood	likelihood	0.84
likeliohod	likelihood	0.87
likeliood	likelihood	0.86
likellihood	likelihood	0.88
likelohood	likelihood	0.84
likelyhood	likelihood	0.94
likke	like	0.88
likkelihood	likelihood	0.88
likleihood	likelihood	0.87
liklihood	likelihood	0.86
likn	link	0.87
likr	like	0.84
likrlihood	likelihood	0.84
lile	like	0.84
lilelihood	likelihood	0.84
limk	link	0.84
linkk	link	0.88
linl	link	0.84
linnk	link	0.88
linrary	library	0.84
lirary	library	0.86
lirbary	library	0.87
lisener	listener	0.86
lisetner	listener	0.87
lisison	liaison	0.84
lisstener	listener	0.88
listeener	listener	0.88
listeenr	listener	0.87
listeer	listener	0.86
listemer	listener	0.84
listeneer	listener	0.88
listenerr	listener	0.88
listenet	listener	0.84
listenner	listener	0.88
listenr	listener	0.86
listenre	listener	0.87
listenrr	listener	0.84
listneer	listener	0.87
listner	listener	0.94
listrner	listener	0.84
listtener	listener	0.88
lisyener	listener	0.84
litener	listener	0.86
litsener	listener	0.87
livense	license	0.84
lke	like	0.86
lkelihood	likelihood	0.86
lkie	like	0.87
lkielihood	likelihood	0.87
llarge	large	0.88
llargely	largely	0.88
llast	last	0.88
llater	later	0.88
llearn	learn	0.88
llearning	learning	0.88
llecture	lecture	0.88
llength	length	0.88
llengthy	lengthy	0.88
lless	less	0.88
llevel	level	0.88
lliaison	liaison	0.88
llibrary	library	0.88
llicense	license	0.88
llightning	lightning	0.88
llike	like	0.88
llikelihood	likelihood	0.88
llink	link	0.88
llistener	listener	0.88
llocal	local	0.88
llocation	location	0.88
llogin	login	0.88
llong	long	0.88
llook	look	0.88
llosing	losing	0.88
lnegth	length	0.87
lnegthy	lengthy	0.87
lng	long	0.86
lngth	length	0.86
lngthy	lengthy	0.86
lnik	link	0.87
lnk	link	0.86
lnog	long	0.87
lnow	know	0.84
lnowledge	knowledge	0.84
lnown	known	0.84
loacl	local	0.87
loaction	location	0.87
loaison	liaison	0.84
loal	local	0.86
loation	location	0.86
lobrary	library	0.84
locaal	local	0.88
locaation	location	0.88
locaion	location	0.86
locaiton	location	0.87
locall	local	0.88
locatiion	location	0.88
locatin	location	0.86
locatino	location	0.87
locatiom	location	0.84
locationn	location	0.88
locatioon	location	0.88
locatipn	location	0.84
locatoin	location	0.87
locaton	location	0.86
locatoon	location	0.84
locattion	location	0.88
locayion	location	0.84
loccal	local	0.88
loccation	location	0.88
locense	license	0.84
locl	local	0.86
locla	local	0.87
locsl	local	0.84
locstion	location	0.84
loctaion	location	0.87
loction	location	0.86
loding	losing	0.84
log	long	0.86
loggin	login	0.88
loghtning	lightning	0.84
logiin	login	0.88
logim	login	0.84
loginn	login	0.88
logn	long	0.87
logni	login	0.87
logon	login	0.84
lohin	login	0.84
loign	login	0.87
loin	login	0.86
loing	losing	0.86
loisng	losing	0.87
lok	look	0.86
loke	like	0.84
lokelihood	likelihood	0.84
loko	look	0.87
lomg	long	0.84
longg	long	0.88
lonh	long	0.84
lonk	link	0.84
lonng	long	0.88
loocal	local	0.88
loocation	location	0.88
loogin	login	0.88
lookk	look	0.88
lool	look	0.84
loong	long	0.88
loook	look	0.88
loosing	losing	0.94
lopk	look	0.84
losig	losing	0.86
losign	losing	0.87
losiing	losing	0.88
losimg	losing	0.84
losingg	losing	0.88
losinh	losing	0.84
losinng	losing	0.88
losng	losing	0.86
losnig	losing	0.87
losong	losing	0.84
lossing	losing	0.88
lostener	listener	0.84
loval	local	0.84
lovation	location	0.84
lpcal	local	0.84
lpcation	location	0.84
lpgin	login	0.84
lpng	long	0.84
lpok	look	0.84
lpsing	losing	0.84
lrage	large	0.87
lragely	largely	0.87
lrarn	learn	0.84
lrarning	learning	0.84
lrcture	lecture	0.84
lrge	large	0.86
lrgely	largely	0.86
lrngth	length	0.84
lrngthy	lengthy	0.84
lrss	less	0.84
lrvel	level	0.84
lsat	last	0.87
lses	less	0.87
lsing	losing	0.86
lsitener	listener	0.87
lsoing	losing	0.87
lsrge	large	0.84
lsrgely	largely	0.84
lss	less	0.86
lsst	last	0.84
lst	last	0.86
lstener	listener	0.86
lster	later	0.84
ltaer	later	0.87
lter	later	0.86
lveel	level	0.87
lvel	level	0.86
maade	made	0.88
maagement	management	0.86
maager	manager	0.86
maaintain	maintain	0.88
maaintenance	maintenance	0.88
maake	make	0.88
maanagement	management	0.88
maanager	manager	0.88
maaneuver	maneuver	0.88
maangement	management	0.87
maanger	manager	0.87
maany	many	0.88
maark	mark	0.88
maarriage	marriage	0.88
maathematics	mathematics	0.88
maaybe	maybe	0.88
mabe	maybe	0.86
mabye	maybe	0.87
madde	made	0.88
madee	made	0.88
madr	made	0.84
mae	make	0.86
maed	made	0.87
maek	make	0.87
maenuver	maneuver	0.87
maeuver	maneuver	0.86
mafe	made	0.84
mahematics	mathematics	0.86
mahtematics	mathematics	0.87
maiintain	maintain	0.88
maiintenance	maintenance	0.88
maimtain	maintain	0.84
maimtenance	maintenance	0.84
mainain	maintain	0.86
mainatin	maintain	0.87
mainenance	maintenance	0.86
mainetnance	maintenance	0.87
mainntain	maintain	0.88
mainntenance	maintenance	0.88
maintaain	maintain	0.88
maintaiin	maintain	0.88
maintaim	maintain	0.84
maintainance	maintenance	0.94
maintainn	maintain	0.88
maintan	maintain	0.86
maintani	maintain	0.87
maintaon	maintain	0.84
mainteance	maintenance	0.86
mainteannce	maintenance	0.87
mainteenance	maintenance	0.88
maintemance	maintenance	0.84
maintenaance	maintenance	0.88
maintenace	maintenance	0.86
maintenacne	maintenance	0.87
maintenamce	maintenance	0.84
maintenancce	maintenance	0.88
maintenancee	maintenance	0.88
maintenancr	maintenance	0.84
maintenane	maintenance	0.86
maintenanec	maintenance	0.87
maintenannce	maintenance	0.88
maintenanve	maintenance	0.84
maintennace	maintenance	0.87
maintennance	maintenance	0.88
maintennce	maintenance	0.86
maintensnce	maintenance	0.84
maintian	maintain	0.87
maintin	maintain	0.86
maintnance	maintenance	0.86
maintneance	maintenance	0.87
maintrnance	maintenance	0.84
maintsin	maintain	0.84
mainttain	maintain	0.88
mainttenance	maintenance	0.88
mainyain	maintain	0.84
mainyenance	maintenance	0.84
maitain	maintain	0.86
maitenance	maintenance	0.86
maitnain	maintain	0.87
maitnenance	maintenance	0.87
mak	mark	0.86
makee	make	0.88
makke	make	0.88
makr	make	0.84
male	make	0.84
mamagement	management	0.84
mamager	manager	0.84
mame	name	0.84
mameuver	maneuver	0.84
mamy	many	0.84
manaagement	management	0.88
manaager	manager	0.88
manaegment	management	0.87
manaegr	manager	0.87
manaement	management	0.86
manaer	manager	0.86
manageement	management	0.88
manageemnt	management	0.87
manageent	management	0.86
manageer	manager	0.88
managemeent	management	0.88
managememt	management	0.84
managemennt	management	0.88
managementt	management	0.88
managemeny	management	0.84
managemet	management	0.86
managemetn	management	0.87
managemment	management	0.88
managemnet	management	0.87
managemnt	management	0.86
managemrnt	management	0.84
managenent	management	0.84
managerr	manager	0.88
managet	manager	0.84
managgement	management	0.88
managger	manager	0.88
managmeent	management	0.87
managment	management	0.94
managr	manager	0.86
managre	manager	0.87
managrment	management	0.84
managrr	manager	0.84
manahement	management	0.84
manaher	manager	0.84
maneeuver	maneuver	0.88
maneiver	maneuver	0.84
maneuber	maneuver	0.84
maneuer	maneuver	0.86
maneuevr	maneuver	0.87
maneuuver	maneuver	0.88
maneuveer	maneuver	0.88
maneuverr	maneuver	0.88
maneuvet	maneuver	0.84
maneuvr	maneuver	0.86
maneuvre	maneuver	0.87
maneuvrr	maneuver	0.84
maneuvver	maneuver	0.88
manever	maneuver	0.86
manevuer	maneuver	0.87
mangaement	management	0.87
mangaer	manager	0.87
mangement	management	0.86
manger	manager	0.86
manitain	maintain	0.87
manitenance	maintenance	0.87
mannagement	management	0.88
mannager	manager	0.88
manneuver	maneuver	0.88
manny	many	0.88
manruver	maneuver	0.84
mansgement	management	0.84
mansger	manager	0.84
mantain	maintain	0.86
mantenance	maintenance	0.86
manu	many	0.84
manuever	maneuver	0.94
manuver	maneuver	0.86
manyy	many	0.88
maontain	maintain	0.84
maontenance	maintenance	0.84
mariage	marriage	0.86
marirage	marriage	0.87
markk	mark	0.88
marl	mark	0.84
marrage	marriage	0.86
marraige	marriage	0.94
marriaage	marriage	0.88
marriae	marriage	0.86
marriaeg	marriage	0.87
marriagee	marriage	0.88
marriagge	marriage	0.88
marriagr	marriage	0.84
marriahe	marriage	0.84
marrigae	marriage	0.87
marrige	marriage	0.86
marriiage	marriage	0.88
marrisge	marriage	0.84
marrk	mark	0.88
marroage	marriage	0.84
marrriage	marriage	0.88
martiage	marriage	0.84
matain	maintain	0.94
matehmatics	mathematics	0.87
matematics	mathematics	0.86
mathamatics	mathematics	0.94
matheamtics	mathematics	0.87
matheatics	mathematics	0.86
matheematics	mathematics	0.88
mathemaatics	mathematics	0.88
mathemaics	mathematics	0.86
mathemaitcs	mathematics	0.87
mathematcis	mathematics	0.87
mathematcs	mathematics	0.86
mathematiccs	mathematics	0.88
mathematicd	mathematics	0.84
mathematicss	mathematics	0.88
mathematiics	mathematics	0.88
mathematis	mathematics	0.86
mathematisc	mathematics	0.87
mathemativs	mathematics	0.84
mathematocs	mathematics	0.84
mathemattics	mathematics	0.88
mathemayics	mathematics	0.84
mathemmatics	mathematics	0.88
mathemstics	mathematics	0.84
mathemtaics	mathematics	0.87
mathemtics	mathematics	0.86
mathenatics	mathematics	0.84
mathhematics	mathematics	0.88
mathmatics	mathematics	0.86
mathmeatics	mathematics	0.87
mathrmatics	mathematics	0.84
matjematics	mathematics	0.84
matk	mark	0.84
matriage	marriage	0.84
matthematics	mathematics	0.88
maube	maybe	0.84
may	many	0.86
maybbe	maybe	0.88
maybee	maybe	0.88
maybr	maybe	0.84
maye	maybe	0.86
mayeb	maybe	0.87
mayhematics	mathematics	0.84
mayn	many	0.87
mayne	maybe	0.84
mayybe	maybe	0.88
mch	much	0.86
mcuh	much	0.87
mdae	made	0.87
mde	made	0.86
mdeieval	medieval	0.87
mdieval	medieval	0.86
meassage	message	0.94
mecessary	necessary	0.84
meddieval	medieval	0.88
medeival	medieval	0.87
medeval	medieval	0.94
medieal	medieval	0.86
medieavl	medieval	0.87
mediebal	medieval	0.84
medieeval	medieval	0.88
medievaal	medieval	0.88
medievall	medieval	0.88
medievl	medieval	0.86
medievla	medieval	0.87
medievsl	medieval	0.84
medievval	medieval	0.88
mediieval	medieval	0.88
medirval	medieval	0.84
medival	medieval	0.86
mediveal	medieval	0.87
medoeval	medieval	0.84
medsage	message	0.84
meedieval	medieval	0.88
meeeting	meeting	0.88
meeing	meeting	0.86
meeitng	meeting	0.87
meessage	message	0.88
meethod	method	0.88
meetig	meeting	0.86
meetign	meeting	0.87
meetiing	meeting	0.88
meetimg	meeting	0.84
meetingg	meeting	0.88
meetinh	meeting	0.84
meetinng	meeting	0.88
meetng	meeting	0.94
meetnig	meeting	0.87
meetong	meeting	0.84
meetting	meeting	0.88
meeying	meeting	0.84
mefieval	medieval	0.84
megotiation	negotiation	0.84
mehod	method	0.86
mehtod	method	0.87
meideval	medieval	0.87
meieval	medieval	0.86
meighbor	neighbor	0.84
merting	meeting	0.84
mesage	message	0.86
mesasge	message	0.87
mesdage	message	0.84
messaage	message	0.88
messae	message	0.86
messaeg	message	0.87
messagee	message	0.88
messagge	message	0.88
messagr	message	0.84
messahe	message	0.84
messgae	message	0.87
messge	message	0.86
messsage	message	0.94
messsge	message	0.84
meteing	meeting	0.87
methd	method	0.86
methdo	method	0.87
methhod	method	0.88
methodd	method	0.88
methof	method	0.84
methood	method	0.88
methpd	method	0.84
meting	meeting	0.86
metjod	method	0.84
metod	method	0.86
metohd	method	0.87
metthod	method	0.88
mever	never	0.84
meyhod	method	0.84
miantain	maintain	0.87
miantenance	maintenance	0.87
mich	much	0.84
midsile	missile	0.84
midspell	misspell	0.84
midspelled	misspelled	0.84
miece	niece	0.84
might	night	0.84
miillennium	millennium	0.88
miinuscule	minuscule	0.88
miinute	minute	0.88
miissile	missile	0.88
miisspell	misspell	0.88
miisspelled	misspelled	0.88
milelnnium	millennium	0.87
milennium	millennium	0.94
milleennium	millennium	0.88
millemnium	millennium	0.84
milleninum	millennium	0.87
millenium	millennium	0.94
millenmium	millennium	0.84
millenniim	millennium	0.84
millenniium	millennium	0.88
millennim	millennium	0.86
millennimu	millennium	0.87
millenniumm	millennium	0.88
millenniun	millennium	0.84
millenniuum	millennium	0.88
millennnium	millennium	0.88
millennoum	millennium	0.84
millennuim	millennium	0.87
millennum	millennium	0.86
milllennium	millennium	0.88
millnenium	millennium	0.87
millnnium	millennium	0.86
millrnnium	millennium	0.84
mimuscule	minuscule	0.84
mimute	minute	0.84
minety	ninety	0.84
miniscule	minuscule	0.94
minite	minute	0.84
minnuscule	minuscule	0.88
minnute	minute	0.88
minscule	minuscule	0.86
minsucule	minuscule	0.87
mintain	maintain	0.86
minte	minute	0.86
mintenance	maintenance	0.86
mintue	minute	0.87
minucsule	minuscule	0.87
minucule	minuscule	0.86
minudcule	minuscule	0.84
minue	minute	0.94
minuet	minute	0.87
minusccule	minuscule	0.88
minuscile	minuscule	0.84
minuscle	minuscule	0.86
minusclue	minuscule	0.87
minuscue	minuscule	0.86
minuscuel	minuscule	0.87
minusculee	minuscule	0.88
minusculle	minuscule	0.88
minusculr	minuscule	0.84
minuscuule	minuscule	0.88
minusscule	minuscule	0.88
minusucle	minuscule	0.87
minusule	minuscule	0.86
minusvule	minuscule	0.84
minutee	minute	0.88
minutr	minute	0.84
minutte	minute	0.88
minuuscule	minuscule	0.88
minuute	minute	0.88
minuye	minute	0.84
misdile	missile	0.84
misdpell	misspell	0.84
misdpelled	misspelled	0.84
misile	missile	0.86
misisle	missile	0.87
mispell	misspell	0.94
mispelled	misspelled	0.94
mispsell	misspell	0.87
mispselled	misspelled	0.87
missell	misspell	0.86
misselled	misspelled	0.86
missepll	misspell	0.87
misseplled	misspelled	0.87
missie	missile	0.86
missiel	missile	0.87
missiile	missile	0.88
missilee	missile	0.88
missille	missile	0.88
missilr	missile	0.84
missle	missile	0.94
misslie	missile	0.87
missole	missile	0.84
misspeell	misspell	0.88
misspeelled	misspelled	0.88
misspel	misspell	0.86
misspeled	misspelled	0.86
misspeleld	misspelled	0.87
misspelld	misspelled	0.86
misspellde	misspelled	0.87
misspelledd	misspelled	0.88
misspelleed	misspelled	0.88
misspellef	misspelled	0.84
misspelll	misspell	0.88
misspellled	misspelled	0.88
misspellrd	misspelled	0.84
missplel	misspell	0.87
misspleled	misspelled	0.87
misspll	misspell	0.86
missplled	misspelled	0.86
missppell	misspell	0.88
missppelled	misspelled	0.88
missprll	misspell	0.84
missprlled	misspelled	0.84
misssile	missile	0.88
missspell	misspell	0.88
missspelled	misspelled	0.88
miunscule	minuscule	0.87
miunte	minute	0.87
miuscule	minuscule	0.86
miute	minute	0.86
mkae	make	0.87
mke	make	0.86
mlilennium	millennium	0.87
mllennium	millennium	0.86
mmade	made	0.88
mmaintain	maintain	0.88
mmaintenance	maintenance	0.88
mmake	make	0.88
mmanagement	management	0.88
mmanager	manager	0.88
mmaneuver	maneuver	0.88
mmany	many	0.88
mmark	mark	0.88
mmarriage	marriage	0.88
mmathematics	mathematics	0.88
mmaybe	maybe	0.88
mmedieval	medieval	0.88
mmeeting	meeting	0.88
mmessage	message	0.88
mmethod	method	0.88
mmillennium	millennium	0.88
mminuscule	minuscule	0.88
mminute	minute	0.88
mmissile	missile	0.88
mmisspell	misspell	0.88
mmisspelled	misspelled	0.88
mmoney	money	0.88
mmonitor	monitor	0.88
mmonth	month	0.88
mmore	more	0.88
mmoreover	moreover	0.88
mmorning	morning	0.88
mmortgage	mortgage	0.88
mmost	most	0.88
mmove	move	0.88
mmoved	moved	0.88
mmuch	much	0.88
mnaagement	management	0.87
mnaager	manager	0.87
mnaeuver	maneuver	0.87
mnagement	management	0.86
mnager	manager	0.86
mnay	many	0.87
mneuver	maneuver	0.86
mney	money	0.86
mnitor	monitor	0.86
mniuscule	minuscule	0.87
mniute	minute	0.87
mnoey	money	0.87
mnoitor	monitor	0.87
mnoth	month	0.87
mnth	month	0.86
mnuscule	minuscule	0.86
mnute	minute	0.86
mny	many	0.86
mobe	move	0.84
mobed	moved	0.84
modt	most	0.84
moe	more	0.86
moed	moved	0.86
moeny	money	0.87
moeover	moreover	0.86
moer	more	0.87
moerover	moreover	0.87
moev	move	0.87
moevd	moved	0.87
moey	money	0.86
mointor	monitor	0.87
moitor	monitor	0.86
mollennium	millennium	0.84
momey	money	0.84
momitor	monitor	0.84
momth	month	0.84
moneey	money	0.88
moneu	money	0.84
moneyy	money	0.88
monh	month	0.86
monht	month	0.87
moniitor	monitor	0.88
moning	morning	0.86
monior	monitor	0.86
moniotr	monitor	0.87
moniter	monitor	0.94
monitoor	monitor	0.88
monitorr	monitor	0.88
monitot	monitor	0.84
monitpr	monitor	0.84
monitr	monitor	0.86
monitro	monitor	0.87
monittor	monitor	0.88
moniyor	monitor	0.84
monney	money	0.88
monnitor	monitor	0.88
monnth	month	0.88
monotor	monitor	0.84
monring	morning	0.87
monry	money	0.84
monthh	month	0.88
montior	monitor	0.87
montj	month	0.84
montor	monitor	0.86
montth	month	0.88
monuscule	minuscule	0.84
monute	minute	0.84
mony	money	0.86
monye	money	0.87
monyh	month	0.84
mooney	money	0.88
moonitor	monitor	0.88
moonth	month	0.88
moore	more	0.88
mooreover	moreover	0.88
moorning	morning	0.88
moortgage	mortgage	0.88
moost	most	0.88
moove	move	0.88
mooved	moved	0.88
moree	more	0.88
moreeover	moreover	0.88
moreober	moreover	0.84
moreoer	moreover	0.86
moreoevr	moreover	0.87
moreoover	moreover	0.88
moreoveer	moreover	0.88
moreoverr	moreover	0.94
moreovet	moreover	0.84
moreovr	moreover	0.86
moreovre	moreover	0.87
moreovrr	moreover	0.84
moreovver	moreover	0.88
morepver	moreover	0.84
morever	moreover	0.86
morevoer	moreover	0.87
morgage	mortgage	0.94
morgtage	mortgage	0.87
moring	morning	0.86
morinng	morning	0.87
morming	morning	0.84
mornig	morning	0.86
mornign	morning	0.87
morniing	morning	0.88
mornimg	morning	0.84
morningg	morning	0.88
morninh	morning	0.84
morninng	morning	0.88
mornng	morning	0.86
mornnig	morning	0.87
mornning	morning	0.88
mornong	morning	0.84
moroever	moreover	0.87
morover	moreover	0.86
morr	more	0.84
morre	more	0.88
morreover	moreover	0.88
morrning	morning	0.88
morrover	moreover	0.84
morrtgage	mortgage	0.88
mortage	mortgage	0.86
mortagge	mortgage	0.87
mortgaage	mortgage	0.88
mortgae	mortgage	0.86
mortgaeg	mortgage	0.87
mortgagee	mortgage	0.88
mortgagge	mortgage	0.88
mortgagr	mortgage	0.84
mortgahe	mortgage	0.84
mortggae	mortgage	0.87
mortggage	mortgage	0.88
mortgge	mortgage	0.86
mortgsge	mortgage	0.84
morthage	mortgage	0.84
morttgage	mortgage	0.88
morygage	mortgage	0.84
mossile	missile	0.84
mosspell	misspell	0.84
mosspelled	misspelled	0.84
mosst	most	0.88
mostt	most	0.88
mosy	most	0.84
mot	most	0.86
mote	more	0.84
moteover	moreover	0.84
motes	notes	0.84
motgage	mortgage	0.86
moth	month	0.86
moticeable	noticeable	0.84
moticeably	noticeably	0.84
motnh	month	0.87
motning	morning	0.84
motrgage	mortgage	0.87
mots	most	0.87
mottgage	mortgage	0.84
movd	moved	0.86
movde	moved	0.87
movedd	moved	0.88
movee	move	0.88
moveed	moved	0.88
movef	moved	0.84
movr	move	0.84
movrd	moved	0.84
movve	move	0.88
movved	moved	0.88
mowadays	nowadays	0.84
mpney	money	0.84
mpnitor	monitor	0.84
mpnth	month	0.84
mpre	more	0.84
mpreover	moreover	0.84
mprning	morning	0.84
mprtgage	mortgage	0.84
mpst	most	0.84
mpve	move	0.84
mpved	moved	0.84
mrak	mark	0.87
mrariage	marriage	0.87
mrdieval	medieval	0.84
mre	more	0.86
mreover	moreover	0.86
mreting	meeting	0.84
mrk	mark	0.86
mrning	morning	0.86
mroe	more	0.87
mroeover	moreover	0.87
mroning	morning	0.87
mrotgage	mortgage	0.87
mrriage	marriage	0.86
mrssage	message	0.84
mrtgage	mortgage	0.86
mrthod	method	0.84
msde	made	0.84
msesage	message	0.87
msintain	maintain	0.84
msintenance	maintenance	0.84
msisile	missile	0.87
msispell	misspell	0.87
msispelled	misspelled	0.87
mske	make	0.84
msnagement	management	0.84
msnager	manager	0.84
msneuver	maneuver	0.84
msny	many	0.84
msot	most	0.87
msrk	mark	0.84
msrriage	marriage	0.84
mssage	message	0.86
mssile	missile	0.86
msspell	misspell	0.86
msspelled	misspelled	0.86
mst	most	0.86
msthematics	mathematics	0.84
msybe	maybe	0.84
mtahematics	mathematics	0.87
mtehod	method	0.87
mthematics	mathematics	0.86
mthod	method	0.86
mucch	much	0.88
muchh	much	0.88
mucj	much	0.84
muh	much	0.86
muhc	much	0.87
mumber	number	0.84
muuch	much	0.88
muvh	much	0.84
mve	move	0.86
mved	moved	0.86
mvoe	move	0.87
mvoed	moved	0.87
myabe	maybe	0.87
mybe	maybe	0.86
naame	name	0.88
nack	back	0.84
nade	made	0.84
nae	name	0.86
naem	name	0.87
naintain	maintain	0.84
naintenance	maintenance	0.84
nake	make	0.84
nalance	balance	0.84
namee	name	0.88
namme	name	0.88
namr	name	0.84
nanagement	management	0.84
nanager	manager	0.84
nane	name	0.84
naneuver	maneuver	0.84
nank	bank	0.84
nany	many	0.84
nark	mark	0.84
narriage	marriage	0.84
nasically	basically	0.84
nathematics	mathematics	0.84
naybe	maybe	0.84
nceessary	necessary	0.87
ncessary	necessary	0.86
neber	never	0.84
necause	because	0.84
neccessary	necessary	0.94
nece	niece	0.86
necedsary	necessary	0.84
neceessary	necessary	0.88
necesary	necessary	0.86
necesasry	necessary	0.87
necesdary	necessary	0.84
necessaary	necessary	0.88
necessarry	necessary	0.88
necessaru	necessary	0.84
necessaryy	necessary	0.88
necessaty	necessary	0.84
necessay	necessary	0.86
necessayr	necessary	0.87
necessery	necessary	0.94
necessray	necessary	0.87
necessry	necessary	0.86
necesssary	necessary	0.88
necesssry	necessary	0.84
necoming	becoming	0.84
necrssary	necessary	0.84
necsesary	necessary	0.87
necssary	necessary	0.86
nedieval	medieval	0.84
neecessary	necessary	0.88
neecssary	necessary	0.87
neegotiation	negotiation	0.88
neeighbor	neighbor	0.88
neer	never	0.86
neessary	necessary	0.86
neeting	meeting	0.84
neever	never	0.88
neevr	never	0.87
nefore	before	0.84
neggotiation	negotiation	0.88
neghbor	neighbor	0.86
negihbor	neighbor	0.87
neginning	beginning	0.84
negoiation	negotiation	0.86
negoitation	negotiation	0.87
negootiation	negotiation	0.88
negotaition	negotiation	0.87
negotation	negotiation	0.94
negotiaation	negotiation	0.88
negotiaion	negotiation	0.86
negotiaiton	negotiation	0.87
negotiatiion	negotiation	0.88
negotiatin	negotiation	0.86
negotiatino	negotiation	0.87
negotiatiom	negotiation	0.84
negotiationn	negotiation	0.88
negotiatioon	negotiation	0.88
negotiatipn	negotiation	0.84
negotiatoin	negotiation	0.87
negotiaton	negotiation	0.86
negotiatoon	negotiation	0.84
negotiattion	negotiation	0.88
negotiayion	negotiation	0.84
negotiiation	negotiation	0.88
negotistion	negotiation	0.84
negotitaion	negotiation	0.87
negotition	negotiation	0.86
negotoation	negotiation	0.84
negottiation	negotiation	0.88
negoyiation	negotiation	0.84
negptiation	negotiation	0.84
negtiation	negotiation	0.86
negtoiation	negotiation	0.87
nehotiation	negotiation	0.84
neice	niece	0.94
neigbhor	neighbor	0.87
neigbor	neighbor	0.86
neigghbor	neighbor	0.88
neighbbor	neighbor	0.88
neighboor	neighbor	0.88
neighborr	neighbor	0.88
neighbot	neighbor	0.84
neighbpr	neighbor	0.84
neighbr	neighbor	0.86
neighbro	neighbor	0.87
neighhbor	neighbor	0.88
neighnor	neighbor	0.84
neighobr	neighbor	0.87
neighor	neighbor	0.86
neigjbor	neighbor	0.84
neihbor	neighbor	0.86
neihgbor	neighbor	0.87
neihhbor	neighbor	0.84
neiighbor	neighbor	0.88
neing	being	0.84
nelieve	believe	0.84
neneficial	beneficial	0.84
nenefit	benefit	0.84
neoghbor	neighbor	0.84
neogtiation	negotiation	0.87
neotiation	negotiation	0.86
nessage	message	0.84
nethod	method	0.84
netween	between	0.84
neveer	never	0.88
neverr	never	0.88
nevessary	necessary	0.84
nevet	never	0.84
nevr	never	0.86
nevre	never	0.87
nevrr	never	0.84
nevver	never	0.88
ngeotiation	negotiation	0.87
nght	night	0.86
ngiht	night	0.87
ngotiation	negotiation	0.86
nice	niece	0.86
nicee	niece	0.87
niecce	niece	0.88
niecee	niece	0.88
niecr	niece	0.84
niee	niece	0.86
nieec	niece	0.87
nieece	niece	0.88
nieghbor	neighbor	0.94
nienty	ninety	0.87
niety	ninety	0.86
nieve	niece	0.84
nigght	night	0.88
nighbor	neighbor	0.86
nighht	night	0.88
nightt	night	0.88
nighy	night	0.84
nigjt	night	0.84
nigt	night	0.86
nigth	night	0.87
nihgt	night	0.87
nihht	night	0.84
niht	night	0.86
niiece	niece	0.88
niight	night	0.88
niinety	ninety	0.88
nillennium	millennium	0.84
nimber	number	0.84
nimety	ninety	0.84
nineety	ninety	0.88
ninetty	ninety	0.88
ninetu	ninety	0.84
ninetyy	ninety	0.88
niney	ninety	0.86
nineyt	ninety	0.87
nineyy	ninety	0.84
ninnety	ninety	0.88
ninrty	ninety	0.84
nintey	ninety	0.87
ninty	ninety	0.94
ninuscule	minuscule	0.84
ninute	minute	0.84
nirce	niece	0.84
nissile	missile	0.84
nisspell	misspell	0.84
nisspelled	misspelled	0.84
nizarre	bizarre	0.84
nmae	name	0.87
nmber	number	0.86
nme	name	0.86
nmuber	number	0.87
nname	name	0.88
nnecessary	necessary	0.88
nnegotiation	negotiation	0.88
nneighbor	neighbor	0.88
nnety	ninety	0.86
nnever	never	0.88
nniece	niece	0.88
nniety	ninety	0.87
nnight	night	0.88
nninety	ninety	0.88
nnote	note	0.88
nnotes	notes	0.88
nnoticeable	noticeable	0.88
nnoticeably	noticeably	0.88
nnowadays	nowadays	0.88
nnumber	number	0.88
noadays	nowadays	0.86
noawdays	nowadays	0.87
noe	note	0.86
noeadays	nowadays	0.84
noece	niece	0.84
noes	notes	0.86
noet	note	0.87
noets	notes	0.87
noght	night	0.84
noiceable	noticeable	0.86
noiceably	noticeably	0.86
noitceable	noticeable	0.87
noitceably	noticeably	0.87
nonety	ninety	0.84
noney	money	0.84
nonitor	monitor	0.84
nonth	month	0.84
noote	note	0.88
nootes	notes	0.88
nooticeable	noticeable	0.88
nooticeably	noticeably	0.88
noowadays	nowadays	0.88
nore	more	0.84
noreover	moreover	0.84
norning	morning	0.84
nortgage	mortgage	0.84
nost	most	0.84
notceable	noticeable	0.86
notceably	noticeably	0.86
notcieable	noticeable	0.87
notcieably	noticeably	0.87
noted	notes	0.84
notee	note	0.88
notees	notes	0.88
notess	notes	0.88
noticable	noticeable	0.94
noticably	noticeably	0.94
noticaeble	noticeable	0.87
noticaebly	noticeably	0.87
noticceable	noticeable	0.88
noticceably	noticeably	0.88
noticeaable	noticeable	0.88
noticeaably	noticeably	0.88
noticeabble	noticeable	0.88
noticeabbly	noticeably	0.88
noticeabe	noticeable	0.86
noticeabel	noticeable	0.87
noticeablee	noticeable	0.88
noticeablle	noticeable	0.88
noticeablly	noticeably	0.88
noticeablr	noticeable	0.84
noticeablu	noticeably	0.84
noticeablyy	noticeably	0.88
noticeaby	noticeably	0.86
noticeabyl	noticeably	0.87
noticealbe	noticeable	0.87
noticealby	noticeably	0.87
noticeale	noticeable	0.86
noticealy	noticeably	0.86
noticeanle	noticeable	0.84
noticeanly	noticeably	0.84
noticebale	noticeable	0.87
noticebaly	noticeably	0.87
noticeble	noticeable	0.86
noticebly	noticeably	0.86
noticeeable	noticeable	0.88
noticeeably	noticeably	0.88
noticesble	noticeable	0.84
noticesbly	noticeably	0.84
noticrable	noticeable	0.84
noticrably	noticeably	0.84
notieable	noticeable	0.86
notieably	noticeably	0.86
notiecable	noticeable	0.87
notiecably	noticeably	0.87
notiiceable	noticeable	0.88
notiiceably	noticeably	0.88
notiveable	noticeable	0.84
notiveably	noticeably	0.84
notoceable	noticeable	0.84
notoceably	noticeably	0.84
notr	note	0.84
notrs	notes	0.84
nots	notes	0.86
notse	notes	0.87
notte	note	0.88
nottes	notes	0.88
notticeable	noticeable	0.88
notticeably	noticeably	0.88
nove	move	0.84
noved	moved	0.84
nowaadays	nowadays	0.88
nowaadys	nowadays	0.87
nowaays	nowadays	0.86
nowadaays	nowadays	0.88
nowadas	nowadays	0.86
nowadasy	nowadays	0.87
nowadaus	nowadays	0.84
nowadayd	nowadays	0.84
nowadayss	nowadays	0.88
nowadayys	nowadays	0.88
nowaddays	nowadays	0.88
nowadsys	nowadays	0.84
nowadyas	nowadays	0.87
nowadys	nowadays	0.86
nowafays	nowadays	0.84
nowdaays	nowadays	0.87
nowdays	nowadays	0.94
nowsdays	nowadays	0.84
nowwadays	nowadays	0.88
noye	note	0.84
noyes	notes	0.84
noyiceable	noticeable	0.84
noyiceably	noticeably	0.84
npte	note	0.84
nptes	notes	0.84
npticeable	noticeable	0.84
npticeably	noticeably	0.84
npwadays	nowadays	0.84
nrcessary	necessary	0.84
nrgotiation	negotiation	0.84
nrighbor	neighbor	0.84
nroccoli	broccoli	0.84
nrver	never	0.84
nsme	name	0.84
nte	note	0.86
ntes	notes	0.86
nticeable	noticeable	0.86
nticeably	noticeably	0.86
ntoe	note	0.87
ntoes	notes	0.87
ntoiceable	noticeable	0.87
ntoiceably	noticeably	0.87
nuber	number	0.86
nubmer	number	0.87
nuch	much	0.84
numbber	number	0.88
numbeer	number	0.88
numberr	number	0.88
numbet	number	0.84
numbr	number	0.86
numbre	number	0.87
numbrr	number	0.84
numebr	number	0.87
numer	number	0.86
nummber	number	0.88
numner	number	0.84
nunber	number	0.84
nusiness	business	0.84
nusy	busy	0.84
nuumber	number	0.88
nveer	never	0.87
nver	never	0.86
nwadays	nowadays	0.86
nwoadays	nowadays	0.87
oaky	okay	0.87
oay	okay	0.86
ober	over	0.84
oberride	override	0.84
occcur	occur	0.88
occcurred	occurred	0.88
occcurrence	occurrence	0.88
occir	occur	0.84
occirred	occurred	0.84
occirrence	occurrence	0.84
occr	occur	0.86
occrred	occurred	0.86
occrrence	occurrence	0.86
occru	occur	0.87
occrured	occurred	0.87
occrurence	occurrence	0.87
occurance	occurrence	0.94
occured	occurred	0.96
occurence	occurrence	0.94
occurerd	occurred	0.87
occurernce	occurrence	0.87
occurr	occur	0.88
occurrd	occurred	0.86
occurrde	occurred	0.87
occurrece	occurrence	0.86
occurrecne	occurrence	0.87
occurredd	occurred	0.88
occurreed	occurred	0.88
occurreence	occurrence	0.88
occurref	occurred	0.84
occurremce	occurrence	0.84
occurrencce	occurrence	0.88
occurrencee	occurrence	0.88
occurrencr	occurrence	0.84
occurrene	occurrence	0.86
occurrenec	occurrence	0.87
occurrennce	occurrence	0.88
occurrenve	occurrence	0.84
occurrnce	occurrence	0.86
occurrnece	occurrence	0.87
occurrrd	occurred	0.84
occurrred	occurred	0.88
occurrrence	occurrence	0.88
occurrrnce	occurrence	0.84
occurted	occurred	0.84
occurtence	occurrence	0.84
occut	occur	0.84
occutred	occurred	0.84
occutrence	occurrence	0.84
occuur	occur	0.88
occuurred	occurred	0.88
occuurrence	occurrence	0.88
ocucr	occur	0.87
ocucrred	occurred	0.87
ocucrrence	occurrence	0.87
ocur	occur	0.86
ocurr	occur	0.94
ocurred	occurred	0.86
ocurrence	occurrence	0.86
ocvur	occur	0.84
ocvurred	occurred	0.84
ocvurrence	occurrence	0.84
odea	idea	0.84
odentifier	identifier	0.84
oder	order	0.86
odrer	order	0.87
oen	open	0.86
oepn	open	0.87
oer	over	0.86
oerride	override	0.86
oevr	over	0.87
oevrride	override	0.87
offce	office	0.86
offcie	office	0.87
offfice	office	0.88
officce	office	0.88
officee	office	0.88
officr	office	0.84
offie	office	0.86
offiec	office	0.87
offiice	office	0.88
offive	office	0.84
offoce	office	0.84
ofgice	office	0.84
ofice	office	0.86
ofifce	office	0.87
ogfice	office	0.84
oher	other	0.86
ohter	other	0.87
oiginal	original	0.86
oimssion	omission	0.87
oinion	opinion	0.86
oipnion	opinion	0.87
oirginal	original	0.87
oission	omission	0.86
oitput	output	0.84
okaay	okay	0.88
okau	okay	0.84
okayy	okay	0.88
okkay	okay	0.88
oksy	okay	0.84
oky	okay	0.86
okya	okay	0.87
olay	okay	0.84
oline	online	0.86
olnine	online	0.87
olny	only	0.87
oly	only	0.86
omidsion	omission	0.84
omiission	omission	0.88
omisdion	omission	0.84
omision	omission	0.94
omisison	omission	0.87
omissiion	omission	0.88
omissin	omission	0.86
omissino	omission	0.87
omissiom	omission	0.84
omissionn	omission	0.88
omissioon	omission	0.88
omissipn	omission	0.84
omissoin	omission	0.87
omisson	omission	0.86
omissoon	omission	0.84
omisssion	omission	0.88
omline	online	0.84
omly	only	0.84
ommediately	immediately	0.84
ommission	omission	0.88
omossion	omission	0.84
omplement	implement	0.84
omportant	important	0.84
omsision	omission	0.87
omssion	omission	0.86
onconvenient	inconvenient	0.84
ondependent	independent	0.84
ondispensable	indispensable	0.84
onefficiently	inefficiently	0.84
onformation	information	0.84
onilne	online	0.87
onine	online	0.86
onission	omission	0.84
onitial	initial	0.84
onitially	initially	0.84
onlie	online	0.86
onlien	online	0.87
onliine	online	0.88
onlime	online	0.84
onlinee	online	0.88
onlinne	online	0.88
onlinr	online	0.84
onlline	online	0.88
onlly	only	0.88
onlne	online	0.86
onlnie	online	0.87
onlone	online	0.84
onlu	only	0.84
onlyy	only	0.88
onnline	online	0.88
onnly	only	0.88
onstall	install	0.84
onstance	instance	0.84
ontelligent	intelligent	0.84
onterest	interest	0.84
onteresting	interesting	0.84
onterrupt	interrupt	0.84
onto	into	0.84
ontroduction	introduction	0.84
onvoice	invoice	0.84
ony	only	0.86
onyl	only	0.87
ooccur	occur	0.88
ooccurred	occurred	0.88
ooccurrence	occurrence	0.88
ooffice	office	0.88
ookay	okay	0.88
oomission	omission	0.88
oonline	online	0.88
oonly	only	0.88
oopen	open	0.88
oopinion	opinion	0.88
oopportunity	opportunity	0.88
ooptimize	optimize	0.88
oorder	order	0.88
ooriginal	original	0.88
oother	other	0.88
ooutput	output	0.88
oover	over	0.88
ooverride	override	0.88
opeen	open	0.88
opem	open	0.84
openn	open	0.88
opiinion	opinion	0.88
opiinon	opinion	0.87
opiion	opinion	0.86
opimion	opinion	0.84
opimize	optimize	0.86
opiniion	opinion	0.88
opinin	opinion	0.86
opinino	opinion	0.87
opiniom	opinion	0.84
opinionn	opinion	0.88
opinioon	opinion	0.88
opinipn	opinion	0.84
opinnion	opinion	0.88
opinoin	opinion	0.87
opinon	opinion	0.86
opinoon	opinion	0.84
opitmize	optimize	0.87
opn	open	0.86
opne	open	0.87
opniion	opinion	0.87
opnion	opinion	0.86
oponion	opinion	0.84
opoprtunity	opportunity	0.87
oportunity	opportunity	0.86
oppen	open	0.88
oppertunity	opportunity	0.94
oppinion	opinion	0.94
oppoortunity	opportunity	0.88
opporrtunity	opportunity	0.88
opportinity	opportunity	0.84
opportnity	opportunity	0.86
opportnuity	opportunity	0.87
opporttunity	opportunity	0.88
opportuinty	opportunity	0.87
opportuity	opportunity	0.86
opportumity	opportunity	0.84
opportuniity	opportunity	0.88
opportunitty	opportunity	0.88
opportunitu	opportunity	0.84
opportunityy	opportunity	0.88
opportuniy	opportunity	0.86
opportuniyt	opportunity	0.87
opportuniyy	opportunity	0.84
opportunnity	opportunity	0.88
opportunoty	opportunity	0.84
opportuntiy	opportunity	0.87
opportunty	opportunity	0.86
opportuunity	opportunity	0.88
opporunity	opportunity	0.86
opporutnity	opportunity	0.87
opporyunity	opportunity	0.84
oppotrunity	opportunity	0.87
oppottunity	opportunity	0.84
oppotunity	opportunity	0.86
oppportunity	opportunity	0.88
oppprtunity	opportunity	0.84
opprotunity	opportunity	0.87
opprtunity	opportunity	0.86
opptimize	optimize	0.88
oprn	open	0.84
optiimize	optimize	0.88
optiimze	optimize	0.87
optiize	optimize	0.86
optimie	optimize	0.86
optimiez	optimize	0.87
optimiize	optimize	0.88
optimixe	optimize	0.84
optimizee	optimize	0.88
optimizr	optimize	0.84
optimizze	optimize	0.88
optimmize	optimize	0.88
optimoze	optimize	0.84
optimze	optimize	0.86
optimzie	optimize	0.87
optinize	optimize	0.84
optmiize	optimize	0.87
optmize	optimize	0.86
optomize	optimize	0.94
opttimize	optimize	0.88
opyimize	optimize	0.84
ordder	order	0.88
ordeer	order	0.88
orderr	order	0.88
ordet	order	0.84
ordr	order	0.86
ordre	order	0.87
ordrr	order	0.84
oredr	order	0.87
orer	order	0.86
orfer	order	0.84
orgiinal	original	0.87
orginal	original	0.94
origginal	original	0.88
origial	original	0.86
origianl	original	0.87
origiinal	original	0.88
origimal	original	0.84
originaal	original	0.88
originall	original	0.88
originl	original	0.86
originla	original	0.87
originnal	original	0.88
originsl	original	0.84
orignal	original	0.86
orignial	original	0.87
origonal	original	0.84
orihinal	original	0.84
oriiginal	original	0.88
oriignal	original	0.87
oriinal	original	0.86
oroginal	original	0.84
orrder	order	0.88
orrelevant	irrelevant	0.84
orriginal	original	0.88
ossue	issue	0.84
otder	order	0.84
otehr	other	0.87
oter	other	0.86
otheer	other	0.88
otherr	other	0.88
othet	other	0.84
othher	other	0.88
othr	other	0.86
othre	other	0.87
othrr	other	0.84
otiginal	original	0.84
otimize	optimize	0.86
otinerary	itinerary	0.84
otjer	other	0.84
otpimize	optimize	0.87
otput	output	0.86
otther	other	0.88
otuput	output	0.87
ouptut	output	0.87
ouput	output	0.94
outpit	output	0.84
outpput	output	0.88
outpt	output	0.86
outptu	output	0.87
outputt	output	0.88
outpuut	output	0.88
outpuy	output	0.84
outtput	output	0.88
outupt	output	0.87
outut	output	0.86
ouutput	output	0.88
ouyput	output	0.84
ovcur	occur	0.84
ovcurred	occurred	0.84
ovcurrence	occurrence	0.84
oveer	over	0.88
oveerride	override	0.88
overide	override	0.94
overirde	override	0.87
overr	over	0.88
overrde	override	0.86
overrdie	override	0.87
overridde	override	0.88
overridee	override	0.88
overridr	override	0.84
overrie	override	0.86
overried	override	0.87
overrife	override	0.84
overriide	override	0.88
overrode	override	0.84
overrride	override	0.88
overtide	override	0.84
ovet	over	0.84
ovetride	override	0.84
ovr	over	0.86
ovre	over	0.87
ovreride	override	0.87
ovrr	over	0.84
ovrride	override	0.86
ovrrride	override	0.84
ovver	over	0.88
ovverride	override	0.88
oyher	other	0.84
paagraph	paragraph	0.86
paallel	parallel	0.86
paameter	parameter	0.86
paaragraph	paragraph	0.88
paarallel	parallel	0.88
paarameter	parameter	0.88
paargraph	paragraph	0.87
paarllel	parallel	0.87
paarmeter	parameter	0.87
paarticular	particular	0.88
paassword	password	0.88
paastime	pastime	0.88
paavilion	pavilion	0.88
paayment	payment	0.88
pabilion	pavilion	0.84
pactical	practical	0.86
padsword	password	0.84
padtime	pastime	0.84
pahraoh	pharaoh	0.87
pailion	pavilion	0.86
paivlion	pavilion	0.87
paln	plan	0.87
pament	payment	0.86
pamyent	payment	0.87
pan	plan	0.86
paraagraph	paragraph	0.88
paraallel	parallel	0.88
paraameter	parameter	0.88
paraemter	parameter	0.87
paraeter	parameter	0.86
paragaph	paragraph	0.86
paragarph	paragraph	0.87
paraggraph	paragraph	0.88
paragraaph	paragraph	0.88
paragrah	paragraph	0.86
paragrahp	paragraph	0.87
paragraphh	paragraph	0.88
paragrapj	paragraph	0.84
paragrapph	paragraph	0.88
paragrpah	paragraph	0.87
paragrph	paragraph	0.86
paragrraph	paragraph	0.88
paragrsph	paragraph	0.84
paragtaph	paragraph	0.84
parahraph	paragraph	0.84
paralel	parallel	0.94
paralell	parallel	0.87
paralleel	parallel	0.88
parallell	parallel	0.88
paralll	parallel	0.86
parallle	parallel	0.87
paralllel	parallel	0.88
parallrl	parallel	0.84
parameer	parameter	0.86
parameeter	parameter	0.88
parameetr	parameter	0.87
parameteer	parameter	0.88
parameterr	parameter	0.88
parametet	parameter	0.84
parametr	parameter	0.86
parametre	parameter	0.87
parametrr	parameter	0.84
parametter	parameter	0.88
parameyer	parameter	0.84
parammeter	parameter	0.88
paramrter	parameter	0.84
paramteer	parameter	0.87
paramter	parameter	0.94
paraneter	parameter	0.84
paraoh	pharaoh	0.86
pararaph	paragraph	0.86
parargaph	paragraph	0.87
parctical	practical	0.87
pargaraph	paragraph	0.87
pargraph	paragraph	0.86
paricular	particular	0.86
paritcular	particular	0.87
parlalel	parallel	0.87
parllel	parallel	0.86
parmaeter	parameter	0.87
parmeter	parameter	0.86
parragraph	paragraph	0.88
parrallel	parallel	0.88
parrameter	parameter	0.88
parrticular	particular	0.88
parsgraph	paragraph	0.84
parsllel	parallel	0.84
parsmeter	parameter	0.84
partciular	particular	0.87
partcular	particular	0.86
particcular	particular	0.88
particilar	particular	0.84
particlar	particular	0.94
particluar	particular	0.87
particualr	particular	0.87
particuar	particular	0.86
particulaar	particular	0.88
particularr	particular	0.88
particulat	particular	0.84
particullar	particular	0.88
particulr	particular	0.86
particulra	particular	0.87
particulsr	particular	0.84
particuular	particular	0.88
partiicular	particular	0.88
partiuclar	particular	0.87
partiular	particular	0.86
partivular	particular	0.84
partocular	particular	0.84
partticular	particular	0.88
paryicular	particular	0.84
pasdword	password	0.84
pasime	pastime	0.86
pasitme	pastime	0.87
passeord	password	0.84
passord	password	0.86
passowrd	password	0.87
passsword	password	0.88
passtime	pastime	0.88
passwod	password	0.86
passwodr	password	0.87
passwoord	password	0.88
passwordd	password	0.88
passworf	password	0.84
passworrd	password	0.88
passwotd	password	0.84
passwprd	password	0.84
passwrd	password	0.86
passwrod	password	0.87
passwword	password	0.88
pastie	pastime	0.86
pastiem	pastime	0.87
pastiime	pastime	0.88
pastimee	pastime	0.88
pastimme	pastime	0.88
pastimr	pastime	0.84
pastine	pastime	0.84
pastme	pastime	0.86
pastmie	pastime	0.87
pastome	pastime	0.84
pasttime	pastime	0.94
pasword	password	0.86
paswsord	password	0.87
pasyime	pastime	0.84
patagraph	paragraph	0.84
patallel	parallel	0.84
patameter	parameter	0.84
paticular	particular	0.86
patime	pastime	0.86
patricular	particular	0.87
patsime	pastime	0.87
patticular	particular	0.84
paument	payment	0.84
paviilion	pavilion	0.88
paviilon	pavilion	0.87
paviion	pavilion	0.86
paviliion	pavilion	0.88
pavilin	pavilion	0.86
pavilino	pavilion	0.87
paviliom	pavilion	0.84
pavilionn	pavilion	0.88
pavilioon	pavilion	0.88
pavilipn	pavilion	0.84
pavillion	pavilion	0.94
paviloin	pavilion	0.87
pavilon	pavilion	0.86
paviloon	pavilion	0.84
pavliion	pavilion	0.87
pavlion	pavilion	0.86
pavolion	pavilion	0.84
pavvilion	pavilion	0.88
payemnt	payment	0.87
payent	payment	0.86
paymeent	payment	0.88
paymemt	payment	0.84
paymennt	payment	0.88
paymentt	payment	0.88
paymeny	payment	0.84
paymet	payment	0.86
paymetn	payment	0.87
paymment	payment	0.88
paymnet	payment	0.87
paymnt	payment	0.86
paymrnt	payment	0.84
paynent	payment	0.84
payyment	payment	0.88
pblic	public	0.86
pblicly	publicly	0.86
pbulic	public	0.87
pbulicly	publicly	0.87
pccur	occur	0.84
pccurred	occurred	0.84
pccurrence	occurrence	0.84
pease	please	0.86
pece	piece	0.86
peceive	perceive	0.86
pecreive	perceive	0.87
peeople	people	0.88
peerceive	perceive	0.88
peerform	perform	0.88
peerformance	performance	0.88
peerhaps	perhaps	0.88
peermanent	permanent	0.88
peermissible	permissible	0.88
peersonnel	personnel	0.88
peferred	preferred	0.86
peform	perform	0.86
peformance	performance	0.86
pefrorm	perform	0.87
pefrormance	performance	0.87
pehaps	perhaps	0.86
pehraps	perhaps	0.87
peice	piece	0.94
pelase	please	0.87
pemanent	permanent	0.86
pemissible	permissible	0.86
pemranent	permanent	0.87
pemrissible	permissible	0.87
peole	people	0.86
peolpe	people	0.87
peoople	people	0.88
peope	people	0.86
peopel	people	0.87
peoplee	people	0.88
peoplle	people	0.88
peoplr	people	0.84
peopple	people	0.88
peparation	preparation	0.86
peple	people	0.86
pepole	people	0.87
pepple	people	0.84
perahps	perhaps	0.87
peramnent	permanent	0.87
peranent	permanent	0.86
peraps	perhaps	0.86
percceive	perceive	0.88
perceeive	perceive	0.88
perceibe	perceive	0.84
perceie	perceive	0.86
perceiev	perceive	0.87
perceiive	perceive	0.88
perceivee	perceive	0.88
perceivr	perceive	0.84
perceivve	perceive	0.88
perceove	perceive	0.84
perceve	perceive	0.86
percevie	perceive	0.87
percieve	perceive	0.94
percive	perceive	0.86
percrive	perceive	0.84
perdonnel	personnel	0.84
perecive	perceive	0.87
pereive	perceive	0.86
perferred	preferred	0.87
perfform	perform	0.88
perfformance	performance	0.88
perfom	perform	0.94
perfomance	performance	0.86
perfomr	perform	0.87
perfomrance	performance	0.87
perfoorm	perform	0.88
perfoormance	performance	0.88
perforamnce	performance	0.87
perforance	performance	0.86
performaance	performance	0.88
performace	performance	0.94
performacne	performance	0.87
performamce	performance	0.84
performancce	performance	0.88
performancee	performance	0.88
performancr	performance	0.84
performane	performance	0.86
performanec	performance	0.87
performannce	performance	0.88
performanve	performance	0.84
performm	perform	0.88
performmance	performance	0.88
performnace	performance	0.87
performnce	performance	0.86
performsnce	performance	0.84
perforn	perform	0.84
perfornance	performance	0.84
perforrm	perform	0.88
perforrmance	performance	0.88
perfotm	perform	0.84
perfotmance	performance	0.84
perfprm	perform	0.84
perfprmance	performance	0.84
perfrm	perform	0.86
perfrmance	performance	0.86
perfrom	perform	0.87
perfromance	performance	0.87
pergorm	perform	0.84
pergormance	performance	0.84
perhaaps	perhaps	0.88
perhapd	perhaps	0.84
perhapps	perhaps	0.88
perhapss	perhaps	0.88
perhas	perhaps	0.86
perhasp	perhaps	0.94
perhhaps	perhaps	0.88
perhpas	perhaps	0.87
perhps	perhaps	0.86
perhsps	perhaps	0.84
perimssible	permissible	0.87
perissible	permissible	0.86
perjaps	perhaps	0.84
permaanent	permanent	0.88
permaennt	permanent	0.87
permaent	permanent	0.86
permament	permanent	0.84
permaneent	permanent	0.88
permanemt	permanent	0.84
permanennt	permanent	0.88
permanentt	permanent	0.88
permaneny	permanent	0.84
permanet	permanent	0.86
permanetn	permanent	0.87
permannent	permanent	0.88
permannet	permanent	0.87
permannt	permanent	0.86
permanrnt	permanent	0.84
permenant	permanent	0.94
permidsible	permissible	0.84
permiissible	permissible	0.88
permisdible	permissible	0.84
permisible	permissible	0.86
permisisble	permissible	0.87
permissable	permissible	0.94
permissbile	permissible	0.87
permissble	permissible	0.86
permissibble	permissible	0.88
permissibe	permissible	0.86
permissibel	permissible	0.87
permissiblee	permissible	0.88
permissiblle	permissible	0.88
permissiblr	permissible	0.84
permissiible	permissible	0.88
permissilbe	permissible	0.87
permissile	permissible	0.86
permissinle	permissible	0.84
permissoble	permissible	0.84
permisssible	permissible	0.88
permmanent	permanent	0.88
permmissible	permissible	0.88
permnaent	permanent	0.87
permnent	permanent	0.86
permossible	permissible	0.84
permsisible	permissible	0.87
permsnent	permanent	0.84
permssible	permissible	0.86
pernanent	permanent	0.84
pernissible	permissible	0.84
perofrm	perform	0.87
perofrmance	performance	0.87
peronnel	personnel	0.86
perorm	perform	0.86
perormance	performance	0.86
perosnnel	personnel	0.87
perparation	preparation	0.87
perrceive	perceive	0.88
perrform	perform	0.88
perrformance	performance	0.88
perrhaps	perhaps	0.88
perrmanent	permanent	0.88
perrmissible	permissible	0.88
perrsonnel	personnel	0.88
persence	presence	0.87
persnnel	personnel	0.86
persnonel	personnel	0.87
persomnel	personnel	0.84
personel	personnel	0.90
personenl	personnel	0.87
personmel	personnel	0.84
personneel	personnel	0.88
personnell	personnel	0.88
personnl	personnel	0.86
personnle	personnel	0.87
personnnel	personnel	0.88
personnrl	personnel	0.84
persoonnel	personnel	0.88
perspnnel	personnel	0.84
perssonnel	personnel	0.88
persue	pursue	0.94
perveive	perceive	0.84
pesence	presence	0.86
pesonnel	personnel	0.86
pesronnel	personnel	0.87
petceive	perceive	0.84
petform	perform	0.84
petformance	performance	0.84
pethaps	perhaps	0.84
petmanent	permanent	0.84
petmissible	permissible	0.84
petsonnel	personnel	0.84
pffice	office	0.84
phaaoh	pharaoh	0.86
phaaraoh	pharaoh	0.88
phaaroh	pharaoh	0.87
pharaaoh	pharaoh	0.88
pharah	pharaoh	0.86
pharaho	pharaoh	0.87
pharaohh	pharaoh	0.88
pharaoj	pharaoh	0.84
pharaooh	pharaoh	0.88
pharaph	pharaoh	0.84
pharoah	pharaoh	0.94
pharoh	pharaoh	0.86
pharraoh	pharaoh	0.88
pharse	phrase	0.87
pharsoh	pharaoh	0.84
phase	phrase	0.86
phataoh	pharaoh	0.84
phharaoh	pharaoh	0.88
phhone	phone	0.88
phhrase	phrase	0.88
phne	phone	0.86
phnoe	phone	0.87
phoe	phone	0.86
phoen	phone	0.87
phome	phone	0.84
phonee	phone	0.88
phonne	phone	0.88
phonr	phone	0.84
phoone	phone	0.88
phpne	phone	0.84
phraaoh	pharaoh	0.87
phraase	phrase	0.88
phrade	phrase	0.84
phrae	phrase	0.86
phraes	phrase	0.87
phraoh	pharaoh	0.86
phrasee	phrase	0.88
phrasr	phrase	0.84
phrasse	phrase	0.88
phrrase	phrase	0.88
phrsae	phrase	0.87
phrse	phrase	0.86
phrsse	phrase	0.84
phsraoh	pharaoh	0.84
phtase	phrase	0.84
piblic	public	0.84
piblicly	publicly	0.84
pice	price	0.86
picee	piece	0.87
piecce	piece	0.88
piecee	piece	0.88
piecr	piece	0.84
piee	piece	0.86
pieec	piece	0.87
pieece	piece	0.88
pieve	piece	0.84
piiece	piece	0.88
pirce	price	0.87
pirpose	purpose	0.84
pirsue	pursue	0.84
pirvate	private	0.87
pirvilege	privilege	0.87
pivate	private	0.86
pivilege	privilege	0.86
pjaraoh	pharaoh	0.84
pjone	phone	0.84
pjrase	phrase	0.84
pkay	okay	0.84
plaan	plan	0.88
plaese	please	0.87
plam	plan	0.84
plann	plan	0.88
plase	please	0.86
pleaase	please	0.88
pleade	please	0.84
pleae	please	0.86
pleaes	please	0.87
pleasee	please	0.88
pleasr	please	0.84
pleasse	please	0.88
pleease	please	0.88
plesae	please	0.87
plese	please	0.94
plesse	please	0.84
pllan	plan	0.88
pllease	please	0.88
pln	plan	0.86
plna	plan	0.87
plrase	please	0.84
plsn	plan	0.84
pmission	omission	0.84
pnline	online	0.84
pnly	only	0.84
poatoes	potatoes	0.86
poattoes	potatoes	0.87
pobably	probably	0.86
poblem	problem	0.86
poceed	proceed	0.86
pocess	process	0.86
podsession	possession	0.84
podsible	possible	0.84
poece	piece	0.84
poeple	people	0.87
pofessor	professor	0.86
pohne	phone	0.87
poject	project	0.86
pone	phone	0.86
ponunciation	pronunciation	0.86
poossession	possession	0.88
poossible	possible	0.88
pootatoes	potatoes	0.88
popagate	propagate	0.86
pople	people	0.86
porbably	probably	0.87
porblem	problem	0.87
porceed	proceed	0.87
porcess	process	0.87
porfessor	professor	0.87
porject	project	0.87
porpagate	propagate	0.87
posdession	possession	0.84
posdible	possible	0.84
posession	possession	0.94
posesssion	possession	0.87
posible	possible	0.86
posisble	possible	0.87
possable	possible	0.94
possbile	possible	0.87
possble	possible	0.86
possedsion	possession	0.84
posseession	possession	0.88
possesdion	possession	0.84
possesion	possession	0.86
possesison	possession	0.87
possessiion	possession	0.88
possessin	possession	0.86
possessino	possession	0.87
possessiom	possession	0.84
possessionn	possession	0.88
possessioon	possession	0.88
possessipn	possession	0.84
possessoin	possession	0.87
possesson	possession	0.86
possessoon	possession	0.84
possesssion	possession	0.88
possibble	possible	0.88
possibe	possible	0.86
possibel	possible	0.87
possiblee	possible	0.88
possiblle	possible	0.88
possiblr	possible	0.84
possiible	possible	0.88
possilbe	possible	0.87
possile	possible	0.86
possinle	possible	0.84
possoble	possible	0.84
possrssion	possession	0.84
posssesion	possession	0.87
posssession	possession	0.88
posssible	possible	0.88
possssion	possession	0.86
potaatoes	potatoes	0.88
potaoes	potatoes	0.86
potaotes	potatoes	0.87
potateos	potatoes	0.87
potates	potatoes	0.86
potatoed	potatoes	0.84
potatoees	potatoes	0.88
potatoess	potatoes	0.88
potatooes	potatoes	0.88
potators	potatoes	0.84
potatos	potatoes	0.94
potatose	potatoes	0.87
potatpes	potatoes	0.84
potattoes	potatoes	0.88
potayoes	potatoes	0.84
potstoes	potatoes	0.84
pottaoes	potatoes	0.87
pottatoes	potatoes	0.88
pottoes	potatoes	0.86
poyatoes	potatoes	0.84
pparagraph	paragraph	0.88
pparallel	parallel	0.88
pparameter	parameter	0.88
pparticular	particular	0.88
ppassword	password	0.88
ppastime	pastime	0.88
ppavilion	pavilion	0.88
ppayment	payment	0.88
ppen	open	0.84
ppeople	people	0.88
pperceive	perceive	0.88
pperform	perform	0.88
pperformance	performance	0.88
pperhaps	perhaps	0.88
ppermanent	permanent	0.88
ppermissible	permissible	0.88
ppersonnel	personnel	0.88
ppharaoh	pharaoh	0.88
pphone	phone	0.88
pphrase	phrase	0.88
ppiece	piece	0.88
ppinion	opinion	0.84
pplan	plan	0.88
pplease	please	0.88
ppossession	possession	0.88
ppossible	possible	0.88
ppotatoes	potatoes	0.88
ppportunity	opportunity	0.84
ppractical	practical	0.88
ppreferred	preferred	0.88
ppreparation	preparation	0.88
ppresence	presence	0.88
pprice	price	0.88
pprivate	private	0.88
pprivilege	privilege	0.88
pprobably	probably	0.88
pproblem	problem	0.88
pproceed	proceed	0.88
pprocess	process	0.88
pprofessor	professor	0.88
pproject	project	0.88
ppronunciation	pronunciation	0.88
ppropagate	propagate	0.88
ppssession	possession	0.84
ppssible	possible	0.84
pptatoes	potatoes	0.84
pptimize	optimize	0.84
ppublic	public	0.88
ppublicly	publicly	0.88
ppurpose	purpose	0.88
ppursue	pursue	0.88
praactical	practical	0.88
praagraph	paragraph	0.87
praallel	parallel	0.87
praameter	parameter	0.87
pracctical	practical	0.88
pracical	practical	0.86
pracitcal	practical	0.87
practcal	practical	0.86
practcial	practical	0.87
practiacl	practical	0.87
practial	practical	0.86
practicaal	practical	0.88
practicall	practical	0.88
practiccal	practical	0.88
practicl	practical	0.86
practicla	practical	0.87
practicle	practical	0.94
practicsl	practical	0.84
practiical	practical	0.88
practival	practical	0.84
practocal	practical	0.84
practtical	practical	0.88
pracyical	practical	0.84
pragraph	paragraph	0.86
prallel	parallel	0.86
prameter	parameter	0.86
prase	phrase	0.86
pratcical	practical	0.87
pratical	practical	0.86
praticular	particular	0.87
pravtical	practical	0.84
prbably	probably	0.86
prblem	problem	0.86
prboably	probably	0.87
prbolem	problem	0.87
prcatical	practical	0.87
prce	price	0.86
prceed	proceed	0.86
prceive	perceive	0.86
prcess	process	0.86
prcie	price	0.87
prcoeed	proceed	0.87
prcoess	process	0.87
prctical	practical	0.86
prder	order	0.84
preapration	preparation	0.87
prearation	preparation	0.86
preceive	perceive	0.87
predence	presence	0.84
preeferred	preferred	0.88
preefrred	preferred	0.87
preence	presence	0.86
preeparation	preparation	0.88
preerred	preferred	0.86
preesence	presence	0.88
preesnce	presence	0.87
prefeerred	preferred	0.88
prefered	preferred	0.94
prefererd	preferred	0.87
preferrd	preferred	0.86
preferrde	preferred	0.87
preferredd	preferred	0.88
preferreed	preferred	0.88
preferref	preferred	0.84
preferrrd	preferred	0.84
preferrred	preferred	0.88
preferted	preferred	0.84
prefetred	preferred	0.84
prefferred	preferred	0.88
preform	perform	0.87
preformance	performance	0.87
prefrered	preferred	0.87
prefrred	preferred	0.86
prefrrred	preferred	0.84
pregerred	preferred	0.84
prehaps	perhaps	0.87
premanent	permanent	0.87
premissible	permissible	0.87
prepaaration	preparation	0.88
prepaartion	preparation	0.87
prepaation	preparation	0.86
preparaation	preparation	0.88
preparaion	preparation	0.86
preparaiton	preparation	0.87
preparatiion	preparation	0.88
preparatin	preparation	0.86
preparatino	preparation	0.87
preparatiom	preparation	0.84
preparationn	preparation	0.88
preparatioon	preparation	0.88
preparatipn	preparation	0.84
preparatoin	preparation	0.87
preparaton	preparation	0.86
preparatoon	preparation	0.84
preparattion	preparation	0.88
preparayion	preparation	0.84
preparration	preparation	0.88
preparstion	preparation	0.84
prepartaion	preparation	0.87
prepartion	preparation	0.86
prepatation	preparation	0.84
preperation	preparation	0.94
prepparation	preparation	0.88
prepraation	preparation	0.87
prepration	preparation	0.86
prepsration	preparation	0.84
presece	presence	0.86
presecne	presence	0.87
preseence	presence	0.88
presemce	presence	0.84
presencce	presence	0.88
presencee	presence	0.88
presencr	presence	0.84
presene	presence	0.86
presenec	presence	0.87
presennce	presence	0.88
presense	presence	0.94
presenve	presence	0.84
presnce	presence	0.86
presnece	presence	0.87
presonnel	personnel	0.87
presrnce	presence	0.84
pressence	presence	0.88
prfeerred	preferred	0.87
prferred	preferred	0.86
prfessor	professor	0.86
prfoessor	professor	0.87
prform	perform	0.86
prformance	performance	0.86
prhaps	perhaps	0.86
prhase	phrase	0.87
priate	private	0.86
priavte	private	0.87
pribate	private	0.84
pribilege	privilege	0.84
pricce	price	0.88
pricee	price	0.88
pricr	price	0.84
prie	price	0.86
priec	price	0.87
priginal	original	0.84
priice	price	0.88
priilege	privilege	0.86
priivate	private	0.88
priivilege	privilege	0.88
priivlege	privilege	0.87
privaate	private	0.88
privae	private	0.86
privaet	private	0.87
privatee	private	0.88
privatr	private	0.84
privatte	private	0.88
privaye	private	0.84
prive	price	0.84
priviege	privilege	0.86
privielge	privilege	0.87
priviilege	privilege	0.88
priviledge	privilege	0.94
privilee	privilege	0.86
privileeg	privilege	0.87
privileege	privilege	0.88
privilegee	privilege	0.88
privilegge	privilege	0.88
privilegr	privilege	0.84
privilehe	privilege	0.84
privilge	privilege	0.86
privilgee	privilege	0.87
privillege	privilege	0.88
privilrge	privilege	0.84
privlege	privilege	0.86
privliege	privilege	0.87
privolege	privilege	0.84
privste	private	0.84
privtae	private	0.87
privte	private	0.86
privvate	private	0.88
privvilege	privilege	0.88
prject	project	0.86
prjoect	project	0.87
prmanent	permanent	0.86
prmissible	permissible	0.86
prnounciation	pronunciation	0.87
prnunciation	pronunciation	0.86
proabbly	probably	0.87
proably	probably	0.86
proagate	propagate	0.86
proapgate	propagate	0.87
probaably	probably	0.88
probabbly	probably	0.88
probablly	probably	0.94
probablu	probably	0.84
probablyy	probably	0.88
probaby	probably	0.86
probabyl	probably	0.87
probalby	probably	0.87
probaly	probably	0.94
probanly	probably	0.84
probbably	probably	0.88
probbaly	probably	0.87
probblem	problem	0.88
probbly	probably	0.86
probelm	problem	0.87
probem	problem	0.86
probleem	problem	0.88
problemm	problem	0.94
problen	problem	0.84
probllem	problem	0.88
problm	problem	0.86
problme	problem	0.87
problrm	problem	0.84
probsbly	probably	0.84
procceed	proceed	0.88
proccess	process	0.94
proce	price	0.84
proced	proceed	0.86
procede	proceed	0.94
proceds	process	0.84
proceedd	proceed	0.88
proceeed	proceed	0.88
proceef	proceed	0.84
proceess	process	0.88
procerd	proceed	0.84
proces	process	0.86
procesd	process	0.84
processs	process	0.88
procred	proceed	0.84
procrss	process	0.84
procses	process	0.87
procss	process	0.86
proeced	proceed	0.87
proecss	process	0.87
proect	project	0.86
proeed	proceed	0.86
proefssor	professor	0.87
proejct	project	0.87
proess	process	0.86
proessor	professor	0.86
profedsor	professor	0.84
profeessor	professor	0.88
profesdor	professor	0.84
profesor	professor	0.94
profesosr	professor	0.87
professoor	professor	0.88
professorr	professor	0.88
professot	professor	0.84
professpr	professor	0.84
professr	professor	0.86
professro	professor	0.87
professsor	professor	0.88
proffessor	professor	0.88
profrssor	professor	0.84
profsesor	professor	0.87
profssor	professor	0.86
progessor	professor	0.84
projcet	project	0.87
projct	project	0.86
projecct	project	0.88
projectt	project	0.88
projecy	project	0.84
projeect	project	0.88
projet	project	0.86
projetc	project	0.87
projevt	project	0.84
projject	project	0.88
projrct	project	0.84
prokect	project	0.84
prolbem	problem	0.87
prolem	problem	0.86
promunciation	pronunciation	0.84
pronably	probably	0.84
proninciation	pronunciation	0.84
pronlem	problem	0.84
pronnciation	pronunciation	0.86
pronnuciation	pronunciation	0.87
pronnunciation	pronunciation	0.88
pronounciation	pronunciation	0.94
pronuciation	pronunciation	0.86
pronucniation	pronunciation	0.87
pronumciation	pronunciation	0.84
pronuncaition	pronunciation	0.87
pronuncation	pronunciation	0.86
pronuncciation	pronunciation	0.88
pronunciaation	pronunciation	0.88
pronunciaion	pronunciation	0.86
pronunciaiton	pronunciation	0.87
pronunciatiion	pronunciation	0.88
pronunciatin	pronunciation	0.86
pronunciatino	pronunciation	0.87
pronunciatiom	pronunciation	0.84
pronunciationn	pronunciation	0.88
pronunciatioon	pronunciation	0.88
pronunciatipn	pronunciation	0.84
pronunciatoin	pronunciation	0.87
pronunciaton	pronunciation	0.86
pronunciatoon	pronunciation	0.84
pronunciattion	pronunciation	0.88
pronunciayion	pronunciation	0.84
pronunciiation	pronunciation	0.88
pronuncistion	pronunciation	0.84
pronuncitaion	pronunciation	0.87
pronuncition	pronunciation	0.86
pronuncoation	pronunciation	0.84
pronuniation	pronunciation	0.86
pronunication	pronunciation	0.87
pronunnciation	pronunciation	0.88
pronunviation	pronunciation	0.84
pronuunciation	pronunciation	0.88
proobably	probably	0.88
prooblem	problem	0.88
prooceed	proceed	0.88
proocess	process	0.88
proofessor	professor	0.88
prooject	project	0.88
proonunciation	pronunciation	0.88
proopagate	propagate	0.88
propaagate	propagate	0.88
propaagte	propagate	0.87
propaate	propagate	0.86
propagaate	propagate	0.88
propagae	propagate	0.86
propagaet	propagate	0.87
propagatee	propagate	0.88
propagatr	propagate	0.84
propagatte	propagate	0.88
propagaye	propagate	0.84
propaggate	propagate	0.88
propagste	propagate	0.84
propagtae	propagate	0.87
propagte	propagate	0.86
propahate	propagate	0.84
propgaate	propagate	0.87
propgate	propagate	0.86
prople	people	0.84
propogate	propagate	0.94
proppagate	propagate	0.88
propsgate	propagate	0.84
prounciation	pronunciation	0.86
prounnciation	pronunciation	0.87
provate	private	0.84
proveed	proceed	0.84
provess	process	0.84
provilege	privilege	0.84
prpagate	propagate	0.86
prparation	preparation	0.86
prpbably	probably	0.84
prpblem	problem	0.84
prpceed	proceed	0.84
prpcess	process	0.84
prpearation	preparation	0.87
prpfessor	professor	0.84
prpject	project	0.84
prpnunciation	pronunciation	0.84
prpoagate	propagate	0.87
prpose	purpose	0.86
prppagate	propagate	0.84
prractical	practical	0.88
prrceive	perceive	0.84
prreferred	preferred	0.88
prreparation	preparation	0.88
prresence	presence	0.88
prrferred	preferred	0.84
prrform	perform	0.84
prrformance	performance	0.84
prrhaps	perhaps	0.84
prrice	price	0.88
prrivate	private	0.88
prrivilege	privilege	0.88
prrmanent	permanent	0.84
prrmissible	permissible	0.84
prrobably	probably	0.88
prroblem	problem	0.88
prroceed	proceed	0.88
prrocess	process	0.88
prrofessor	professor	0.88
prroject	project	0.88
prronunciation	pronunciation	0.88
prropagate	propagate	0.88
prrparation	preparation	0.84
prrsence	presence	0.84
prrsonnel	personnel	0.84
prsctical	practical	0.84
prseence	presence	0.87
prsence	presence	0.86
prsonnel	personnel	0.86
prsue	pursue	0.86
prticular	particular	0.86
prupose	purpose	0.87
prusue	pursue	0.87
prvate	private	0.86
prviate	private	0.87
prviilege	privilege	0.87
prvilege	privilege	0.86
psasword	password	0.87
psatime	pastime	0.87
psosession	possession	0.87
psosible	possible	0.87
psragraph	paragraph	0.84
psrallel	parallel	0.84
psrameter	parameter	0.84
psrticular	particular	0.84
pssession	possession	0.86
pssible	possible	0.86
psssword	password	0.84
psstime	pastime	0.84
pssword	password	0.86
pstime	pastime	0.86
psvilion	pavilion	0.84
psyment	payment	0.84
ptactical	practical	0.84
ptatoes	potatoes	0.86
pteferred	preferred	0.84
pteparation	preparation	0.84
ptesence	presence	0.84
pther	other	0.84
ptice	price	0.84
ptivate	private	0.84
ptivilege	privilege	0.84
ptoatoes	potatoes	0.87
ptobably	probably	0.84
ptoblem	problem	0.84
ptoceed	proceed	0.84
ptocess	process	0.84
ptofessor	professor	0.84
ptoject	project	0.84
ptonunciation	pronunciation	0.84
ptopagate	propagate	0.84
pubblic	public	0.88
pubblicly	publicly	0.88
pubic	public	0.86
pubicly	publicly	0.86
pubilc	public	0.87
pubilcly	publicly	0.87
publc	public	0.86
publci	public	0.87
publcily	publicly	0.87
publcly	publicly	0.86
publically	publicly	0.94
publicc	public	0.88
publiccly	publicly	0.88
publiclly	publicly	0.88
publiclu	publicly	0.84
publiclyy	publicly	0.88
publicy	publicly	0.86
publicyl	publicly	0.87
publiic	public	0.88
publiicly	publicly	0.88
publilcy	publicly	0.87
publily	publicly	0.86
publiv	public	0.84
publivly	publicly	0.84
publlic	public	0.88
publlicly	publicly	0.88
publoc	public	0.84
publocly	publicly	0.84
pulbic	public	0.87
pulbicly	publicly	0.87
pulic	public	0.86
pulicly	publicly	0.86
punlic	public	0.84
punlicly	publicly	0.84
pupose	purpose	0.86
puprose	purpose	0.87
purdue	pursue	0.84
puropse	purpose	0.94
purose	purpose	0.86
purpode	purpose	0.84
purpoe	purpose	0.86
purpoes	purpose	0.87
purpoose	purpose	0.88
purposee	purpose	0.88
purposr	purpose	0.84
purposse	purpose	0.88
purppose	purpose	0.88
purppse	purpose	0.84
purpse	purpose	0.86
purpsoe	purpose	0.87
purrpose	purpose	0.88
purrsue	pursue	0.88
purse	pursue	0.86
purseu	pursue	0.87
pursie	pursue	0.84
purssue	pursue	0.88
pursuee	pursue	0.88
pursur	pursue	0.84
pursuue	pursue	0.88
purue	pursue	0.86
puruse	pursue	0.87
pusrue	pursue	0.87
pusue	pursue	0.86
putpose	purpose	0.84
putput	output	0.84
putsue	pursue	0.84
puublic	public	0.88
puublicly	publicly	0.88
puurpose	purpose	0.88
puursue	pursue	0.88
pvailion	pavilion	0.87
pver	over	0.84
pverride	override	0.84
pvilion	pavilion	0.86
pyament	payment	0.87
pyment	payment	0.86
qarter	quarter	0.86
qaurter	quarter	0.87
qestion	question	0.86
qeueing	queueing	0.86
qeustion	question	0.87
qeuueing	queueing	0.87
qiarter	quarter	0.84
qick	quick	0.86
qiestion	question	0.84
qieueing	queueing	0.84
qiick	quick	0.84
qiite	quite	0.84
qite	quite	0.86
qiuck	quick	0.87
qiute	quite	0.87
qquarter	quarter	0.88
qquestion	question	0.88
qqueueing	queueing	0.88
qquick	quick	0.88
qquite	quite	0.88
quaarter	quarter	0.88
quarer	quarter	0.86
quaretr	quarter	0.87
quarrter	quarter	0.88
quarteer	quarter	0.88
quarterr	quarter	0.88
quartet	quarter	0.84
quartr	quarter	0.86
quartre	quarter	0.87
quartrr	quarter	0.84
quartter	quarter	0.88
quaryer	quarter	0.84
quater	quarter	0.94
quatrer	quarter	0.87
quatter	quarter	0.84
qucik	quick	0.87
quck	quick	0.86
quedtion	question	0.84
queeing	queueing	0.86
queestion	question	0.88
queeueing	queueing	0.88
queeuing	queueing	0.87
queieing	queueing	0.84
queing	queueing	0.94
quesion	question	0.86
quesiton	question	0.87
quesstion	question	0.88
questiion	question	0.88
questin	question	0.86
questino	question	0.87
questiom	question	0.84
questionn	question	0.88
questioon	question	0.88
questipn	question	0.84
questoin	question	0.94
queston	question	0.86
questoon	question	0.84
questtion	question	0.88
quesyion	question	0.84
quetion	question	0.86
quetsion	question	0.87
queueeing	queueing	0.88
queueig	queueing	0.86
queueign	queueing	0.87
queueiing	queueing	0.88
queueimg	queueing	0.84
queueingg	queueing	0.88
queueinh	queueing	0.84
queueinng	queueing	0.88
queueng	queueing	0.86
queuenig	queueing	0.87
queueong	queueing	0.84
queuieng	queueing	0.87
queuing	queueing	0.86
queuring	queueing	0.84
queuueing	queueing	0.88
quicck	quick	0.88
quickk	quick	0.88
quicl	quick	0.84
quie	quite	0.86
quiet	quite	0.87
quiick	quick	0.88
quiite	quite	0.88
quik	quick	0.94
quikc	quick	0.87
quitee	quite	0.88
quitr	quite	0.84
quitte	quite	0.88
quivk	quick	0.84
quiye	quite	0.84
quock	quick	0.84
quote	quite	0.84
qurater	quarter	0.87
qurstion	question	0.84
qurter	quarter	0.86
qurueing	queueing	0.84
qusetion	question	0.87
qusrter	quarter	0.84
qustion	question	0.86
qute	quite	0.86
qutie	quite	0.87
quuarter	quarter	0.88
quueeing	queueing	0.87
quueing	queueing	0.86
quuestion	question	0.88
quueueing	queueing	0.88
quuick	quick	0.88
quuite	quite	0.88
rad	read	0.86
rading	reading	0.86
rady	ready	0.86
raed	read	0.87
raeding	reading	0.87
raedy	ready	0.87
raelization	realization	0.87
raelize	realize	0.87
raelly	really	0.87
raeson	reason	0.87
ralization	realization	0.86
ralize	realize	0.86
rally	really	0.86
rarlier	earlier	0.84
rarned	earned	0.84
rason	reason	0.86
rceeive	receive	0.87
rceeived	received	0.87
rceive	receive	0.86
rceived	received	0.86
rceommend	recommend	0.87
rceommended	recommended	0.87
rcommend	recommend	0.86
rcommended	recommended	0.86
rcstasy	ecstasy	0.84
reaad	read	0.88
reaading	reading	0.88
reaady	ready	0.88
reaalization	realization	0.88
reaalize	realize	0.88
reaally	really	0.88
reaason	reason	0.88
readd	read	0.88
readding	reading	0.88
readdy	ready	0.88
readig	reading	0.86
readign	reading	0.87
readiing	reading	0.88
readimg	reading	0.84
readingg	reading	0.88
readinh	reading	0.84
readinng	reading	0.88
readng	reading	0.86
readnig	reading	0.87
readon	reason	0.84
readong	reading	0.84
readu	ready	0.84
readyy	ready	0.88
reaf	read	0.84
reafing	reading	0.84
reafy	ready	0.84
reaidng	reading	0.87
reailzation	realization	0.87
reailze	realize	0.87
reaing	reading	0.86
reaization	realization	0.86
reaize	realize	0.86
realiation	realization	0.86
realiaztion	realization	0.87
realie	realize	0.86
realiez	realize	0.87
realiization	realization	0.88
realiize	realize	0.88
realise	realize	0.86
realixation	realization	0.84
realixe	realize	0.84
realizaation	realization	0.88
realizaion	realization	0.86
realizaiton	realization	0.87
realizatiion	realization	0.88
realizatin	realization	0.86
realizatino	realization	0.87
realizatiom	realization	0.84
realizationn	realization	0.88
realizatioon	realization	0.88
realizatipn	realization	0.84
realizatoin	realization	0.87
realizaton	realization	0.86
realizatoon	realization	0.84
realizattion	realization	0.88
realizayion	realization	0.84
realizee	realize	0.88
realizr	realize	0.84
realizstion	realization	0.84
realiztaion	realization	0.87
realiztion	realization	0.94
realizzation	realization	0.88
realizze	realize	0.88
reallization	realization	0.88
reallize	realize	0.88
reallly	really	0.88
reallu	really	0.84
reallyy	really	0.88
realozation	realization	0.84
realoze	realize	0.84
realy	really	0.86
realyl	really	0.87
realzation	realization	0.86
realze	realize	0.86
realziation	realization	0.87
realzie	realize	0.87
reaon	reason	0.86
reaosn	reason	0.87
reasn	reason	0.86
reasno	reason	0.87
reasom	reason	0.84
reasonn	reason	0.88
reasoon	reason	0.88
reaspn	reason	0.84
reasson	reason	0.88
reay	ready	0.86
reayd	ready	0.87
rebiew	review	0.84
recceive	receive	0.88
recceived	received	0.88
reccomend	recommend	0.94
reccommend	recommend	0.88
reccommended	recommended	0.94
receeive	receive	0.88
receeived	received	0.88
receibe	receive	0.84
receibed	received	0.84
receie	receive	0.86
receied	received	0.86
receiev	receive	0.87
receievd	received	0.87
receiive	receive	0.88
receiived	received	0.88
receivd	received	0.86
receivde	received	0.87
receivedd	received	0.88
receivee	receive	0.88
receiveed	received	0.88
receivef	received	0.84
receivr	receive	0.84
receivrd	received	0.84
receivve	receive	0.88
receivved	received	0.88
receove	receive	0.84
receoved	received	0.84
receve	receive	0.86
receved	received	0.86
recevie	receive	0.87
recevied	received	0.87
recieve	receive	0.96
recieved	received	0.87
recive	receive	0.86
recived	received	0.86
recmmend	recommend	0.86
recmmended	recommended	0.86
recmomend	recommend	0.87
recmomended	recommended	0.87
recomemnd	recommend	0.87
recomemnded	recommended	0.87
recomend	recommend	0.94
recomended	recommended	0.86
recommed	recommend	0.86
recommeded	recommended	0.86
recommedn	recommend	0.87
recommedned	recommended	0.87
recommeend	recommend	0.88
recommeended	recommended	0.88
recommemd	recommend	0.84
recommemded	recommended	0.84
recommendd	recommend	0.88
recommendde	recommended	0.87
recommendded	recommended	0.88
recommendedd	recommended	0.88
recommendeed	recommended	0.88
recommendef	recommended	0.84
recommendrd	recommended	0.84
recommened	recommended	0.86
recommenedd	recommended	0.87
recommenf	recommend	0.84
recommenfed	recommended	0.84
recommennd	recommend	0.88
recommennded	recommended	0.88
recommmend	recommend	0.88
recommmended	recommended	0.88
recommnd	recommend	0.86
recommnded	recommended	0.86
recommned	recommend	0.87
recommneded	recommended	0.87
recommrnd	recommend	0.84
recommrnded	recommended	0.84
recomnend	recommend	0.84
recomnended	recommended	0.84
reconmend	recommend	0.84
reconmended	recommended	0.84
recoommend	recommend	0.88
recoommended	recommended	0.88
recpmmend	recommend	0.84
recpmmended	recommended	0.84
recrive	receive	0.84
recrived	received	0.84
red	read	0.86
reda	read	0.87
redaing	reading	0.87
reday	ready	0.87
redearch	research	0.84
reding	reading	0.86
redistance	resistance	0.84
redpond	respond	0.84
redponse	response	0.84
redponsibility	responsibility	0.84
redtaurant	restaurant	0.84
redult	result	0.84
redults	results	0.84
redy	ready	0.86
reead	read	0.88
reeading	reading	0.88
reeady	ready	0.88
reealization	realization	0.88
reealize	realize	0.88
reeally	really	0.88
reearch	research	0.86
reeason	reason	0.88
reeceive	receive	0.88
reeceived	received	0.88
reecive	receive	0.87
reecived	received	0.87
reecommend	recommend	0.88
reecommended	recommended	0.88
reeference	reference	0.88
reeferences	references	0.88
reeferred	referred	0.88
reeferring	referring	0.88
reefrence	reference	0.87
reefrences	references	0.87
reefrred	referred	0.87
reefrring	referring	0.87
reegularly	regularly	0.88
reeive	receive	0.86
reeived	received	0.86
reelevant	relevant	0.88
reeligious	religious	0.88
reelvant	relevant	0.87
reember	remember	0.86
reemember	remember	0.88
reemmber	remember	0.87
reemove	remove	0.88
reemoved	removed	0.88
reepetition	repetition	0.88
reeply	reply	0.88
reepresentative	representative	0.88
reeptition	repetition	0.87
reequest	request	0.88
reequired	required	0.88
reequirement	requirement	0.88
reerence	reference	0.86
reerences	references	0.86
reerred	referred	0.86
reerring	referring	0.86
reesarch	research	0.87
reesearch	research	0.88
reesistance	resistance	0.88
reespond	respond	0.88
reesponse	response	0.88
reesponsibility	responsibility	0.88
reestaurant	restaurant	0.88
reesult	result	0.88
reesults	results	0.88
reetition	repetition	0.86
reevant	relevant	0.86
reeview	review	0.88
refeence	reference	0.86
refeences	references	0.86
refeerence	reference	0.88
refeerences	references	0.88
refeernce	reference	0.87
refeernces	references	0.87
refeerred	referred	0.88
refeerring	referring	0.88
referece	reference	0.86
refereces	references	0.86
referecne	reference	0.87
referecnes	references	0.87
refered	referred	0.94
refereence	reference	0.88
refereences	references	0.88
referemce	reference	0.84
referemces	references	0.84
referencce	reference	0.88
referencces	references	0.88
referenced	references	0.84
referencee	reference	0.88
referencees	references	0.88
referencess	references	0.88
referencr	reference	0.84
referencrs	references	0.84
referencs	references	0.86
referencse	references	0.87
referene	reference	0.86
referenec	reference	0.87
referenecs	references	0.87
referenes	references	0.86
referennce	reference	0.88
referennces	references	0.88
referenve	reference	0.84
referenves	references	0.84
refererd	referred	0.87
refering	referring	0.94
referirng	referring	0.87
refernce	reference	0.86
refernces	references	0.86
refernece	reference	0.87
referneces	references	0.87
referrd	referred	0.86
referrde	referred	0.87
referredd	referred	0.88
referreed	referred	0.88
referref	referred	0.84
referrence	reference	0.88
referrences	references	0.88
referrig	referring	0.86
referrign	referring	0.87
referriing	referring	0.88
referrimg	referring	0.84
referringg	referring	0.88
referrinh	referring	0.84
referrinng	referring	0.88
referrnce	reference	0.84
referrnces	references	0.84
referrng	referring	0.86
referrnig	referring	0.87
referrong	referring	0.84
referrrd	referred	0.84
referrred	referred	0.88
referrring	referring	0.88
referted	referred	0.84
referting	referring	0.84
refetence	reference	0.84
refetences	references	0.84
refetred	referred	0.84
refetring	referring	0.84
refference	reference	0.88
refferences	references	0.88
refferred	referred	0.88
refferring	referring	0.88
refreence	reference	0.87
refreences	references	0.87
refrence	reference	0.86
refrences	references	0.86
refrered	referred	0.87
refrering	referring	0.87
refrred	referred	0.86
refrrence	reference	0.84
refrrences	references	0.84
refrring	referring	0.86
refrrred	referred	0.84
refrrring	referring	0.84
regerence	reference	0.84
regerences	references	0.84
regerred	referred	0.84
regerring	referring	0.84
reggularly	regularly	0.88
regilarly	regularly	0.84
reglarly	regularly	0.86
regluarly	regularly	0.87
regualrly	regularly	0.87
reguarly	regularly	0.94
regulaarly	regularly	0.88
regulalry	regularly	0.87
regulaly	regularly	0.86
regularlly	regularly	0.88
regularlu	regularly	0.84
regularlyy	regularly	0.88
regularrly	regularly	0.88
regulary	regularly	0.86
regularyl	regularly	0.87
regulatly	regularly	0.84
regullarly	regularly	0.88
regulraly	regularly	0.87
regulrly	regularly	0.86
regulsrly	regularly	0.84
reguularly	regularly	0.88
rehularly	regularly	0.84
reiew	review	0.86
reigious	religious	0.86
reilgious	religious	0.87
reisstance	resistance	0.87
reistance	resistance	0.86
reivew	review	0.87
relaization	realization	0.87
relaize	realize	0.87
relaly	really	0.87
releant	relevant	0.86
releavnt	relevant	0.87
relebant	relevant	0.84
releevant	relevant	0.88
relevaant	relevant	0.88
relevamt	relevant	0.84
relevannt	relevant	0.88
relevantt	relevant	0.88
relevany	relevant	0.84
relevat	relevant	0.86
relevatn	relevant	0.87
relevent	relevant	0.94
relevnat	relevant	0.87
relevnt	relevant	0.86
relevsnt	relevant	0.84
relevvant	relevant	0.88
relgiious	religious	0.87
relgious	religious	0.86
religgious	religious	0.88
religiious	religious	0.88
religiois	religious	0.84
religioous	religious	0.88
religios	religious	0.86
religiosu	religious	0.87
religioud	religious	0.84
religiouss	religious	0.88
religiouus	religious	0.88
religipus	religious	0.84
religiuos	religious	0.87
religius	religious	0.86
religoius	religious	0.87
religoous	religious	0.84
religous	religious	0.94
relihious	religious	0.84
reliigious	religious	0.88
reliigous	religious	0.87
reliious	religious	0.86
relization	realization	0.86
relize	realize	0.86
rellevant	relevant	0.88
relligious	religious	0.88
relly	really	0.86
relogious	religious	0.84
relpy	reply	0.87
relrvant	relevant	0.84
relvant	relevant	0.86
relveant	relevant	0.87
rely	reply	0.86
rember	remember	0.94
remeber	remember	0.94
remebmer	remember	0.87
remeember	remember	0.88
remembber	remember	0.88
remembeer	remember	0.88
rememberr	remember	0.88
remembet	remember	0.84
remembr	remember	0.86
remembre	remember	0.87
remembrr	remember	0.84
rememebr	remember	0.87
rememer	remember	0.86
rememmber	remember	0.88
rememner	remember	0.84
remenber	remember	0.84
remmber	remember	0.86
remmeber	remember	0.87
remmember	remember	0.88
remmove	remove	0.88
remmoved	removed	0.88
remobe	remove	0.84
remobed	removed	0.84
remoe	remove	0.86
remoed	removed	0.86
remoev	remove	0.87
remoevd	removed	0.87
remoove	remove	0.88
remooved	removed	0.88
removd	removed	0.86
removde	removed	0.87
removedd	removed	0.88
removee	remove	0.88
removeed	removed	0.88
removef	removed	0.84
removr	remove	0.84
removrd	removed	0.84
removve	remove	0.88
removved	removed	0.88
rempve	remove	0.84
rempved	removed	0.84
remrmber	remember	0.84
remve	remove	0.86
remved	removed	0.86
remvoe	remove	0.87
remvoed	removed	0.87
renember	remember	0.84
renove	remove	0.84
renoved	removed	0.84
reocmmend	recommend	0.87
reocmmended	recommended	0.87
reommend	recommend	0.86
reommended	recommended	0.86
reomve	remove	0.87
reomved	removed	0.87
reove	remove	0.86
reoved	removed	0.86
repeetition	repetition	0.88
repeition	repetition	0.86
repeittion	repetition	0.87
repersentative	representative	0.87
repesentative	representative	0.86
repetiion	repetition	0.86
repetiition	repetition	0.88
repetiiton	repetition	0.87
repetitiion	repetition	0.88
repetitin	repetition	0.86
repetitino	repetition	0.87
repetitiom	repetition	0.84
repetitionn	repetition	0.88
repetitioon	repetition	0.88
repetitipn	repetition	0.84
repetitoin	repetition	0.87
repetiton	repetition	0.86
repetitoon	repetition	0.84
repetittion	repetition	0.88
repetiyion	repetition	0.84
repetotion	repetition	0.84
repettiion	repetition	0.87
repettion	repetition	0.86
repettition	repetition	0.88
repeyition	repetition	0.84
repitition	repetition	0.94
replly	reply	0.88
replu	reply	0.84
replyy	reply	0.88
repond	respond	0.86
reponse	response	0.86
reponsibility	responsibility	0.86
reppetition	repetition	0.88
repply	reply	0.88
reppresentative	representative	0.88
repredentative	representative	0.84
repreentative	representative	0.86
repreesentative	representative	0.88
repreesntative	representative	0.87
represeentative	representative	0.88
represemtative	representative	0.84
represenative	representative	0.86
represenattive	representative	0.87
represenntative	representative	0.88
representaative	representative	0.88
representaitve	representative	0.87
representaive	representative	0.86
representatibe	representative	0.84
representatie	representative	0.86
representatiev	representative	0.87
representatiive	representative	0.88
representativee	representative	0.88
representativr	representative	0.84
representativve	representative	0.88
representatove	representative	0.84
representattive	representative	0.88
representatve	representative	0.86
representatvie	representative	0.87
representayive	representative	0.84
representitive	representative	0.94
representstive	representative	0.84
representtaive	representative	0.87
representtative	representative	0.88
representtive	representative	0.86
represenyative	representative	0.84
represetative	representative	0.86
represetnative	representative	0.87
represnetative	representative	0.87
represntative	representative	0.86
represrntative	representative	0.84
repressentative	representative	0.88
reprresentative	representative	0.88
reprrsentative	representative	0.84
reprseentative	representative	0.87
reprsentative	representative	0.86
reprtition	repetition	0.84
repsond	respond	0.87
repsonse	response	0.87
repsonsibility	responsibility	0.87
repteition	repetition	0.87
reptesentative	representative	0.84
reptition	repetition	0.86
repy	reply	0.86
repyl	reply	0.87
reqest	request	0.86
reqeust	request	0.87
reqiest	request	0.84
reqiired	required	0.84
reqiirement	requirement	0.84
reqired	required	0.86
reqirement	requirement	0.86
reqiured	required	0.87
reqiurement	requirement	0.87
reqquest	request	0.88
reqquired	required	0.88
reqquirement	requirement	0.88
requedt	request	0.84
requeest	request	0.88
requesst	request	0.88
requestt	request	0.88
requesy	request	0.84
requet	request	0.86
requets	request	0.87
requied	required	0.86
requiement	requirement	0.86
requierd	required	0.87
requierment	requirement	0.87
requiired	required	0.88
requiirement	requirement	0.88
requird	required	0.86
requirde	required	0.87
requiredd	required	0.88
requireed	required	0.88
requireement	requirement	0.88
requireemnt	requirement	0.87
requireent	requirement	0.86
requiref	required	0.84
requiremeent	requirement	0.88
requirememt	requirement	0.84
requiremennt	requirement	0.88
requirementt	requirement	0.88
requiremeny	requirement	0.84
requiremet	requirement	0.86
requiremetn	requirement	0.87
requiremment	requirement	0.88
requiremnet	requirement	0.87
requiremnt	requirement	0.86
requiremrnt	requirement	0.84
requirenent	requirement	0.84
requirmeent	requirement	0.87
requirment	requirement	0.86
requirrd	required	0.84
requirred	required	0.88
requirrement	requirement	0.88
requirrment	requirement	0.84
requited	required	0.84
requitement	requirement	0.84
requored	required	0.84
requorement	requirement	0.84
requred	required	0.86
requrement	requirement	0.86
requried	required	0.87
requriement	requirement	0.87
requrst	request	0.84
requset	request	0.87
requst	request	0.86
requuest	request	0.88
requuired	required	0.88
requuirement	requirement	0.88
reresentative	representative	0.86
rerpesentative	representative	0.87
resaerch	research	0.87
resaon	reason	0.87
resarch	research	0.86
resaturant	restaurant	0.87
resaurant	restaurant	0.86
resd	read	0.84
resding	reading	0.84
resdy	ready	0.84
reseaarch	research	0.88
reseach	research	0.86
reseacrh	research	0.87
researcch	research	0.88
researchh	research	0.88
researcj	research	0.84
researh	research	0.86
researhc	research	0.87
researrch	research	0.88
researvh	research	0.84
reseatch	research	0.84
reseearch	research	0.88
reserach	research	0.87
reserch	research	0.86
resesrch	research	0.84
residtance	resistance	0.84
resiistance	resistance	0.88
resilt	result	0.84
resilts	results	0.84
resisance	resistance	0.86
resisatnce	resistance	0.87
resisstance	resistance	0.88
resistaance	resistance	0.88
resistace	resistance	0.86
resistacne	resistance	0.87
resistamce	resistance	0.84
resistancce	resistance	0.88
resistancee	resistance	0.88
resistancr	resistance	0.84
resistane	resistance	0.86
resistanec	resistance	0.87
resistannce	resistance	0.88
resistanve	resistance	0.84
resistence	resistance	0.94
resistnace	resistance	0.87
resistnce	resistance	0.86
resistsnce	resistance	0.84
resisttance	resistance	0.88
resisyance	resistance	0.84
resitance	resistance	0.86
resitsance	resistance	0.87
reslization	realization	0.84
reslize	realize	0.84
reslly	really	0.84
reslt	result	0.86
reslts	results	0.86
reslut	result	0.87
resluts	results	0.87
reson	reason	0.86
resond	respond	0.86
resonse	response	0.86
resonsibility	responsibility	0.86
resopnd	respond	0.87
resopnse	response	0.87
resopnsibility	responsibility	0.87
resostance	resistance	0.84
respnd	respond	0.86
respnod	respond	0.87
respnose	response	0.87
respnosibility	responsibility	0.87
respnse	response	0.86
respnsibility	responsibility	0.86
respod	respond	0.86
respodn	respond	0.87
respomd	respond	0.84
respomse	response	0.84
respomsibility	responsibility	0.84
respondd	respond	0.88
responde	response	0.84
respondibility	responsibility	0.84
respone	response	0.86
respones	response	0.87
responf	respond	0.84
responibility	responsibility	0.86
responisbility	responsibility	0.87
responnd	respond	0.88
responnse	response	0.88
responnsibility	responsibility	0.88
responsability	responsibility	0.94
responsbiility	responsibility	0.87
responsbility	responsibility	0.86
responsee	response	0.88
responsibbility	responsibility	0.88
responsibiility	responsibility	0.88
responsibiilty	responsibility	0.87
responsibiity	responsibility	0.86
responsibiliity	responsibility	0.88
responsibilitty	responsibility	0.88
responsibilitu	responsibility	0.84
responsibilityy	responsibility	0.88
responsibiliy	responsibility	0.86
responsibiliyt	responsibility	0.87
responsibiliyy	responsibility	0.84
responsibillity	responsibility	0.88
responsibiloty	responsibility	0.84
responsibiltiy	responsibility	0.87
responsibilty	responsibility	0.86
responsibliity	responsibility	0.87
responsiblity	responsibility	0.86
responsibolity	responsibility	0.84
responsiibility	responsibility	0.88
responsiiblity	responsibility	0.87
responsiility	responsibility	0.86
responsinility	responsibility	0.84
responsobility	responsibility	0.84
responsr	response	0.84
responsse	response	0.88
responssibility	responsibility	0.88
respoond	respond	0.88
respoonse	response	0.88
respoonsibility	responsibility	0.88
respose	response	0.86
resposibility	responsibility	0.86
resposne	response	0.87
resposnibility	responsibility	0.87
resppnd	respond	0.84
resppnse	response	0.84
resppnsibility	responsibility	0.84
resppond	respond	0.88
respponse	response	0.88
respponsibility	responsibility	0.88
resrarch	research	0.84
ressearch	research	0.88
ressistance	resistance	0.88
ressitance	resistance	0.87
resson	reason	0.84
resspond	respond	0.88
ressponse	response	0.88
ressponsibility	responsibility	0.88
resstance	resistance	0.86
resstaurant	restaurant	0.88
ressult	result	0.88
ressults	results	0.88
restaaurant	restaurant	0.88
restairant	restaurant	0.84
restarant	restaurant	0.86
restaraunt	restaurant	0.94
restaruant	restaurant	0.87
restauant	restaurant	0.86
restauarnt	restaurant	0.87
restauraant	restaurant	0.88
restauramt	restaurant	0.84
restaurannt	restaurant	0.88
restaurantt	restaurant	0.88
restaurany	restaurant	0.84
restaurat	restaurant	0.86
restauratn	restaurant	0.87
restaurnat	restaurant	0.87
restaurnt	restaurant	0.86
restaurrant	restaurant	0.88
restaursnt	restaurant	0.84
restautant	restaurant	0.84
restauurant	restaurant	0.88
restsurant	restaurant	0.84
resttaurant	restaurant	0.88
restuarant	restaurant	0.94
resturant	restaurant	0.86
resullt	result	0.88
resullts	results	0.88
resuls	results	0.86
resulst	results	0.87
resultd	results	0.84
resultss	results	0.88
resultt	result	0.88
resultts	results	0.88
resuly	result	0.84
resulys	results	0.84
resut	result	0.86
resutl	result	0.87
resutls	results	0.87
resuts	results	0.86
resuult	result	0.88
resuults	results	0.88
resyaurant	restaurant	0.84
retaurant	restaurant	0.86
retsaurant	restaurant	0.87
reuest	request	0.86
reuglarly	regularly	0.87
reuired	required	0.86
reuirement	requirement	0.86
reularly	regularly	0.86
reult	result	0.86
reults	results	0.86
reuqest	request	0.87
reuqired	required	0.87
reuqirement	requirement	0.87
reuslt	result	0.87
reuslts	results	0.87
reveive	receive	0.84
reveived	received	0.84
reveiw	review	0.87
revew	review	0.86
reviee	review	0.84
revieew	review	0.88
revieww	review	0.88
reviiew	review	0.88
revirw	review	0.84
reviw	review	0.86
reviwe	review	0.87
revoew	review	0.84
revommend	recommend	0.84
revommended	recommended	0.84
revview	review	0.88
rewuest	request	0.84
rewuired	required	0.84
rewuirement	requirement	0.84
rfeerence	reference	0.87
rfeerences	references	0.87
rfeerred	referred	0.87
rfeerring	referring	0.87
rference	reference	0.86
rferences	references	0.86
rferred	referred	0.86
rferring	referring	0.86
rffect	effect	0.84
rfficient	efficient	0.84
rffort	effort	0.84
rgeularly	regularly	0.87
rght	right	0.86
rgiht	right	0.87
rgularly	regularly	0.86
rhhythm	rhythm	0.88
rhthm	rhythm	0.86
rhtyhm	rhythm	0.87
rhuthm	rhythm	0.84
rhyhm	rhythm	0.86
rhyhtm	rhythm	0.87
rhythhm	rhythm	0.88
rhythmm	rhythm	0.88
rhythn	rhythm	0.84
rhytjm	rhythm	0.84
rhytm	rhythm	0.86
rhytmh	rhythm	0.87
rhytthm	rhythm	0.88
rhyyhm	rhythm	0.84
rhyythm	rhythm	0.88
rigght	right	0.88
righht	right	0.88
rightt	right	0.88
righy	right	0.84
rigjt	right	0.84
rigt	right	0.86
rigth	right	0.87
rihgt	right	0.87
rihht	right	0.84
riht	right	0.86
riight	right	0.88
rinning	running	0.84
rjythm	rhythm	0.84
rleevant	relevant	0.87
rleigious	religious	0.87
rlevant	relevant	0.86
rligious	religious	0.86
rmail	email	0.84
rmails	emails	0.84
rmbarrass	embarrass	0.84
rmbarrassed	embarrassed	0.84
rmbarrassment	embarrassment	0.84
rmeember	remember	0.87
rmember	remember	0.86
rmeove	remove	0.87
rmeoved	removed	0.87
rmove	remove	0.86
rmoved	removed	0.86
rnning	running	0.86
rnuning	running	0.87
rnvironment	environment	0.84
roght	right	0.84
rom	room	0.86
romo	room	0.87
roomm	room	0.88
roon	room	0.84
rooom	room	0.88
ropm	room	0.84
rpeetition	repetition	0.87
rpely	reply	0.87
rperesentative	representative	0.87
rpetition	repetition	0.86
rply	reply	0.86
rpom	room	0.84
rpresentative	representative	0.86
rqeuest	request	0.87
rqeuired	required	0.87
rqeuirement	requirement	0.87
rquest	request	0.86
rquipment	equipment	0.84
rquired	required	0.86
rquirement	requirement	0.86
rrad	read	0.84
rrading	reading	0.84
rrady	ready	0.84
rralization	realization	0.84
rralize	realize	0.84
rrally	really	0.84
rrason	reason	0.84
rrceive	receive	0.84
rrceived	received	0.84
rrcommend	recommend	0.84
rrcommended	recommended	0.84
rread	read	0.88
rreading	reading	0.88
rready	ready	0.88
rrealization	realization	0.88
rrealize	realize	0.88
rreally	really	0.88
rreason	reason	0.88
rreceive	receive	0.88
rreceived	received	0.88
rrecommend	recommend	0.88
rrecommended	recommended	0.88
rreference	reference	0.88
rreferences	references	0.88
rreferred	referred	0.88
rreferring	referring	0.88
rregularly	regularly	0.88
rrelevant	relevant	0.88
rreligious	religious	0.88
rremember	remember	0.88
rremove	remove	0.88
rremoved	removed	0.88
rrepetition	repetition	0.88
rreply	reply	0.88
rrepresentative	representative	0.88
rrequest	request	0.88
rrequired	required	0.88
rrequirement	requirement	0.88
rresearch	research	0.88
rresistance	resistance	0.88
rrespond	respond	0.88
rresponse	response	0.88
rresponsibility	responsibility	0.88
rrestaurant	restaurant	0.88
rresult	result	0.88
rresults	results	0.88
rreview	review	0.88
rrference	reference	0.84
rrferences	references	0.84
rrferred	referred	0.84
rrferring	referring	0.84
rrgularly	regularly	0.84
rrhythm	rhythm	0.88
rright	right	0.88
rrlevant	relevant	0.84
rrligious	religious	0.84
rrmember	remember	0.84
rrmove	remove	0.84
rrmoved	removed	0.84
rroom	room	0.88
rrpetition	repetition	0.84
rrply	reply	0.84
rrpresentative	representative	0.84
rrquest	request	0.84
rrquired	required	0.84
rrquirement	requirement	0.84
rrsearch	research	0.84
rrsistance	resistance	0.84
rrspond	respond	0.84
rrsponse	response	0.84
rrsponsibility	responsibility	0.84
rrstaurant	restaurant	0.84
rrsult	result	0.84
rrsults	results	0.84
rrunning	running	0.88
rrview	review	0.84
rsearch	research	0.86
rseearch	research	0.87
rseistance	resistance	0.87
rsepond	respond	0.87
rseponse	response	0.87
rseponsibility	responsibility	0.87
rsetaurant	restaurant	0.87
rseult	result	0.87
rseults	results	0.87
rsistance	resistance	0.86
rspecially	especially	0.84
rspond	respond	0.86
rsponse	response	0.86
rsponsibility	responsibility	0.86
rssay	essay	0.84
rstaurant	restaurant	0.86
rsult	result	0.86
rsults	results	0.86
rumning	running	0.84
runing	running	0.86
runinng	running	0.87
runming	running	0.84
runnig	running	0.86
runnign	running	0.87
runniing	running	0.88
runnimg	running	0.84
runningg	running	0.88
runninh	running	0.84
runninng	running	0.88
runnng	running	0.86
runnnig	running	0.87
runnning	running	0.88
runnong	running	0.84
ruunning	running	0.88
rveiew	review	0.87
rven	even	0.84
rvening	evening	0.84
rvery	every	0.84
rvidence	evidence	0.84
rview	review	0.86
rxample	example	0.84
rxceed	exceed	0.84
rxcellent	excellent	0.84
rxercise	exercise	0.84
rxistence	existence	0.84
rxperience	experience	0.84
rxplanation	explanation	0.84
ryhthm	rhythm	0.87
rythm	rhythm	0.94
saafety	safety	0.88
saame	same	0.88
saave	save	0.88
saaved	saved	0.88
sabe	save	0.84
sabed	saved	0.84
sae	same	0.86
saed	saved	0.86
saefty	safety	0.87
saem	same	0.87
saety	safety	0.86
saev	save	0.87
saevd	saved	0.87
safeety	safety	0.88
safetty	safety	0.88
safetu	safety	0.84
safetyy	safety	0.88
safey	safety	0.86
safeyt	safety	0.87
safeyy	safety	0.84
saffety	safety	0.88
safrty	safety	0.84
saftey	safety	0.94
safty	safety	0.86
sagety	safety	0.84
sahre	share	0.87
sahred	shared	0.87
sall	small	0.86
samee	same	0.88
samll	small	0.87
samme	same	0.88
samr	same	0.84
sane	same	0.84
sare	share	0.86
sared	shared	0.86
sart	start	0.86
sarted	started	0.86
satrt	start	0.87
satrted	started	0.87
savd	saved	0.86
savde	saved	0.87
savedd	saved	0.88
savee	save	0.88
saveed	saved	0.88
savef	saved	0.84
savr	save	0.84
savrd	saved	0.84
savve	save	0.88
savved	saved	0.88
sbout	about	0.84
sbove	above	0.84
sbsence	absence	0.84
sbsolutely	absolutely	0.84
sbstract	abstract	0.84
scademic	academic	0.84
sccept	accept	0.84
scceptable	acceptable	0.84
sccess	success	0.86
sccessful	successful	0.86
scchedule	schedule	0.88
sccidentally	accidentally	0.84
sccommodate	accommodate	0.84
sccommodation	accommodation	0.84
sccount	account	0.84
sccreen	screen	0.88
scedule	schedule	0.94
sceen	screen	0.86
scehdule	schedule	0.87
sceren	screen	0.87
sceretary	secretary	0.87
scetion	section	0.87
sceurity	security	0.87
schdeule	schedule	0.87
schdule	schedule	0.86
scheddule	schedule	0.88
schedile	schedule	0.84
schedle	schedule	0.86
schedlue	schedule	0.87
schedual	schedule	0.94
schedue	schedule	0.86
scheduel	schedule	0.87
schedulee	schedule	0.88
schedulle	schedule	0.88
schedulr	schedule	0.84
scheduule	schedule	0.88
scheedule	schedule	0.88
schefule	schedule	0.84
scheudle	schedule	0.87
scheule	schedule	0.86
schhedule	schedule	0.88
schieve	achieve	0.84
schievement	achievement	0.84
schrdule	schedule	0.84
scjedule	schedule	0.84
scknowledge	acknowledge	0.84
scquaintance	acquaintance	0.84
screeen	screen	0.88
screem	screen	0.84
screenn	screen	0.88
scren	screen	0.86
screne	screen	0.87
scrern	screen	0.84
scretary	secretary	0.86
scross	across	0.84
scrreen	screen	0.88
scrren	screen	0.84
scteen	screen	0.84
sction	section	0.86
sctually	actually	0.84
scucess	success	0.87
scucessful	successful	0.87
scurity	security	0.86
sdded	added	0.84
sdditional	additional	0.84
sddress	address	0.84
sdministration	administration	0.84
sdvantage	advantage	0.84
sdvice	advice	0.84
seaprate	separate	0.87
seaprately	separately	0.87
searate	separate	0.86
searately	separately	0.86
seccretary	secretary	0.88
secction	section	0.88
seccurity	security	0.88
secertary	secretary	0.87
secetary	secretary	0.86
secific	specific	0.86
secion	section	0.86
secirity	security	0.84
seciton	section	0.87
secratary	secretary	0.94
secreary	secretary	0.86
secreatry	secretary	0.87
secreetary	secretary	0.88
secretaary	secretary	0.88
secretarry	secretary	0.88
secretaru	secretary	0.84
secretaryy	secretary	0.88
secretaty	secretary	0.84
secretay	secretary	0.86
secretayr	secretary	0.87
secretray	secretary	0.87
secretry	secretary	0.86
secretsry	secretary	0.84
secrettary	secretary	0.88
secreyary	secretary	0.84
secrity	security	0.86
secrretary	secretary	0.88
secrrtary	secretary	0.84
secrtary	secretary	0.86
secrteary	secretary	0.87
secruity	security	0.87
sectetary	secretary	0.84
sectiion	section	0.88
sectin	section	0.86
sectino	section	0.87
sectiom	section	0.84
sectionn	section	0.88
sectioon	section	0.88
sectipn	section	0.84
sectoin	section	0.87
secton	section	0.86
sectoon	section	0.84
secttion	section	0.88
secuirty	security	0.87
secuity	security	0.86
securiity	security	0.88
securitty	security	0.88
securitu	security	0.84
securityy	security	0.88
securiy	security	0.86
securiyt	security	0.87
securiyy	security	0.84
securoty	security	0.84
securrity	security	0.88
securtiy	security	0.87
securty	security	0.86
secutity	security	0.84
secuurity	security	0.88
secyion	section	0.84
sed	send	0.86
sedn	send	0.87
seech	speech	0.86
seecretary	secretary	0.88
seection	section	0.88
seecurity	security	0.88
seeminar	seminar	0.88
seend	send	0.88
seent	sent	0.88
seentence	sentence	0.88
seeparate	separate	0.88
seeparately	separately	0.88
seergeant	sergeant	0.88
seervice	service	0.88
sege	siege	0.86
segeant	sergeant	0.86
segreant	sergeant	0.87
seige	siege	0.94
seimnar	seminar	0.87
seinar	seminar	0.86
selling	spelling	0.86
semd	send	0.84
semianr	seminar	0.87
semiar	seminar	0.86
semiinar	seminar	0.88
semimar	seminar	0.84
seminaar	seminar	0.88
seminarr	seminar	0.88
seminat	seminar	0.84
seminnar	seminar	0.88
seminr	seminar	0.86
seminra	seminar	0.87
seminsr	seminar	0.84
semminar	seminar	0.88
semnar	seminar	0.86
semniar	seminar	0.87
semonar	seminar	0.84
semt	sent	0.84
semtence	sentence	0.84
sendd	send	0.88
senence	sentence	0.86
senetnce	sentence	0.87
senf	send	0.84
seninar	seminar	0.84
sennd	send	0.88
sennt	sent	0.88
senntence	sentence	0.88
sentance	sentence	0.94
sentece	sentence	0.86
sentecne	sentence	0.87
senteence	sentence	0.88
sentemce	sentence	0.84
sentencce	sentence	0.88
sentencee	sentence	0.88
sentencr	sentence	0.84
sentene	sentence	0.86
sentenec	sentence	0.87
sentennce	sentence	0.88
sentenve	sentence	0.84
sentnce	sentence	0.86
sentnece	sentence	0.87
sentrnce	sentence	0.84
sentt	sent	0.88
senttence	sentence	0.88
seny	sent	0.84
senyence	sentence	0.84
sepaarate	separate	0.88
sepaarately	separately	0.88
sepaarte	separate	0.87
sepaartely	separately	0.87
sepaate	separate	0.86
sepaately	separately	0.86
separaate	separate	0.88
separaately	separately	0.88
separae	separate	0.86
separaely	separately	0.86
separaet	separate	0.87
separaetly	separately	0.87
separatee	separate	0.88
separateely	separately	0.88
separatelly	separately	0.88
separatelu	separately	0.84
separatelyy	separately	0.88
separatey	separately	0.86
separateyl	separately	0.87
separatley	separately	0.87
separatly	separately	0.94
separatr	separate	0.84
separatrly	separately	0.84
separatte	separate	0.88
separattely	separately	0.88
separaye	separate	0.84
separayely	separately	0.84
separrate	separate	0.88
separrately	separately	0.88
separste	separate	0.84
separstely	separately	0.84
separtae	separate	0.87
separtaely	separately	0.87
separte	separate	0.86
separtely	separately	0.86
sepatate	separate	0.84
sepatately	separately	0.84
sepcific	specific	0.87
sepech	speech	0.87
seperate	separate	0.96
seplling	spelling	0.87
sepparate	separate	0.88
sepparately	separately	0.88
sepraate	separate	0.87
sepraately	separately	0.87
seprate	separate	0.86
seprately	separately	0.86
sepsrate	separate	0.84
sepsrately	separately	0.84
serbice	service	0.84
sercetary	secretary	0.87
sereant	sergeant	0.86
seregant	sergeant	0.87
seretary	secretary	0.86
sergaent	sergeant	0.87
sergant	sergeant	0.86
sergeaant	sergeant	0.88
sergeamt	sergeant	0.84
sergeannt	sergeant	0.88
sergeantt	sergeant	0.88
sergeany	sergeant	0.84
sergeat	sergeant	0.86
sergeatn	sergeant	0.87
sergeeant	sergeant	0.88
sergenat	sergeant	0.87
sergent	sergeant	0.94
sergesnt	sergeant	0.84
serggeant	sergeant	0.88
sergrant	sergeant	0.84
serheant	sergeant	0.84
serice	service	0.86
serivce	service	0.87
serrgeant	sergeant	0.88
serrvice	service	0.88
servce	service	0.86
servcie	service	0.87
servicce	service	0.88
servicee	service	0.88
servicr	service	0.84
servie	service	0.86
serviec	service	0.87
serviice	service	0.88
servive	service	0.84
servoce	service	0.84
servvice	service	0.88
set	sent	0.86
setcion	section	0.87
setence	sentence	0.86
setgeant	sergeant	0.84
setion	section	0.86
setn	sent	0.87
setnence	sentence	0.87
setvice	service	0.84
seucrity	security	0.87
seurity	security	0.86
sevice	service	0.86
sevretary	secretary	0.84
sevrice	service	0.87
sevtion	section	0.84
sevurity	security	0.84
sfaety	safety	0.87
sfety	safety	0.86
sfraid	afraid	0.84
sfter	after	0.84
sfternoon	afternoon	0.84
sgain	again	0.84
sgainst	against	0.84
sggestion	suggestion	0.86
sgreement	agreement	0.84
sgugestion	suggestion	0.87
shaare	share	0.88
shaared	shared	0.88
shae	share	0.86
shaed	shared	0.86
shaer	share	0.87
shaerd	shared	0.87
shard	shared	0.86
sharde	shared	0.87
sharedd	shared	0.88
sharee	share	0.88
shareed	shared	0.88
sharef	shared	0.84
sharr	share	0.84
sharrd	shared	0.84
sharre	share	0.88
sharred	shared	0.88
shate	share	0.84
shated	shared	0.84
shcedule	schedule	0.87
shedule	schedule	0.86
shhare	share	0.88
shhared	shared	0.88
shhopping	shopping	0.88
shhort	short	0.88
shhould	should	0.88
shoild	should	0.84
shold	should	0.86
sholud	should	0.87
shoopping	shopping	0.88
shoort	short	0.88
shoould	should	0.88
shoping	shopping	0.86
shopipng	shopping	0.87
shoppig	shopping	0.86
shoppign	shopping	0.87
shoppiing	shopping	0.88
shoppimg	shopping	0.84
shoppingg	shopping	0.88
shoppinh	shopping	0.84
shoppinng	shopping	0.88
shoppng	shopping	0.86
shoppnig	shopping	0.87
shoppong	shopping	0.84
shoppping	shopping	0.88
shorrt	short	0.88
shortt	short	0.88
shory	short	0.84
shot	short	0.86
shotr	short	0.87
shott	short	0.84
shoud	should	0.86
shoudl	should	0.94
shouldd	should	0.88
shoulf	should	0.84
shoulld	should	0.88
shouuld	should	0.88
shpoping	shopping	0.87
shpping	shopping	0.86
shppping	shopping	0.84
shprt	short	0.84
shpuld	should	0.84
shrae	share	0.87
shraed	shared	0.87
shre	share	0.86
shred	shared	0.86
shrot	short	0.87
shrt	short	0.86
shsre	share	0.84
shsred	shared	0.84
shuld	should	0.86
shuold	should	0.87
siccess	success	0.84
siccessful	successful	0.84
sicerely	sincerely	0.86
sicnerely	sincerely	0.87
siee	siege	0.86
sieeg	siege	0.87
sieege	siege	0.88
siegee	siege	0.88
siegge	siege	0.88
siegr	siege	0.84
siehe	siege	0.84
sige	siege	0.86
sigee	siege	0.87
siggestion	suggestion	0.84
siiege	siege	0.88
siilar	similar	0.86
siimilar	similar	0.88
siimlar	similar	0.87
siincerely	sincerely	0.88
sill	still	0.86
simcerely	sincerely	0.84
simialr	similar	0.87
simiar	similar	0.86
simiilar	similar	0.88
similaar	similar	0.88
similarr	similar	0.88
similat	similar	0.84
similiar	similar	0.94
simillar	similar	0.88
similr	similar	0.86
similra	similar	0.87
similsr	similar	0.84
simlar	similar	0.86
simliar	similar	0.87
simmary	summary	0.84
simmilar	similar	0.88
simolar	similar	0.84
sinccerely	sincerely	0.88
sinceely	sincerely	0.86
sinceerely	sincerely	0.88
sinceerly	sincerely	0.87
sincereely	sincerely	0.88
sincerelly	sincerely	0.88
sincerelu	sincerely	0.84
sincerelyy	sincerely	0.88
sincerey	sincerely	0.86
sincereyl	sincerely	0.87
sincerley	sincerely	0.87
sincerly	sincerely	0.94
sincerrely	sincerely	0.88
sincerrly	sincerely	0.84
sincetely	sincerely	0.84
sincreely	sincerely	0.87
sincrely	sincerely	0.86
sincrrely	sincerely	0.84
sinecrely	sincerely	0.87
sinerely	sincerely	0.86
sinilar	similar	0.84
sinncerely	sincerely	0.88
sinverely	sincerely	0.84
sipport	support	0.84
sippress	suppress	0.84
sire	sure	0.84
sirge	siege	0.84
sirplane	airplane	0.84
sirprise	surprise	0.84
sitll	still	0.87
sjare	share	0.84
sjared	shared	0.84
sjopping	shopping	0.84
sjort	short	0.84
sjould	should	0.84
sllotted	allotted	0.84
sllow	allow	0.84
slmost	almost	0.84
sloution	solution	0.87
slready	already	0.84
slso	also	0.84
slthough	although	0.84
slution	solution	0.86
slways	always	0.84
smaall	small	0.88
smae	same	0.87
smal	small	0.86
smalll	small	0.88
smateur	amateur	0.84
smazing	amazing	0.84
sme	some	0.86
smeinar	seminar	0.87
smething	something	0.86
smiilar	similar	0.87
smilar	similar	0.86
sminar	seminar	0.86
smlal	small	0.87
smll	small	0.86
smmall	small	0.88
smmary	summary	0.86
smoe	some	0.87
smoething	something	0.87
smount	amount	0.84
smsll	small	0.84
smumary	summary	0.87
snall	small	0.84
snalysis	analysis	0.84
sncerely	sincerely	0.86
snd	send	0.86
sned	send	0.87
snet	sent	0.87
snetence	sentence	0.87
snicerely	sincerely	0.87
snnounce	announce	0.84
snnouncement	announcement	0.84
snomaly	anomaly	0.84
snswer	answer	0.84
snt	sent	0.86
sntence	sentence	0.86
soe	some	0.86
soege	siege	0.84
soem	some	0.87
soemthing	something	0.87
soething	something	0.86
sohpping	shopping	0.87
sohrt	short	0.87
sohuld	should	0.87
soirce	source	0.84
soirces	sources	0.84
solition	solution	0.84
sollution	solution	0.88
soltion	solution	0.86
soltuion	solution	0.87
soluion	solution	0.86
soluiton	solution	0.87
solutiion	solution	0.88
solutin	solution	0.86
solutino	solution	0.87
solutiom	solution	0.84
solutionn	solution	0.88
solutioon	solution	0.88
solutipn	solution	0.84
solutoin	solution	0.87
soluton	solution	0.86
solutoon	solution	0.84
soluttion	solution	0.88
soluution	solution	0.88
soluyion	solution	0.84
somee	some	0.88
someething	something	0.88
somehing	something	0.86
somehting	something	0.87
somethhing	something	0.88
somethig	something	0.86
somethign	something	0.87
somethiing	something	0.88
somethimg	something	0.84
somethingg	something	0.88
somethinh	something	0.84
somethinng	something	0.88
somethng	something	0.86
somethnig	something	0.87
somethong	something	0.84
sometihng	something	0.87
someting	something	0.86
sometjing	something	0.84
sometthing	something	0.88
someyhing	something	0.84
somilar	similar	0.84
somme	some	0.88
sommething	something	0.88
somr	some	0.84
somrthing	something	0.84
somtehing	something	0.87
somthing	something	0.86
son	soon	0.86
soncerely	sincerely	0.84
sone	some	0.84
sonething	something	0.84
sono	soon	0.87
soolution	solution	0.88
soom	soon	0.84
soome	some	0.88
soomething	something	0.88
soonn	soon	0.88
sooon	soon	0.88
soorry	sorry	0.88
soource	source	0.88
soources	sources	0.88
sopn	soon	0.84
sopping	shopping	0.86
sorce	source	0.86
sorces	sources	0.86
sore	store	0.86
sorrry	sorry	0.88
sorru	sorry	0.84
sorryy	sorry	0.88
sort	short	0.86
sorty	sorry	0.84
soruce	source	0.87
soruces	sources	0.87
sory	sorry	0.86
soryr	sorry	0.87
sotre	store	0.87
sotry	sorry	0.84
souce	source	0.86
souces	sources	0.86
soucre	source	0.87
soucres	sources	0.87
sould	should	0.86
soultion	solution	0.87
sourcce	source	0.88
sourcces	sources	0.88
sourced	sources	0.84
sourcee	source	0.88
sourcees	sources	0.88
sourcess	sources	0.88
sourcr	source	0.84
sourcrs	sources	0.84
sourcs	sources	0.86
sourcse	sources	0.87
soure	source	0.86
sourec	source	0.87
sourecs	sources	0.87
soures	sources	0.86
sourrce	source	0.88
sourrces	sources	0.88
sourve	source	0.84
sourves	sources	0.84
soutce	source	0.84
soutces	sources	0.84
soution	solution	0.86
souurce	source	0.88
souurces	sources	0.88
sparate	separate	0.86
sparately	separately	0.86
spceific	specific	0.87
spcific	specific	0.86
speach	speech	0.94
spearate	separate	0.87
spearately	separately	0.87
speccific	specific	0.88
speceh	speech	0.87
specfic	specific	0.94
specfiic	specific	0.87
spech	speech	0.86
specifc	specific	0.86
specifci	specific	0.87
speciffic	specific	0.88
specificc	specific	0.88
specifiic	specific	0.88
specifiv	specific	0.84
specifoc	specific	0.84
specigic	specific	0.84
speciic	specific	0.86
speciifc	specific	0.87
speciific	specific	0.88
specofic	specific	0.84
speecch	speech	0.88
speechh	speech	0.88
speecific	specific	0.88
speecj	speech	0.84
speeech	speech	0.88
speeh	speech	0.86
speehc	speech	0.87
speelling	spelling	0.88
speevh	speech	0.84
speficic	specific	0.94
speicfic	specific	0.87
speific	specific	0.86
spelilng	spelling	0.87
speling	spelling	0.86
spellig	spelling	0.86
spellign	spelling	0.87
spelliing	spelling	0.88
spellimg	spelling	0.84
spellingg	spelling	0.88
spellinh	spelling	0.84
spellinng	spelling	0.88
spellling	spelling	0.88
spellng	spelling	0.86
spellnig	spelling	0.87
spellong	spelling	0.84
sperch	speech	0.84
spevific	specific	0.84
spleling	spelling	0.87
splling	spelling	0.86
splution	solution	0.84
spme	some	0.84
spmething	something	0.84
spologize	apologize	0.84
spon	soon	0.84
spostrophe	apostrophe	0.84
spparent	apparent	0.84
spparently	apparently	0.84
sppearance	appearance	0.84
sppecific	specific	0.88
sppeech	speech	0.88
sppelling	spelling	0.88
spplication	application	0.84
spplied	applied	0.84
sppointment	appointment	0.84
spport	support	0.86
sppress	suppress	0.86
spproach	approach	0.84
sppropriate	appropriate	0.84
spproval	approval	0.84
sprcific	specific	0.84
sprech	speech	0.84
sprlling	spelling	0.84
sprry	sorry	0.84
spuport	support	0.87
spupress	suppress	0.87
spurce	source	0.84
spurces	sources	0.84
srceen	screen	0.87
srcretary	secretary	0.84
srction	section	0.84
srcurity	security	0.84
sre	sure	0.86
sreen	screen	0.86
sregeant	sergeant	0.87
srength	strength	0.86
srevice	service	0.87
srgeant	sergeant	0.86
srgument	argument	0.84
srminar	seminar	0.84
srnd	send	0.84
srnt	sent	0.84
srntence	sentence	0.84
srory	sorry	0.87
sround	around	0.84
srparate	separate	0.84
srparately	separately	0.84
srprise	surprise	0.86
srrgeant	sergeant	0.84
srrvice	service	0.84
srry	sorry	0.86
srtength	strength	0.87
srticle	article	0.84
srue	sure	0.87
sruprise	surprise	0.87
srvice	service	0.86
ssafety	safety	0.88
ssame	same	0.88
ssave	save	0.88
ssaved	saved	0.88
sschedule	schedule	0.88
sscreen	screen	0.88
ssecretary	secretary	0.88
ssection	section	0.88
ssecurity	security	0.88
sseminar	seminar	0.88
ssend	send	0.88
ssent	sent	0.88
ssentence	sentence	0.88
sseparate	separate	0.88
sseparately	separately	0.88
ssergeant	sergeant	0.88
sservice	service	0.88
ssfety	safety	0.84
sshare	share	0.88
sshared	shared	0.88
sshopping	shopping	0.88
sshort	short	0.88
sshould	should	0.88
ssiege	siege	0.88
ssimilar	similar	0.88
ssincerely	sincerely	0.88
ssmall	small	0.88
ssme	same	0.84
ssolution	solution	0.88
ssome	some	0.88
ssomething	something	0.88
ssoon	soon	0.88
ssorry	sorry	0.88
ssource	source	0.88
ssources	sources	0.88
sspecific	specific	0.88
sspeech	speech	0.88
sspelling	spelling	0.88
sssignment	assignment	0.84
sssist	assist	0.84
sssistance	assistance	0.84
sssistant	assistant	0.84
sssisted	assisted	0.84
sssociation	association	0.84
sssuming	assuming	0.84
sstart	start	0.88
sstarted	started	0.88
sstill	still	0.88
sstore	store	0.88
sstrength	strength	0.88
sstudent	student	0.88
sstudy	study	0.88
sstudying	studying	0.88
ssuccess	success	0.88
ssuccessful	successful	0.88
ssuggestion	suggestion	0.88
ssummary	summary	0.88
ssupport	support	0.88
ssuppress	suppress	0.88
ssure	sure	0.88
ssurprise	surprise	0.88
ssve	save	0.84
ssved	saved	0.84
staart	start	0.88
staarted	started	0.88
stared	started	0.86
staretd	started	0.87
starrt	start	0.88
starrted	started	0.88
startd	started	0.86
startde	started	0.87
startedd	started	0.88
starteed	started	0.88
startef	started	0.84
startrd	started	0.84
startt	start	0.88
startted	started	0.88
stary	start	0.84
staryed	started	0.84
stat	start	0.86
stated	started	0.86
statr	start	0.87
statred	started	0.87
statt	start	0.84
statted	started	0.84
stdent	student	0.86
stduent	student	0.87
stduy	study	0.87
stduying	studying	0.87
stdy	study	0.86
stdying	studying	0.86
stength	strength	0.86
sterngth	strength	0.87
stident	student	0.84
stidy	study	0.84
stidying	studying	0.84
stiill	still	0.88
stil	still	0.86
stilll	still	0.88
stlil	still	0.87
stll	still	0.86
stoe	store	0.86
stoer	store	0.87
stoll	still	0.84
stoore	store	0.88
storee	store	0.88
storr	store	0.84
storre	store	0.88
stote	store	0.84
stpre	store	0.84
strat	start	0.87
strated	started	0.87
stre	store	0.86
streength	strength	0.88
stregnth	strength	0.87
stregth	strength	0.86
stremgth	strength	0.84
strenggth	strength	0.88
strengh	strength	0.86
strenght	strength	0.94
strengthh	strength	0.88
strengtj	strength	0.84
strengtth	strength	0.88
strengyh	strength	0.84
strenhth	strength	0.84
strenngth	strength	0.88
strentgh	strength	0.87
strenth	strength	0.86
strnegth	strength	0.87
strngth	strength	0.86
stroe	store	0.87
strrength	strength	0.88
strrngth	strength	0.84
strt	start	0.86
strted	started	0.86
stsrt	start	0.84
stsrted	started	0.84
sttach	attach	0.84
sttached	attached	0.84
sttachment	attachment	0.84
sttart	start	0.88
sttarted	started	0.88
sttendance	attendance	0.84
sttength	strength	0.84
sttill	still	0.88
sttore	store	0.88
sttrength	strength	0.88
sttudent	student	0.88
sttudy	study	0.88
sttudying	studying	0.88
studdent	student	0.88
studdy	study	0.88
studdying	studying	0.88
studeent	student	0.88
studemt	student	0.84
studennt	student	0.88
studentt	student	0.88
studeny	student	0.84
studet	student	0.86
studetn	student	0.87
studing	studying	0.86
studiyng	studying	0.87
studnet	student	0.87
studnt	student	0.86
studrnt	student	0.84
studu	study	0.84
studuing	studying	0.84
studyig	studying	0.86
studyign	studying	0.87
studyiing	studying	0.88
studyimg	studying	0.84
studyingg	studying	0.88
studyinh	studying	0.84
studyinng	studying	0.88
studyng	studying	0.86
studynig	studying	0.87
studyong	studying	0.84
studyy	study	0.88
studyying	studying	0.88
stuednt	student	0.87
stuent	student	0.86
stufent	student	0.84
stufy	study	0.84
stufying	studying	0.84
stuudent	student	0.88
stuudy	study	0.88
stuudying	studying	0.88
stuy	study	0.86
stuyd	study	0.87
stuyding	studying	0.87
stuying	studying	0.86
succcess	success	0.88
succcessful	successful	0.88
succeds	success	0.84
succedsful	successful	0.84
succeess	success	0.88
succeessful	successful	0.88
succes	success	0.86
succesd	success	0.84
succesdful	successful	0.84
succesfsul	successful	0.87
succesful	successful	0.94
successfful	successful	0.88
successfil	successful	0.84
successfl	successful	0.86
successflu	successful	0.87
successfull	successful	0.88
successfuul	successful	0.88
successgul	successful	0.84
successs	success	0.88
successsful	successful	0.88
successufl	successful	0.87
successul	successful	0.86
succrss	success	0.84
succrssful	successful	0.84
succses	success	0.87
succsesful	successful	0.87
succss	success	0.86
succssful	successful	0.86
sucecss	success	0.87
sucecssful	successful	0.87
sucess	success	0.94
sucessful	successful	0.94
sucvess	success	0.84
sucvessful	successful	0.84
sudent	student	0.86
sudy	study	0.86
sudying	studying	0.86
sue	sure	0.86
suer	sure	0.87
sugegstion	suggestion	0.87
sugestion	suggestion	0.86
suggedtion	suggestion	0.84
suggeestion	suggestion	0.88
suggesion	suggestion	0.86
suggesiton	suggestion	0.87
suggesstion	suggestion	0.88
suggestiion	suggestion	0.88
suggestin	suggestion	0.86
suggestino	suggestion	0.87
suggestiom	suggestion	0.84
suggestionn	suggestion	0.88
suggestioon	suggestion	0.88
suggestipn	suggestion	0.84
suggestoin	suggestion	0.87
suggeston	suggestion	0.86
suggestoon	suggestion	0.84
suggesttion	suggestion	0.88
suggesyion	suggestion	0.84
suggetion	suggestion	0.86
suggetsion	suggestion	0.87
sugggestion	suggestion	0.88
suggrstion	suggestion	0.84
suggsetion	suggestion	0.87
suggstion	suggestion	0.86
sughestion	suggestion	0.84
suhgestion	suggestion	0.84
sumamry	summary	0.87
sumary	summary	0.86
summaary	summary	0.88
summarry	summary	0.88
summaru	summary	0.84
summaryy	summary	0.88
summaty	summary	0.84
summay	summary	0.86
summayr	summary	0.87
summmary	summary	0.88
summray	summary	0.87
summry	summary	0.86
summsry	summary	0.84
sumnary	summary	0.84
sunmary	summary	0.84
suorce	source	0.87
suorces	sources	0.87
supoprt	support	0.87
suport	support	0.86
supperss	suppress	0.87
suppess	suppress	0.86
suppoort	support	0.88
supporrt	support	0.88
supportt	support	0.88
suppory	support	0.84
suppot	support	0.86
suppotr	support	0.87
suppott	support	0.84
suppport	support	0.88
supppress	suppress	0.88
suppprt	support	0.84
suppreds	suppress	0.84
suppreess	suppress	0.88
suppres	suppress	0.86
suppresd	suppress	0.84
suppresss	suppress	0.88
supprot	support	0.87
supprress	suppress	0.88
supprrss	suppress	0.84
supprses	suppress	0.87
supprss	suppress	0.86
supprt	support	0.86
supptess	suppress	0.84
supress	suppress	0.94
suprise	surprise	0.94
suprpess	suppress	0.87
suprrise	surprise	0.87
surce	source	0.86
surces	sources	0.86
suree	sure	0.88
surpirse	surprise	0.87
surpise	surprise	0.86
surpprise	surprise	0.88
surpride	surprise	0.84
surprie	surprise	0.86
surpries	surprise	0.87
surpriise	surprise	0.88
surprisee	surprise	0.88
surprisr	surprise	0.84
surprisse	surprise	0.88
surprize	surprise	0.94
surprose	surprise	0.84
surprrise	surprise	0.88
surprse	surprise	0.86
surprsie	surprise	0.87
surptise	surprise	0.84
surr	sure	0.84
surre	sure	0.88
surrise	surprise	0.86
surrpise	surprise	0.87
surrprise	surprise	0.88
sutdent	student	0.87
sutdy	study	0.87
sutdying	studying	0.87
sute	sure	0.84
sutprise	surprise	0.84
suuccess	success	0.88
suuccessful	successful	0.88
suuggestion	suggestion	0.88
suummary	summary	0.88
suupport	support	0.88
suuppress	suppress	0.88
suure	sure	0.88
suurprise	surprise	0.88
suvcess	success	0.84
suvcessful	successful	0.84
svae	save	0.87
svaed	saved	0.87
svailability	availability	0.84
svailable	available	0.84
sve	save	0.86
sved	saved	0.86
svhedule	schedule	0.84
svreen	screen	0.84
swaiting	awaiting	0.84
swesome	awesome	0.84
syart	start	0.84
syarted	started	0.84
syill	still	0.84
syore	store	0.84
syrength	strength	0.84
syudent	student	0.84
syudy	study	0.84
syudying	studying	0.84
taake	take	0.88
taask	task	0.88
tacher	teacher	0.86
tadk	task	0.84
tae	take	0.86
taecher	teacher	0.87
taek	take	0.87
taem	team	0.87
tagedy	tragedy	0.86
tahn	than	0.87
tahnk	thank	0.87
tahnks	thanks	0.87
taht	that	0.87
tain	train	0.86
tak	task	0.86
takee	take	0.88
takke	take	0.88
takr	take	0.84
taks	task	0.87
tale	take	0.84
tam	team	0.86
tan	than	0.86
tank	thank	0.86
tanks	thanks	0.86
targedy	tragedy	0.87
tarin	train	0.87
tarvel	travel	0.87
taskk	task	0.88
tasl	task	0.84
tassk	task	0.88
tat	that	0.86
tavel	travel	0.86
tcehnical	technical	0.87
tchnical	technical	0.86
tday	today	0.86
tdoay	today	0.87
teaacher	teacher	0.88
teaam	team	0.88
teaccher	teacher	0.88
teacehr	teacher	0.87
teacer	teacher	0.86
teacheer	teacher	0.88
teacherr	teacher	0.88
teachet	teacher	0.84
teachher	teacher	0.88
teachr	teacher	0.86
teachre	teacher	0.87
teachrr	teacher	0.84
teacjer	teacher	0.84
tead	read	0.84
teading	reading	0.84
teady	ready	0.84
teahcer	teacher	0.87
teaher	teacher	0.86
tealization	realization	0.84
tealize	realize	0.84
teally	really	0.84
teamm	team	0.88
tean	team	0.84
teason	reason	0.84
teavher	teacher	0.84
tecaher	teacher	0.87
tecchnical	technical	0.88
teceive	receive	0.84
teceived	received	0.84
techer	teacher	0.86
techhnical	technical	0.88
techical	technical	0.86
techincal	technical	0.87
techmical	technical	0.84
techncal	technical	0.86
techncial	technical	0.87
techniacl	technical	0.87
technial	technical	0.86
technicaal	technical	0.88
technicall	technical	0.88
techniccal	technical	0.88
technicl	technical	0.86
technicla	technical	0.87
technicsl	technical	0.84
techniical	technical	0.88
technival	technical	0.84
technnical	technical	0.88
technocal	technical	0.84
tecjnical	technical	0.84
tecnhical	technical	0.87
tecnical	technical	0.94
tecommend	recommend	0.84
tecommended	recommended	0.84
tedency	tendency	0.86
tednency	tendency	0.87
teeacher	teacher	0.88
teeam	team	0.88
teechnical	technical	0.88
teemperature	temperature	0.88
teendency	tendency	0.88
teference	reference	0.84
teferences	references	0.84
teferred	referred	0.84
teferring	referring	0.84
tegularly	regularly	0.84
teh	the	0.96
tehcnical	technical	0.87
tehir	their	0.87
tehm	them	0.87
tehn	then	0.87
tehnical	technical	0.86
tehre	there	0.87
tehse	these	0.87
tehy	they	0.87
teir	their	0.86
televant	relevant	0.84
teligious	religious	0.84
tem	them	0.86
tema	team	0.87
temdency	tendency	0.84
temember	remember	0.84
temeprature	temperature	0.87
temerature	temperature	0.86
temmperature	temperature	0.88
temove	remove	0.84
temoved	removed	0.84
tempearture	temperature	0.87
tempeature	temperature	0.86
tempeerature	temperature	0.88
temperaature	temperature	0.88
temperatire	temperature	0.84
temperatre	temperature	0.86
temperatrue	temperature	0.87
temperatture	temperature	0.88
temperatue	temperature	0.86
temperatuer	temperature	0.87
temperaturee	temperature	0.88
temperaturr	temperature	0.84
temperaturre	temperature	0.88
temperatute	temperature	0.84
temperatuure	temperature	0.88
temperaure	temperature	0.86
temperautre	temperature	0.87
temperayure	temperature	0.84
temperrature	temperature	0.88
tempersture	temperature	0.84
tempertaure	temperature	0.87
temperture	temperature	0.94
tempetature	temperature	0.84
tempperature	temperature	0.88
temprature	temperature	0.86
tempreature	temperature	0.87
temprrature	temperature	0.84
ten	then	0.86
tendancy	tendency	0.94
tenddency	tendency	0.88
tendecny	tendency	0.87
tendecy	tendency	0.86
tendeency	tendency	0.88
tendemcy	tendency	0.84
tendenccy	tendency	0.88
tendencu	tendency	0.84
tendencyy	tendency	0.88
tendenncy	tendency	0.88
tendenvy	tendency	0.84
tendeny	tendency	0.86
tendenyc	tendency	0.87
tendncy	tendency	0.86
tendnecy	tendency	0.87
tendrncy	tendency	0.84
tenedncy	tendency	0.87
tenency	tendency	0.86
tenfency	tendency	0.84
tenndency	tendency	0.88
tenperature	temperature	0.84
teperature	temperature	0.86
tepetition	repetition	0.84
teply	reply	0.84
tepmerature	temperature	0.87
tepresentative	representative	0.84
tequest	request	0.84
tequired	required	0.84
tequirement	requirement	0.84
tere	there	0.86
tescher	teacher	0.84
tesday	tuesday	0.86
tese	these	0.86
tesearch	research	0.84
tesistance	resistance	0.84
tesm	team	0.84
tespond	respond	0.84
tesponse	response	0.84
tesponsibility	responsibility	0.84
testaurant	restaurant	0.84
tesult	result	0.84
tesults	results	0.84
teusday	tuesday	0.87
tevhnical	technical	0.84
teview	review	0.84
tey	they	0.86
thaan	than	0.88
thaank	thank	0.88
thaanks	thanks	0.88
thaat	that	0.88
thak	thank	0.86
thakn	thank	0.87
thakns	thanks	0.87
thaks	thanks	0.86
tham	than	0.84
thamk	thank	0.84
thamks	thanks	0.84
thankd	thanks	0.84
thankk	thank	0.88
thankks	thanks	0.88
thankss	thanks	0.88
thanl	thank	0.84
thanls	thanks	0.84
thann	than	0.88
thannk	thank	0.88
thannks	thanks	0.88
thans	thanks	0.86
thansk	thanks	0.94
thatt	that	0.88
thay	that	0.84
thede	these	0.84
thee	there	0.86
theeir	their	0.88
theem	them	0.88
theen	then	0.88
theer	there	0.87
theere	there	0.88
thees	these	0.87
theese	these	0.88
theey	they	0.88
theiir	their	0.88
theirr	their	0.88
theit	their	0.84
themm	them	0.88
thenn	then	0.88
theor	their	0.84
ther	their	0.86
theree	there	0.88
theri	their	0.87
therr	there	0.84
therre	there	0.88
thesee	these	0.88
thesr	these	0.84
thesse	these	0.88
thete	there	0.84
theu	they	0.84
theyy	they	0.88
thhan	than	0.88
thhank	thank	0.88
thhanks	thanks	0.88
thhat	that	0.88
thheir	their	0.88
thhem	them	0.88
thhen	then	0.88
thhere	there	0.88
thhese	these	0.88
thhey	they	0.88
thhink	think	0.88
thhis	this	0.88
thhought	thought	0.88
thhrough	through	0.88
thid	this	0.84
thier	their	0.96
thiink	think	0.88
thiis	this	0.88
thik	think	0.86
thikn	think	0.87
thimk	think	0.84
thinkk	think	0.88
thinl	think	0.84
thinnk	think	0.88
thir	their	0.86
thiss	this	0.88
thm	them	0.86
thme	them	0.87
thn	than	0.86
thna	than	0.87
thnak	thank	0.87
thnaks	thanks	0.94
thne	then	0.87
thnik	think	0.87
thnk	think	0.86
thnks	thanks	0.86
thoght	thought	0.86
thoguht	thought	0.87
thoight	thought	0.84
thonk	think	0.84
thoought	thought	0.88
thorugh	through	0.87
thos	this	0.84
thougght	thought	0.88
though	through	0.86
thoughht	thought	0.88
thoughtt	thought	0.88
thoughy	thought	0.84
thougjt	thought	0.84
thougt	thought	0.86
thougth	thought	0.87
thouhgt	thought	0.87
thouhht	thought	0.84
thouht	thought	0.86
thouught	thought	0.88
thpught	thought	0.84
thre	there	0.86
three	there	0.87
thrir	their	0.84
thrm	them	0.84
thrn	then	0.84
throgh	through	0.86
throguh	through	0.87
throigh	through	0.84
throough	through	0.88
througgh	through	0.88
throughh	through	0.88
throught	thought	0.90
througj	through	0.84
throuh	through	0.86
throuhg	through	0.87
throuhh	through	0.84
throuugh	through	0.88
thrpugh	through	0.84
thrre	there	0.84
thrrough	through	0.88
thrse	these	0.84
thrugh	through	0.86
thruogh	through	0.87
thry	they	0.84
ths	this	0.86
thse	these	0.86
thsee	these	0.87
thsi	this	0.87
thsn	than	0.84
thsnk	thank	0.84
thsnks	thanks	0.84
thst	that	0.84
tht	that	0.86
thta	that	0.87
thtough	through	0.84
thught	thought	0.86
thuoght	thought	0.87
thy	they	0.86
thye	they	0.87
thythm	rhythm	0.84
tie	time	0.86
tiem	time	0.87
tiesday	tuesday	0.84
tight	right	0.84
tihnk	think	0.87
tihs	this	0.87
tiime	time	0.88
timee	time	0.88
timme	time	0.88
timr	time	0.84
tine	time	0.84
tink	think	0.86
tis	this	0.86
tjan	than	0.84
tjank	thank	0.84
tjanks	thanks	0.84
tjat	that	0.84
tjeir	their	0.84
tjem	them	0.84
tjen	then	0.84
tjere	there	0.84
tjese	these	0.84
tjey	they	0.84
tjink	think	0.84
tjis	this	0.84
tjought	thought	0.84
tjrough	through	0.84
tkae	take	0.87
tke	take	0.86
tme	time	0.86
tmeperature	temperature	0.87
tmie	time	0.87
tmoorrow	tomorrow	0.87
tmorrow	tomorrow	0.86
tmperature	temperature	0.86
tndency	tendency	0.86
tnedency	tendency	0.87
toady	today	0.87
toay	today	0.86
todaay	today	0.88
todau	today	0.84
todayy	today	0.88
todday	today	0.88
todsy	today	0.84
tody	today	0.86
todya	today	0.87
tofay	today	0.84
tohught	thought	0.87
tome	time	0.84
tommorow	tomorrow	0.94
tommorrow	tomorrow	0.88
tomoorrow	tomorrow	0.88
tomororw	tomorrow	0.87
tomorow	tomorrow	0.94
tomorroe	tomorrow	0.84
tomorroow	tomorrow	0.88
tomorroww	tomorrow	0.88
tomorrpw	tomorrow	0.84
tomorrrow	tomorrow	0.88
tomorrw	tomorrow	0.86
tomorrwo	tomorrow	0.87
tomortow	tomorrow	0.84
tomotrow	tomorrow	0.84
tomprrow	tomorrow	0.84
tomrorow	tomorrow	0.87
tomrrow	tomorrow	0.86
tonorrow	tomorrow	0.84
tooday	today	0.88
toom	room	0.84
toomorrow	tomorrow	0.88
toomrrow	tomorrow	0.87
toorrow	tomorrow	0.86
tought	thought	0.86
tpday	today	0.84
tpmorrow	tomorrow	0.84
traagedy	tragedy	0.88
traain	train	0.88
traavel	travel	0.88
trabel	travel	0.84
tracher	teacher	0.84
tradgedy	tragedy	0.94
traedy	tragedy	0.86
traegdy	tragedy	0.87
trael	travel	0.86
traevl	travel	0.87
tragdey	tragedy	0.87
tragdy	tragedy	0.86
trageddy	tragedy	0.88
tragedu	tragedy	0.84
tragedyy	tragedy	0.88
trageedy	tragedy	0.88
tragefy	tragedy	0.84
tragey	tragedy	0.86
trageyd	tragedy	0.87
traggedy	tragedy	0.88
tragrdy	tragedy	0.84
trahedy	tragedy	0.84
traiin	train	0.88
traim	train	0.84
trainn	train	0.88
tram	team	0.84
tran	train	0.86
trani	train	0.87
traon	train	0.84
traveel	travel	0.88
travell	travel	0.88
travl	travel	0.86
travle	travel	0.87
travrl	travel	0.84
travvel	travel	0.88
trchnical	technical	0.84
trgaedy	tragedy	0.87
trgedy	tragedy	0.86
trhough	through	0.87
trian	train	0.87
trily	truly	0.84
trin	train	0.86
trluy	truly	0.87
trly	truly	0.86
trmperature	temperature	0.84
trndency	tendency	0.84
trough	through	0.86
trragedy	tragedy	0.88
trrain	train	0.88
trravel	travel	0.88
trruly	truly	0.88
trsgedy	tragedy	0.84
trsin	train	0.84
trsvel	travel	0.84
truely	truly	0.94
trully	truly	0.88
trulu	truly	0.84
trulyy	truly	0.88
truuly	truly	0.88
truy	truly	0.86
truyl	truly	0.87
trvael	travel	0.87
trvel	travel	0.86
tsak	task	0.87
tsk	task	0.86
tske	take	0.84
tssk	task	0.84
ttagedy	tragedy	0.84
ttain	train	0.84
ttake	take	0.88
ttask	task	0.88
ttavel	travel	0.84
tteacher	teacher	0.88
tteam	team	0.88
ttechnical	technical	0.88
ttemperature	temperature	0.88
ttendency	tendency	0.88
tthan	than	0.88
tthank	thank	0.88
tthanks	thanks	0.88
tthat	that	0.88
ttheir	their	0.88
tthem	them	0.88
tthen	then	0.88
tthere	there	0.88
tthese	these	0.88
tthey	they	0.88
tthink	think	0.88
tthis	this	0.88
tthought	thought	0.88
tthrough	through	0.88
ttime	time	0.88
ttoday	today	0.88
ttomorrow	tomorrow	0.88
ttragedy	tragedy	0.88
ttrain	train	0.88
ttravel	travel	0.88
ttruly	truly	0.88
ttuesday	tuesday	0.88
ttuly	truly	0.84
tueday	tuesday	0.94
tuedday	tuesday	0.84
tuedsay	tuesday	0.87
tueesday	tuesday	0.88
tuesady	tuesday	0.87
tuesay	tuesday	0.86
tuesdaay	tuesday	0.88
tuesdau	tuesday	0.84
tuesdayy	tuesday	0.88
tuesdday	tuesday	0.88
tuesdsy	tuesday	0.84
tuesdy	tuesday	0.86
tuesdya	tuesday	0.87
tuesfay	tuesday	0.84
tuessday	tuesday	0.88
tuly	truly	0.86
tunning	running	0.84
turly	truly	0.87
tursday	tuesday	0.84
tusday	tuesday	0.86
tuseday	tuesday	0.87
tuuesday	tuesday	0.88
tyhat	that	0.94
ucoming	upcoming	0.86
ucpoming	upcoming	0.87
udate	update	0.86
udeful	useful	0.84
uderrated	underrated	0.86
udnerrated	underrated	0.87
udpate	update	0.87
udually	usually	0.84
uear	year	0.84
ueful	useful	0.86
uesful	useful	0.87
uesterday	yesterday	0.84
ufnortunately	unfortunately	0.87
ufortunately	unfortunately	0.86
ugent	urgent	0.86
ugrent	urgent	0.87
uield	yield	0.84
uinversity	university	0.87
uiversity	university	0.86
umderrated	underrated	0.84
umfortunately	unfortunately	0.84
umiversity	university	0.84
umnecessary	unnecessary	0.84
umtil	until	0.84
undderrated	underrated	0.88
undeerrated	underrated	0.88
underarted	underrated	0.87
underated	underrated	0.94
underraated	underrated	0.88
underraed	underrated	0.86
underraetd	underrated	0.87
underratd	underrated	0.86
underratde	underrated	0.87
underratedd	underrated	0.88
underrateed	underrated	0.88
underratef	underrated	0.84
underratrd	underrated	0.84
underratted	underrated	0.88
underrayed	underrated	0.84
underrrated	underrated	0.88
underrsted	underrated	0.84
underrtaed	underrated	0.87
underrted	underrated	0.86
undertated	underrated	0.84
undetrated	underrated	0.84
undrerated	underrated	0.87
undrrated	underrated	0.86
undrrrated	underrated	0.84
unecessary	unnecessary	0.86
unedrrated	underrated	0.87
unencessary	unnecessary	0.87
unerrated	underrated	0.86
unferrated	underrated	0.84
unffortunately	unfortunately	0.88
unfoortunately	unfortunately	0.88
unforrtunately	unfortunately	0.88
unfortinately	unfortunately	0.84
unfortnately	unfortunately	0.86
unfortnuately	unfortunately	0.87
unforttunately	unfortunately	0.88
unfortuantely	unfortunately	0.87
unfortuately	unfortunately	0.86
unfortumately	unfortunately	0.84
unfortunaately	unfortunately	0.88
unfortunaely	unfortunately	0.86
unfortunaetly	unfortunately	0.87
unfortunateely	unfortunately	0.88
unfortunatelly	unfortunately	0.88
unfortunatelu	unfortunately	0.84
unfortunatelyy	unfortunately	0.88
unfortunatey	unfortunately	0.86
unfortunateyl	unfortunately	0.87
unfortunatley	unfortunately	0.87
unfortunatly	unfortunately	0.94
unfortunatrly	unfortunately	0.84
unfortunattely	unfortunately	0.88
unfortunayely	unfortunately	0.84
unfortunnately	unfortunately	0.88
unfortunstely	unfortunately	0.84
unfortuntaely	unfortunately	0.87
unfortuntely	unfortunately	0.86
unfortuunately	unfortunately	0.88
unforunately	unfortunately	0.86
unforutnately	unfortunately	0.87
unforyunately	unfortunately	0.84
unfotrunately	unfortunately	0.87
unfottunately	unfortunately	0.84
unfotunately	unfortunately	0.86
unfprtunately	unfortunately	0.84
unfrotunately	unfortunately	0.87
unfrtunately	unfortunately	0.86
ungortunately	unfortunately	0.84
unibersity	university	0.84
uniersity	university	0.86
unievrsity	university	0.87
uniiversity	university	0.88
unil	until	0.86
unitl	until	0.87
univeersity	university	0.88
univerdity	university	0.84
univeristy	university	0.94
univerity	university	0.86
univerrsity	university	0.88
universiity	university	0.88
universitty	university	0.88
universitu	university	0.84
universityy	university	0.88
universiy	university	0.86
universiyt	university	0.87
universiyy	university	0.84
universoty	university	0.84
universsity	university	0.88
universtiy	university	0.87
universty	university	0.86
univesity	university	0.94
univesrity	university	0.87
univetsity	university	0.84
univresity	university	0.87
univrrsity	university	0.84
univrsity	university	0.86
univversity	university	0.88
unmecessary	unnecessary	0.84
unnceessary	unnecessary	0.87
unncessary	unnecessary	0.86
unnderrated	underrated	0.88
unneccessary	unnecessary	0.94
unnecedsary	unnecessary	0.84
unneceessary	unnecessary	0.88
unnecesary	unnecessary	0.86
unnecesasry	unnecessary	0.87
unnecesdary	unnecessary	0.84
unnecessaary	unnecessary	0.88
unnecessarry	unnecessary	0.88
unnecessaru	unnecessary	0.84
unnecessaryy	unnecessary	0.88
unnecessaty	unnecessary	0.84
unnecessay	unnecessary	0.86
unnecessayr	unnecessary	0.87
unnecessray	unnecessary	0.87
unnecessry	unnecessary	0.86
unnecesssary	unnecessary	0.88
unnecesssry	unnecessary	0.84
unnecrssary	unnecessary	0.84
unnecsesary	unnecessary	0.87
unnecssary	unnecessary	0.86
unneecessary	unnecessary	0.88
unneecssary	unnecessary	0.87
unneessary	unnecessary	0.86
unnevessary	unnecessary	0.84
unnfortunately	unfortunately	0.88
unniversity	university	0.88
unnnecessary	unnecessary	0.88
unnrcessary	unnecessary	0.84
unntil	until	0.88
unofrtunately	unfortunately	0.87
unortunately	unfortunately	0.86
unoversity	university	0.84
untiil	until	0.88
untill	until	0.96
untl	until	0.86
untli	until	0.87
untol	until	0.84
unttil	until	0.88
unversity	university	0.86
unviersity	university	0.87
unyil	until	0.84
uour	your	0.84
upadte	update	0.87
upate	update	0.86
upccoming	upcoming	0.88
upcming	upcoming	0.86
upcmoing	upcoming	0.87
upcoimng	upcoming	0.87
upcoing	upcoming	0.86
upcomig	upcoming	0.86
upcomign	upcoming	0.87
upcomiing	upcoming	0.88
upcomimg	upcoming	0.84
upcomingg	upcoming	0.88
upcominh	upcoming	0.84
upcominng	upcoming	0.88
upcomming	upcoming	0.94
upcomng	upcoming	0.86
upcomnig	upcoming	0.87
upcomong	upcoming	0.84
upconing	upcoming	0.84
upcooming	upcoming	0.88
upcpming	upcoming	0.84
updaate	update	0.88
updae	update	0.86
updaet	update	0.87
updatee	update	0.88
updatr	update	0.84
updatte	update	0.88
updaye	update	0.84
upddate	update	0.88
updste	update	0.84
updtae	update	0.87
updte	update	0.86
upfate	update	0.84
upocming	upcoming	0.87
upoming	upcoming	0.86
uppcoming	upcoming	0.88
uppdate	update	0.88
upvoming	upcoming	0.84
uregnt	urgent	0.87
urent	urgent	0.86
urgeent	urgent	0.88
urgemt	urgent	0.84
urgennt	urgent	0.88
urgentt	urgent	0.88
urgeny	urgent	0.84
urget	urgent	0.86
urgetn	urgent	0.87
urggent	urgent	0.88
urgnet	urgent	0.87
urgnt	urgent	0.86
urgrnt	urgent	0.84
urhent	urgent	0.84
urrgent	urgent	0.88
usally	usually	0.86
usaully	usually	0.87
useeful	useful	0.88
usefful	useful	0.88
usefil	useful	0.84
usefl	useful	0.86
useflu	useful	0.87
usefull	useful	0.94
usefuul	useful	0.88
usegul	useful	0.84
useufl	useful	0.87
useul	useful	0.86
usfeul	useful	0.87
usful	useful	0.86
usially	usually	0.84
usrful	useful	0.84
usseful	useful	0.88
ussually	usually	0.88
usuaally	usually	0.88
usuallly	usually	0.88
usuallu	usually	0.84
usuallyy	usually	0.88
usualy	usually	0.94
usualyl	usually	0.87
usulaly	usually	0.87
usully	usually	0.86
ususlly	usually	0.84
usuually	usually	0.88
utgent	urgent	0.84
util	until	0.86
utnil	until	0.87
uually	usually	0.86
uunderrated	underrated	0.88
uunfortunately	unfortunately	0.88
uuniversity	university	0.88
uunnecessary	unnecessary	0.88
uuntil	until	0.88
uupcoming	upcoming	0.88
uupdate	update	0.88
uurgent	urgent	0.88
uusally	usually	0.87
uuseful	useful	0.88
uusually	usually	0.88
vaacuum	vacuum	0.88
vaariant	variant	0.88
vaccum	vacuum	0.94
vaccuum	vacuum	0.88
vacium	vacuum	0.84
vacuim	vacuum	0.84
vacum	vacuum	0.86
vacumu	vacuum	0.87
vacuumm	vacuum	0.88
vacuun	vacuum	0.84
vacuuum	vacuum	0.88
vaiant	variant	0.86
vairant	variant	0.87
valculate	calculate	0.84
valendar	calendar	0.84
vall	call	0.84
vamouflage	camouflage	0.84
vampaign	campaign	0.84
vanceled	canceled	0.84
vandidate	candidate	0.84
vapital	capital	0.84
vapitalization	capitalization	0.84
varaint	variant	0.87
varant	variant	0.86
vareer	career	0.84
variaant	variant	0.88
variamt	variant	0.84
variannt	variant	0.88
variantt	variant	0.88
variany	variant	0.84
variat	variant	0.86
variatn	variant	0.87
varient	variant	0.94
variiant	variant	0.88
varinat	variant	0.87
varint	variant	0.86
varisnt	variant	0.84
varoant	variant	0.84
varriant	variant	0.88
vategory	category	0.84
vatiant	variant	0.84
vaucum	vacuum	0.87
vaught	caught	0.84
vause	cause	0.84
vauum	vacuum	0.86
vavuum	vacuum	0.84
vcauum	vacuum	0.87
vcuum	vacuum	0.86
veehicle	vehicle	0.88
veersion	version	0.88
veery	very	0.88
vehcile	vehicle	0.87
vehcle	vehicle	0.86
vehhicle	vehicle	0.88
vehical	vehicle	0.94
vehiccle	vehicle	0.88
vehice	vehicle	0.86
vehicel	vehicle	0.87
vehiclee	vehicle	0.88
vehiclle	vehicle	0.88
vehiclr	vehicle	0.84
vehiicle	vehicle	0.88
vehilce	vehicle	0.87
vehile	vehicle	0.86
vehivle	vehicle	0.84
vehocle	vehicle	0.84
veicle	vehicle	0.86
veihcle	vehicle	0.87
veiling	ceiling	0.84
vejicle	vehicle	0.84
velsius	celsius	0.84
vemetery	cemetery	0.84
ventennial	centennial	0.84
verdion	version	0.84
verion	version	0.86
verison	version	0.87
verrsion	version	0.88
verry	very	0.88
versiion	version	0.88
versin	version	0.86
versino	version	0.87
versiom	version	0.84
versionn	version	0.88
versioon	version	0.88
versipn	version	0.84
versoin	version	0.87
verson	version	0.86
versoon	version	0.84
verssion	version	0.88
vertain	certain	0.84
vertainty	certainty	0.84
veru	very	0.84
veryy	very	0.88
vesion	version	0.86
vesrion	version	0.87
vetsion	version	0.84
vety	very	0.84
vey	very	0.86
veyr	very	0.87
vhallenge	challenge	0.84
vhange	change	0.84
vhangeable	changeable	0.84
vhanges	changes	0.84
vhapter	chapter	0.84
vheck	check	0.84
vheicle	vehicle	0.87
vhicle	vehicle	0.86
vhief	chief	0.84
vhosen	chosen	0.84
vidible	visible	0.84
viditor	visitor	0.84
viible	visible	0.86
viisble	visible	0.87
viisible	visible	0.88
viisitor	visitor	0.88
viistor	visitor	0.87
viitor	visitor	0.86
vircuit	circuit	0.84
visable	visible	0.94
visbile	visible	0.87
visble	visible	0.86
visibble	visible	0.88
visibe	visible	0.86
visibel	visible	0.87
visiblee	visible	0.88
visiblle	visible	0.88
visiblr	visible	0.84
visiible	visible	0.88
visiitor	visitor	0.88
visilbe	visible	0.87
visile	visible	0.86
visinle	visible	0.84
visior	visitor	0.86
visiotr	visitor	0.87
visitoor	visitor	0.88
visitorr	visitor	0.88
visitot	visitor	0.84
visitpr	visitor	0.84
visitr	visitor	0.86
visitro	visitor	0.87
visittor	visitor	0.88
visiyor	visitor	0.84
visoble	visible	0.84
visotor	visitor	0.84
vissible	visible	0.88
vissitor	visitor	0.88
vistior	visitor	0.87
vistor	visitor	0.94
vlass	class	0.84
vlassic	classic	0.84
vlearance	clearance	0.84
vlick	click	0.84
vlient	client	0.84
vlose	close	0.84
vlosed	closed	0.84
voffee	coffee	0.84
volleague	colleague	0.84
vollege	college	0.84
vome	come	0.84
voming	coming	0.84
vommit	commit	0.84
vommitment	commitment	0.84
vommitted	committed	0.84
vommittee	committee	0.84
vommunication	communication	0.84
vompany	company	0.84
vomparison	comparison	0.84
vompatibility	compatibility	0.84
vompatible	compatible	0.84
vomplete	complete	0.84
vompleted	completed	0.84
vompletely	completely	0.84
vomponent	component	0.84
vompromise	compromise	0.84
vomputer	computer	0.84
vonclusion	conclusion	0.84
vondition	condition	0.84
vonfidence	confidence	0.84
vonfirm	confirm	0.84
vonfirmed	confirmed	0.84
vonjunction	conjunction	0.84
vonnection	connection	0.84
vonscious	conscious	0.84
vonsensus	consensus	0.84
vonsider	consider	0.84
vonsistent	consistent	0.84
vonstantly	constantly	0.84
vontain	contain	0.84
vontains	contains	0.84
vontext	context	0.84
vontinuous	continuous	0.84
vontribute	contribute	0.84
vontroversial	controversial	0.84
vonvenience	convenience	0.84
vonvenient	convenient	0.84
vopied	copied	0.84
vopy	copy	0.84
vorollary	corollary	0.84
vorrect	correct	0.84
vorrection	correction	0.84
vorrespond	correspond	0.84
vosible	visible	0.84
vositor	visitor	0.84
vost	cost	0.84
vould	could	0.84
vourse	course	0.84
vraiant	variant	0.87
vreate	create	0.84
vreated	created	0.84
vreator	creator	0.84
vresion	version	0.87
vrey	very	0.87
vrhicle	vehicle	0.84
vriant	variant	0.86
vriticize	criticize	0.84
vrrsion	version	0.84
vrry	very	0.84
vrsion	version	0.86
vry	very	0.86
vscuum	vacuum	0.84
vsible	visible	0.86
vsiible	visible	0.87
vsiitor	visitor	0.87
vsitor	visitor	0.86
vsriant	variant	0.84
vuriosity	curiosity	0.84
vurrently	currently	0.84
vustomer	customer	0.84
vvacuum	vacuum	0.88
vvariant	variant	0.88
vvehicle	vehicle	0.88
vversion	version	0.88
vvery	very	0.88
vvisible	visible	0.88
vvisitor	visitor	0.88
waalk	walk	0.88
waant	want	0.88
waater	water	0.88
waer	water	0.86
waether	weather	0.87
waetr	water	0.87
waht	what	0.87
wak	walk	0.86
wakl	walk	0.87
walkk	walk	0.88
wall	walk	0.84
wallk	walk	0.88
wamt	want	0.84
wanna	want to	0.84
wannt	want	0.88
wantt	want	0.88
wany	want	0.84
wat	what	0.86
wateer	water	0.88
waterr	water	0.88
watet	water	0.84
wather	weather	0.86
watn	want	0.87
watr	water	0.86
watre	water	0.87
watrr	water	0.84
watter	water	0.88
wayer	water	0.84
wdenesday	wednesday	0.87
wdnesday	wednesday	0.86
weaather	weather	0.88
weaher	weather	0.86
weahter	weather	0.87
weatehr	weather	0.87
weater	weather	0.86
weatheer	weather	0.88
weatherr	weather	0.88
weathet	weather	0.84
weathher	weather	0.88
weathr	weather	0.86
weathre	weather	0.87
weathrr	weather	0.84
weatjer	weather	0.84
weatther	weather	0.88
weayher	weather	0.84
weddnesday	wednesday	0.88
wedensday	wednesday	0.87
wedesday	wednesday	0.86
wedmesday	wednesday	0.84
wedneday	wednesday	0.86
wednedday	wednesday	0.84
wednedsay	wednesday	0.87
wedneesday	wednesday	0.88
wednesady	wednesday	0.87
wednesay	wednesday	0.86
wednesdaay	wednesday	0.88
wednesdau	wednesday	0.84
wednesdayy	wednesday	0.88
wednesdday	wednesday	0.88
wednesdsy	wednesday	0.84
wednesdy	wednesday	0.86
wednesdya	wednesday	0.87
wednesfay	wednesday	0.84
wednessday	wednesday	0.88
wednnesday	wednesday	0.88
wednrsday	wednesday	0.84
wednsday	wednesday	0.86
wednseday	wednesday	0.87
weeather	weather	0.88
weednesday	wednesday	0.88
weeek	week	0.88
weeight	weight	0.88
weeird	weird	0.88
weeirdly	weirdly	0.88
weekk	week	0.88
weel	week	0.84
weell	well	0.88
wefnesday	wednesday	0.84
weght	weight	0.86
wegiht	weight	0.87
wehn	when	0.87
wehre	where	0.87
wehreas	whereas	0.87
weid	weird	0.86
weidly	weirdly	0.86
weidr	weird	0.87
weidrly	weirdly	0.87
weigght	weight	0.88
weighht	weight	0.88
weightt	weight	0.88
weighy	weight	0.84
weigjt	weight	0.84
weigt	weight	0.86
weigth	weight	0.87
weihgt	weight	0.87
weihht	weight	0.84
weiht	weight	0.86
weiight	weight	0.88
weiird	weird	0.88
weiirdly	weirdly	0.88
weirdd	weird	0.88
weirddly	weirdly	0.88
weirdlly	weirdly	0.88
weirdlu	weirdly	0.84
weirdlyy	weirdly	0.88
weirdy	weirdly	0.86
weirdyl	weirdly	0.87
weirf	weird	0.84
weirfly	weirdly	0.84
weirldy	weirdly	0.87
weirly	weirdly	0.86
weirrd	weird	0.88
weirrdly	weirdly	0.88
weitd	weird	0.84
weitdly	weirdly	0.84
wek	week	0.86
weke	week	0.87
wel	well	0.86
welll	well	0.88
wen	when	0.86
wendesday	wednesday	0.87
wenesday	wednesday	0.86
wensday	wednesday	0.94
weoght	weight	0.84
weord	weird	0.84
weordly	weirdly	0.84
werd	weird	0.86
werdly	weirdly	0.86
wereas	whereas	0.86
werid	weird	0.87
weridly	weirdly	0.87
werk	week	0.84
westher	weather	0.84
wetaher	weather	0.87
wether	weather	0.86
whaat	what	0.88
whatt	what	0.88
whay	what	0.84
whch	which	0.86
whcih	which	0.94
whee	where	0.86
wheeas	whereas	0.86
wheen	when	0.88
wheer	where	0.87
wheeras	whereas	0.87
wheere	where	0.88
wheereas	whereas	0.88
whem	when	0.84
whenn	when	0.88
wheraes	whereas	0.87
wheras	whereas	0.94
whereaas	whereas	0.88
wheread	whereas	0.84
whereass	whereas	0.88
wheree	where	0.88
whereeas	whereas	0.88
wheres	whereas	0.86
wheresa	whereas	0.87
wheress	whereas	0.84
wherr	where	0.84
wherras	whereas	0.84
wherre	where	0.88
wherreas	whereas	0.88
whete	where	0.84
wheteas	whereas	0.84
whhat	what	0.88
whhen	when	0.88
whhere	where	0.88
whhereas	whereas	0.88
whhich	which	0.88
whhile	while	0.88
whhole	whole	0.88
whicch	which	0.88
whichh	which	0.88
whicj	which	0.84
whie	while	0.86
whiel	while	0.87
whih	which	0.86
whihc	which	0.87
whiich	which	0.88
whiile	while	0.88
whilee	while	0.88
whille	while	0.88
whilr	while	0.84
whivh	which	0.84
whle	while	0.86
whlie	while	0.87
whloe	whole	0.87
whn	when	0.86
whne	when	0.87
whoch	which	0.84
whoe	whole	0.86
whoel	whole	0.87
whole	while	0.84
wholee	whole	0.88
wholle	whole	0.88
wholr	whole	0.84
whoole	whole	0.88
whple	whole	0.84
whre	where	0.86
whreas	whereas	0.86
whree	where	0.87
whreeas	whereas	0.87
whrn	when	0.84
whrre	where	0.84
whrreas	whereas	0.84
whst	what	0.84
wht	what	0.86
whta	what	0.87
wich	which	0.94
widnow	window	0.87
widow	window	0.86
wieght	weight	0.87
wierd	weird	0.96
wierdly	weirdly	0.94
wight	weight	0.86
wih	with	0.86
wihch	which	0.87
wihin	within	0.86
wihle	while	0.87
wiht	with	0.87
wihtin	within	0.87
wiill	will	0.88
wiindow	window	0.88
wiith	with	0.88
wiithin	within	0.88
wil	will	0.86
wile	while	0.86
willl	will	0.94
wimdow	window	0.84
winddow	window	0.88
windoe	window	0.84
windoow	window	0.88
windoww	window	0.88
windpw	window	0.84
windw	window	0.86
windwo	window	0.87
winfow	window	0.84
winndow	window	0.88
winodw	window	0.87
winow	window	0.86
wird	weird	0.86
wirdly	weirdly	0.86
wirte	write	0.87
wirting	writing	0.87
wite	write	0.86
withh	with	0.88
withhin	within	0.88
withiin	within	0.88
withim	within	0.84
withing	within	0.94
withinn	within	0.88
withn	within	0.86
withni	within	0.87
withon	within	0.84
witihn	within	0.87
witin	within	0.86
witing	writing	0.86
witj	with	0.84
witjin	within	0.84
witth	with	0.88
witthin	within	0.88
wiyh	with	0.84
wiyhin	within	0.84
wjat	what	0.84
wjen	when	0.84
wjere	where	0.84
wjereas	whereas	0.84
wjich	which	0.84
wjile	while	0.84
wjole	whole	0.84
wlak	walk	0.87
wlel	well	0.87
wlil	will	0.87
wlk	walk	0.86
wll	will	0.86
wnat	want	0.87
wndow	window	0.86
wnidow	window	0.87
wnt	want	0.86
wod	word	0.86
wodr	word	0.87
wodrs	words	0.87
wods	words	0.86
wohle	whole	0.94
woild	would	0.84
wok	work	0.86
wokr	work	0.87
wold	would	0.86
wole	whole	0.86
woll	will	0.84
wolud	would	0.87
wondow	window	0.84
wong	wrong	0.86
woord	word	0.88
woords	words	0.88
woork	work	0.88
woould	would	0.88
wordd	word	0.88
wordds	words	0.88
wordss	words	0.88
worf	word	0.84
worfs	words	0.84
workk	work	0.88
worl	work	0.84
worng	wrong	0.87
worrd	word	0.88
worrds	words	0.88
worrk	work	0.88
wors	words	0.86
worsd	words	0.87
wotd	word	0.84
wotds	words	0.84
woth	with	0.84
wothin	within	0.84
wotk	work	0.84
woud	would	0.86
woudl	would	0.94
wouldd	would	0.88
woulf	would	0.84
woulld	would	0.88
wouuld	would	0.88
wprd	word	0.84
wprds	words	0.84
wprk	work	0.84
wpuld	would	0.84
wrather	weather	0.84
wrd	word	0.86
wrdnesday	wednesday	0.84
wrds	words	0.86
wrek	week	0.84
wrie	write	0.86
wriet	write	0.87
wright	weight	0.84
wriing	writing	0.86
wriite	write	0.88
wriiting	writing	0.88
wriitng	writing	0.87
wrird	weird	0.84
wrirdly	weirdly	0.84
writee	write	0.88
writig	writing	0.86
writign	writing	0.87
writiing	writing	0.88
writimg	writing	0.84
writingg	writing	0.88
writinh	writing	0.84
writinng	writing	0.88
writng	writing	0.86
writnig	writing	0.87
writong	writing	0.84
writr	write	0.84
writte	write	0.88
writting	writing	0.94
wriye	write	0.84
wriying	writing	0.84
wrk	work	0.86
wrll	well	0.84
wrng	wrong	0.86
wrnog	wrong	0.87
wrod	word	0.87
wrods	words	0.87
wrog	wrong	0.86
wrogn	wrong	0.87
wrok	work	0.87
wromg	wrong	0.84
wrongg	wrong	0.88
wronh	wrong	0.84
wronng	wrong	0.88
wroong	wrong	0.88
wrote	write	0.84
wroting	writing	0.84
wrpng	wrong	0.84
wrrite	write	0.88
wrriting	writing	0.88
wrrong	wrong	0.88
wrte	write	0.86
wrtie	write	0.87
wrtiing	writing	0.87
wrting	writing	0.86
wslk	walk	0.84
wsnt	want	0.84
wster	water	0.84
wtaer	water	0.87
wter	water	0.86
wth	with	0.86
wthin	within	0.86
wtih	with	0.87
wtihin	within	0.87
wtite	write	0.84
wtiting	writing	0.84
wtong	wrong	0.84
wuarter	quarter	0.84
wuestion	question	0.84
wueueing	queueing	0.84
wuick	quick	0.84
wuite	quite	0.84
wuld	would	0.86
wuold	would	0.87
wwalk	walk	0.88
wwant	want	0.88
wwater	water	0.88
wweather	weather	0.88
wwednesday	wednesday	0.88
wweek	week	0.88
wweight	weight	0.88
wweird	weird	0.88
wweirdly	weirdly	0.88
wwell	well	0.88
wwhat	what	0.88
wwhen	when	0.88
wwhere	where	0.88
wwhereas	whereas	0.88
wwhich	which	0.88
wwhile	while	0.88
wwhole	whole	0.88
wwill	will	0.88
wwindow	window	0.88
wwith	with	0.88
wwithin	within	0.88
wword	word	0.88
wwords	words	0.88
wwork	work	0.88
wwould	would	0.88
wwrite	write	0.88
wwriting	writing	0.88
wwrong	wrong	0.88
yaer	year	0.87
yake	take	0.84
yar	year	0.86
yask	task	0.84
yeaar	year	0.88
yeacher	teacher	0.84
yeam	team	0.84
yearr	year	0.88
yeat	year	0.84
yechnical	technical	0.84
yedterday	yesterday	0.84
yeear	year	0.88
yeesterday	yesterday	0.88
yeild	yield	0.94
yeld	yield	0.86
yemperature	temperature	0.84
yendency	tendency	0.84
yer	year	0.86
yera	year	0.87
yeserday	yesterday	0.86
yesetrday	yesterday	0.87
yesr	year	0.84
yessterday	yesterday	0.88
yestarday	yesterday	0.94
yesteday	yesterday	0.86
yestedray	yesterday	0.87
yesteerday	yesterday	0.88
yesterady	yesterday	0.87
yesteray	yesterday	0.86
yesterdaay	yesterday	0.88
yesterdau	yesterday	0.84
yesterdayy	yesterday	0.88
yesterdday	yesterday	0.88
yesterdsy	yesterday	0.84
yesterdy	yesterday	0.86
yesterdya	yesterday	0.87
yesterfay	yesterday	0.84
yesterrday	yesterday	0.88
yestetday	yesterday	0.84
yestrday	yesterday	0.86
yestreday	yesterday	0.87
yestrrday	yesterday	0.84
yestterday	yesterday	0.88
yesyerday	yesterday	0.84
yeterday	yesterday	0.86
yetserday	yesterday	0.87
yhan	than	0.84
yhank	thank	0.84
yhanks	thanks	0.84
yhat	that	0.84
yheir	their	0.84
yhem	them	0.84
yhen	then	0.84
yhere	there	0.84
yhese	these	0.84
yhey	they	0.84
yhink	think	0.84
yhis	this	0.84
yhought	thought	0.84
yhrough	through	0.84
yied	yield	0.86
yiedl	yield	0.87
yieeld	yield	0.88
yieldd	yield	0.88
yielf	yield	0.84
yielld	yield	0.88
yiield	yield	0.88
yild	yield	0.86
yiled	yield	0.87
yime	time	0.84
yirld	yield	0.84
yoday	today	0.84
yoeld	yield	0.84
yoir	your	0.84
yoiu	you	0.94
yomorrow	tomorrow	0.84
yoour	your	0.88
yor	your	0.86
yoru	your	0.87
yourr	your	0.88
yout	your	0.84
youur	your	0.88
ypur	your	0.84
yragedy	tragedy	0.84
yrain	train	0.84
yrar	year	0.84
yravel	travel	0.84
yrsterday	yesterday	0.84
yruly	truly	0.84
yseterday	yesterday	0.87
ysterday	yesterday	0.86
yuesday	tuesday	0.84
yuor	your	0.87
yur	your	0.86
yyear	year	0.88
yyesterday	yesterday	0.88
yyield	yield	0.88
yyour	your	0.88
